{"type":"FeatureCollection","features":[{"type":"Feature","properties":{"featurecla":"Land","source":"Natural Earth 10m (public domain)","note":"지중해 bbox 클립 + 3자리 반올림. 재배포 가능(PD)."},"geometry":{"type":"MultiPolygon","coordinates":[[[[-9.889,30.648],[-9.874,30.634],[-9.851,30.63],[-9.83,30.629],[-9.758,30.587],[-9.74,30.56],[-9.731,30.552],[-9.72,30.549],[-9.708,30.548],[-9.7,30.543],[-9.692,30.51],[-9.666,30.459],[-9.655,30.442],[-9.638,30.427],[-9.623,30.417],[-9.612,30.404],[-9.607,30.378],[-9.61,30.358],[-9.628,30.291],[-9.645,30.164],[-9.655,30.127],[-9.716,30],[30,30],[30,31.283],[29.983,31.263],[29.97,31.258],[29.956,31.25],[29.91,31.214],[29.898,31.203],[29.891,31.203],[29.885,31.214],[29.877,31.214],[29.869,31.206],[29.864,31.196],[29.872,31.2],[29.876,31.201],[29.885,31.19],[29.838,31.154],[29.809,31.142],[29.782,31.148],[29.766,31.122],[29.619,31.029],[29.611,31.022],[29.604,31.012],[29.598,31.01],[29.556,30.991],[29.503,30.957],[29.356,30.895],[29.219,30.838],[29.189,30.833],[29.028,30.827],[28.854,30.906],[28.836,30.911],[28.829,30.915],[28.825,30.924],[28.818,30.951],[28.812,30.957],[28.788,30.96],[28.768,30.967],[28.733,30.984],[28.555,31.039],[28.538,31.047],[28.528,31.05],[28.514,31.052],[28.479,31.052],[28.47,31.056],[28.458,31.067],[28.442,31.076],[28.424,31.083],[28.405,31.086],[28.382,31.083],[28.339,31.064],[28.318,31.06],[28.299,31.062],[28.256,31.071],[28.234,31.073],[28.204,31.071],[28.191,31.073],[28.183,31.078],[28.175,31.085],[28.166,31.091],[28.155,31.093],[27.975,31.093],[27.927,31.099],[27.897,31.114],[27.894,31.123],[27.89,31.155],[27.873,31.192],[27.87,31.2],[27.869,31.219],[27.863,31.234],[27.853,31.24],[27.836,31.238],[27.719,31.189],[27.66,31.18],[27.61,31.203],[27.588,31.193],[27.565,31.197],[27.541,31.206],[27.478,31.214],[27.446,31.223],[27.417,31.237],[27.394,31.255],[27.383,31.269],[27.374,31.298],[27.366,31.31],[27.364,31.315],[27.362,31.331],[27.359,31.333],[27.354,31.336],[27.35,31.341],[27.342,31.354],[27.34,31.361],[27.342,31.365],[27.342,31.368],[27.335,31.375],[27.327,31.379],[27.321,31.381],[27.258,31.38],[27.246,31.381],[27.242,31.377],[27.232,31.372],[27.226,31.368],[27.21,31.378],[27.185,31.384],[27.117,31.39],[27.054,31.409],[27.027,31.422],[27.016,31.424],[27.007,31.425],[26.996,31.429],[26.983,31.44],[26.966,31.45],[26.948,31.448],[26.912,31.437],[26.866,31.437],[26.825,31.448],[26.753,31.477],[26.733,31.479],[26.683,31.476],[26.667,31.481],[26.651,31.489],[26.362,31.522],[25.967,31.617],[25.869,31.621],[25.824,31.615],[25.636,31.561],[25.474,31.52],[25.445,31.518],[25.42,31.512],[25.402,31.503],[25.39,31.505],[25.378,31.51],[25.369,31.512],[25.323,31.506],[25.302,31.507],[25.263,31.524],[25.213,31.526],[25.191,31.531],[25.173,31.552],[25.162,31.584],[25.149,31.649],[25.151,31.656],[25.153,31.66],[25.156,31.663],[25.137,31.693],[25.122,31.721],[25.117,31.738],[25.064,31.804],[25.03,31.837],[25.022,31.855],[25.024,31.877],[25.033,31.916],[25.018,31.949],[24.982,31.968],[24.865,31.989],[24.824,32.003],[24.792,32.008],[24.772,32.017],[24.758,32.02],[24.746,32.026],[24.742,32.029],[24.734,32.033],[24.726,32.031],[24.719,32.028],[24.711,32.026],[24.67,32.032],[24.659,32.029],[24.636,32.015],[24.546,31.991],[24.281,32.008],[24.091,32.006],[24.068,32.011],[24.005,32.053],[23.979,32.062],[23.971,32.067],[23.975,32.074],[23.999,32.094],[23.84,32.149],[23.67,32.183],[23.531,32.181],[23.405,32.191],[23.399,32.194],[23.371,32.214],[23.362,32.217],[23.318,32.218],[23.299,32.224],[23.31,32.179],[23.312,32.163],[23.303,32.171],[23.293,32.192],[23.285,32.204],[23.273,32.21],[23.257,32.214],[23.244,32.221],[23.231,32.251],[23.215,32.272],[23.195,32.292],[23.179,32.3],[23.157,32.304],[23.096,32.324],[23.081,32.334],[23.079,32.354],[23.094,32.436],[23.103,32.428],[23.11,32.42],[23.112,32.412],[23.109,32.402],[23.128,32.395],[23.141,32.459],[23.149,32.478],[23.129,32.488],[23.113,32.501],[23.104,32.516],[23.094,32.577],[23.098,32.587],[23.115,32.605],[23.121,32.615],[23.119,32.629],[23.106,32.64],[23.086,32.646],[23.041,32.653],[23,32.671],[22.977,32.677],[22.943,32.675],[22.929,32.677],[22.896,32.688],[22.885,32.69],[22.867,32.694],[22.813,32.725],[22.579,32.785],[22.532,32.788],[22.514,32.791],[22.497,32.797],[22.477,32.807],[22.379,32.87],[22.34,32.882],[22.247,32.881],[22.207,32.888],[22.175,32.916],[22.171,32.926],[22.171,32.933],[22.169,32.938],[22.161,32.944],[22.15,32.948],[22.139,32.948],[22.117,32.944],[22.112,32.941],[22.101,32.926],[22.096,32.923],[21.877,32.903],[21.836,32.907],[21.787,32.916],[21.744,32.931],[21.716,32.95],[21.672,32.94],[21.623,32.937],[21.609,32.931],[21.455,32.813],[21.415,32.793],[21.332,32.775],[21.287,32.771],[21.097,32.781],[21.051,32.772],[20.934,32.723],[20.797,32.643],[20.563,32.558],[20.417,32.459],[20.403,32.447],[20.386,32.435],[20.346,32.42],[20.325,32.41],[20.277,32.361],[20.262,32.34],[20.072,32.176],[20.048,32.146],[19.957,31.983],[19.945,31.968],[19.94,31.958],[19.942,31.947],[19.946,31.936],[19.948,31.926],[19.934,31.888],[19.92,31.805],[19.917,31.759],[19.921,31.718],[19.927,31.699],[19.944,31.661],[19.948,31.645],[19.949,31.601],[19.955,31.559],[20.022,31.397],[20.038,31.376],[20.082,31.337],[20.103,31.309],[20.128,31.243],[20.147,31.217],[20.152,31.088],[20.147,31.046],[20.1,30.935],[20.036,30.819],[20.019,30.804],[19.982,30.779],[19.958,30.75],[19.914,30.683],[19.749,30.511],[19.616,30.421],[19.596,30.412],[19.551,30.405],[19.531,30.397],[19.419,30.333],[19.339,30.299],[19.292,30.287],[19.24,30.274],[19.146,30.265],[19.057,30.266],[18.968,30.278],[18.926,30.293],[18.781,30.376],[18.761,30.384],[18.719,30.392],[18.653,30.422],[18.623,30.446],[18.568,30.5],[18.324,30.657],[18.236,30.747],[18.208,30.769],[18.175,30.786],[18.017,30.838],[17.927,30.855],[17.907,30.864],[17.889,30.878],[17.862,30.914],[17.849,30.924],[17.776,30.935],[17.692,30.96],[17.614,30.992],[17.467,31.03],[17.458,31.033],[17.447,31.039],[17.419,31.062],[17.382,31.079],[17.375,31.083],[17.366,31.087],[17.331,31.086],[17.16,31.119],[16.942,31.183],[16.728,31.224],[16.359,31.227],[16.045,31.276],[15.761,31.388],[15.688,31.438],[15.623,31.497],[15.514,31.628],[15.49,31.665],[15.37,31.929],[15.361,31.965],[15.355,32.039],[15.357,32.062],[15.36,32.102],[15.369,32.138],[15.37,32.159],[15.365,32.175],[15.323,32.224],[15.301,32.261],[15.292,32.281],[15.283,32.317],[15.27,32.329],[15.233,32.347],[15.196,32.39],[15.182,32.395],[15.16,32.399],[15.115,32.413],[14.911,32.444],[14.727,32.451],[14.707,32.456],[14.663,32.477],[14.648,32.488],[14.632,32.496],[14.469,32.519],[14.449,32.525],[14.404,32.567],[14.317,32.63],[14.262,32.66],[14.226,32.691],[14.209,32.697],[14.203,32.7],[14.185,32.715],[14.176,32.718],[13.991,32.745],[13.915,32.773],[13.83,32.794],[13.787,32.8],[13.617,32.793],[13.571,32.803],[13.374,32.892],[13.363,32.9],[13.352,32.904],[13.257,32.919],[13.188,32.916],[13.165,32.913],[13.148,32.904],[13.115,32.882],[13.074,32.866],[12.824,32.804],[12.73,32.799],[12.348,32.833],[12.304,32.843],[12.225,32.876],[12.161,32.912],[12.122,32.921],[12.081,32.958],[11.847,33.083],[11.739,33.113],[11.691,33.136],[11.708,33.117],[11.773,33.099],[11.793,33.081],[11.757,33.093],[11.636,33.109],[11.603,33.121],[11.588,33.132],[11.575,33.158],[11.56,33.166],[11.526,33.177],[11.505,33.181],[11.505,33.181],[11.498,33.183],[11.442,33.205],[11.352,33.259],[11.367,33.245],[11.381,33.231],[11.393,33.224],[11.411,33.219],[11.428,33.207],[11.433,33.194],[11.417,33.184],[11.372,33.184],[11.288,33.21],[11.245,33.218],[11.202,33.211],[11.18,33.211],[11.17,33.221],[11.163,33.243],[11.148,33.257],[11.132,33.268],[11.122,33.28],[11.134,33.311],[11.182,33.307],[11.28,33.28],[11.284,33.281],[11.287,33.282],[11.294,33.287],[11.269,33.294],[11.218,33.316],[11.194,33.321],[11.171,33.332],[11.151,33.354],[11.131,33.372],[11.102,33.364],[11.111,33.393],[11.09,33.454],[11.117,33.49],[11.112,33.54],[11.108,33.55],[11.074,33.594],[11.06,33.608],[11.043,33.618],[11.001,33.634],[10.985,33.643],[10.978,33.643],[10.971,33.632],[10.961,33.628],[10.948,33.629],[10.936,33.636],[10.907,33.616],[10.909,33.608],[10.926,33.591],[10.933,33.574],[10.925,33.555],[10.909,33.54],[10.892,33.533],[10.856,33.524],[10.781,33.486],[10.738,33.478],[10.717,33.484],[10.704,33.496],[10.68,33.53],[10.674,33.546],[10.679,33.563],[10.691,33.576],[10.708,33.582],[10.737,33.603],[10.74,33.672],[10.717,33.707],[10.698,33.703],[10.634,33.674],[10.558,33.656],[10.489,33.647],[10.46,33.653],[10.446,33.655],[10.368,33.684],[10.33,33.703],[10.187,33.822],[10.173,33.828],[10.163,33.836],[10.071,33.946],[10.049,33.983],[10.039,34.016],[10.036,34.034],[10.021,34.073],[10.018,34.092],[10.018,34.133],[10.015,34.153],[10.005,34.171],[10.01,34.173],[10.01,34.173],[10.019,34.181],[10.033,34.185],[10.054,34.213],[10.09,34.273],[10.102,34.304],[10.127,34.326],[10.167,34.339],[10.187,34.352],[10.234,34.369],[10.247,34.372],[10.257,34.379],[10.278,34.403],[10.282,34.409],[10.288,34.414],[10.3,34.418],[10.311,34.417],[10.32,34.413],[10.33,34.413],[10.379,34.423],[10.432,34.496],[10.466,34.512],[10.559,34.523],[10.582,34.533],[10.597,34.545],[10.599,34.562],[10.606,34.574],[10.607,34.593],[10.615,34.604],[10.62,34.616],[10.621,34.626],[10.625,34.633],[10.634,34.638],[10.701,34.656],[10.717,34.665],[10.735,34.681],[10.744,34.699],[10.763,34.713],[10.779,34.74],[10.811,34.769],[10.835,34.783],[10.871,34.797],[10.867,34.811],[10.856,34.831],[10.86,34.837],[10.867,34.841],[10.875,34.849],[10.916,34.874],[10.917,34.913],[10.925,34.934],[10.918,34.957],[10.946,34.984],[10.984,34.999],[11.018,35.034],[11.022,35.065],[11.016,35.093],[11.035,35.107],[11.049,35.131],[11.063,35.154],[11.092,35.174],[11.112,35.206],[11.131,35.218],[11.159,35.219],[11.161,35.238],[11.147,35.244],[11.122,35.254],[11.101,35.267],[11.066,35.303],[11.042,35.334],[11.037,35.371],[11.049,35.391],[11.046,35.435],[11.051,35.46],[11.058,35.487],[11.085,35.507],[11.039,35.519],[11.024,35.534],[11.015,35.555],[11.014,35.563],[11.012,35.579],[11.017,35.602],[11.055,35.614],[11.041,35.638],[11.012,35.658],[10.972,35.654],[10.882,35.683],[10.841,35.699],[10.83,35.713],[10.825,35.733],[10.83,35.753],[10.841,35.767],[10.823,35.78],[10.814,35.785],[10.804,35.787],[10.744,35.77],[10.713,35.779],[10.694,35.788],[10.691,35.79],[10.622,35.843],[10.609,35.856],[10.582,35.922],[10.57,35.932],[10.556,35.938],[10.541,35.953],[10.519,35.98],[10.515,35.989],[10.509,36.011],[10.505,36.021],[10.5,36.027],[10.492,36.045],[10.48,36.079],[10.475,36.112],[10.477,36.166],[10.479,36.217],[10.491,36.258],[10.505,36.299],[10.519,36.337],[10.551,36.377],[10.586,36.398],[10.62,36.39],[10.717,36.435],[10.8,36.452],[10.826,36.48],[10.88,36.588],[10.95,36.694],[10.993,36.744],[11.022,36.788],[11.077,36.825],[11.117,36.838],[11.131,36.854],[11.136,36.871],[11.124,36.886],[11.118,36.891],[11.113,36.894],[11.106,36.902],[11.099,36.911],[11.094,36.918],[11.092,36.928],[11.09,36.95],[11.088,36.959],[11.081,36.969],[11.064,36.99],[11.06,36.997],[11.058,37.006],[11.048,37.02],[11.046,37.031],[11.049,37.042],[11.059,37.054],[11.06,37.062],[11.051,37.08],[11.033,37.087],[11.013,37.085],[10.974,37.061],[10.924,37.057],[10.902,37.049],[10.893,37.039],[10.895,37.032],[10.898,37.025],[10.896,37.014],[10.888,37.006],[10.83,36.968],[10.827,36.963],[10.823,36.954],[10.814,36.95],[10.783,36.924],[10.733,36.896],[10.695,36.883],[10.653,36.877],[10.606,36.88],[10.585,36.876],[10.567,36.863],[10.553,36.823],[10.546,36.8],[10.538,36.772],[10.519,36.756],[10.488,36.75],[10.437,36.729],[10.417,36.73],[10.403,36.727],[10.355,36.731],[10.32,36.749],[10.294,36.778],[10.272,36.816],[10.257,36.794],[10.254,36.791],[10.247,36.786],[10.234,36.792],[10.203,36.793],[10.188,36.798],[10.194,36.812],[10.211,36.832],[10.22,36.838],[10.253,36.846],[10.27,36.848],[10.28,36.844],[10.272,36.829],[10.285,36.82],[10.299,36.822],[10.309,36.83],[10.319,36.85],[10.342,36.869],[10.347,36.88],[10.337,36.892],[10.314,36.918],[10.303,36.924],[10.266,36.939],[10.22,36.977],[10.182,37.027],[10.174,37.076],[10.218,37.11],[10.224,37.096],[10.23,37.108],[10.227,37.118],[10.218,37.129],[10.211,37.138],[10.192,37.133],[10.162,37.134],[10.135,37.142],[10.128,37.159],[10.146,37.171],[10.178,37.178],[10.206,37.175],[10.211,37.159],[10.225,37.167],[10.24,37.172],[10.272,37.179],[10.253,37.191],[10.179,37.213],[10.146,37.237],[10.076,37.245],[10.06,37.265],[10.051,37.267],[9.998,37.247],[9.98,37.246],[9.882,37.264],[9.867,37.262],[9.864,37.259],[9.86,37.254],[9.854,37.249],[9.844,37.247],[9.82,37.234],[9.82,37.228],[9.831,37.228],[9.852,37.233],[9.861,37.234],[9.925,37.213],[9.925,37.197],[9.914,37.178],[9.902,37.165],[9.88,37.15],[9.86,37.147],[9.816,37.152],[9.808,37.155],[9.802,37.169],[9.796,37.172],[9.791,37.178],[9.775,37.206],[9.772,37.213],[9.793,37.238],[9.831,37.251],[9.862,37.271],[9.861,37.316],[9.859,37.326],[9.859,37.329],[9.773,37.331],[9.763,37.334],[9.755,37.34],[9.745,37.345],[9.732,37.343],[9.71,37.336],[9.666,37.335],[9.649,37.332],[9.628,37.323],[9.591,37.303],[9.573,37.3],[9.553,37.31],[9.539,37.298],[9.517,37.287],[9.494,37.278],[9.465,37.272],[9.454,37.268],[9.443,37.267],[9.433,37.271],[9.419,37.276],[9.405,37.269],[9.381,37.247],[9.343,37.235],[9.211,37.234],[9.192,37.226],[9.171,37.199],[9.159,37.193],[9.079,37.167],[9.049,37.157],[9.039,37.152],[9.011,37.128],[9.001,37.124],[8.988,37.117],[8.957,37.069],[8.926,37.039],[8.904,37.022],[8.896,37.019],[8.866,37.008],[8.824,36.979],[8.802,36.973],[8.717,36.973],[8.692,36.969],[8.621,36.946],[8.603,36.94],[8.602,36.939],[8.498,36.904],[8.463,36.902],[8.429,36.904],[8.414,36.91],[8.402,36.919],[8.389,36.923],[8.374,36.918],[8.356,36.926],[8.333,36.928],[8.288,36.926],[8.269,36.934],[8.251,36.949],[8.233,36.958],[8.093,36.902],[8.073,36.887],[8.05,36.878],[7.908,36.85],[7.866,36.854],[7.81,36.868],[7.774,36.89],[7.773,36.89],[7.791,36.918],[7.774,36.931],[7.779,36.951],[7.791,36.973],[7.799,36.994],[7.789,36.987],[7.771,36.97],[7.761,36.967],[7.713,36.963],[7.705,36.971],[7.696,36.977],[7.686,36.982],[7.674,36.987],[7.662,36.988],[7.652,36.986],[7.643,36.983],[7.634,36.981],[7.589,36.988],[7.556,37.008],[7.526,37.033],[7.49,37.055],[7.472,37.05],[7.456,37.042],[7.447,37.047],[7.438,37.049],[7.418,37.049],[7.405,37.052],[7.398,37.058],[7.394,37.069],[7.387,37.078],[7.386,37.082],[7.383,37.083],[7.37,37.083],[7.344,37.071],[7.336,37.069],[7.326,37.071],[7.307,37.08],[7.298,37.083],[7.293,37.083],[7.288,37.08],[7.281,37.073],[7.275,37.069],[7.271,37.071],[7.266,37.075],[7.263,37.076],[7.261,37.077],[7.251,37.079],[7.233,37.087],[7.223,37.09],[7.212,37.089],[7.193,37.084],[7.182,37.083],[7.182,37.077],[7.211,37.057],[7.25,37.023],[7.256,37.015],[7.257,37.004],[7.254,36.995],[7.247,36.982],[7.239,36.972],[7.233,36.967],[7.219,36.961],[7.176,36.932],[7.167,36.922],[7.157,36.915],[7.133,36.915],[7.108,36.92],[7.092,36.926],[7.064,36.913],[6.976,36.891],[6.949,36.89],[6.909,36.893],[6.88,36.902],[6.88,36.918],[6.87,36.929],[6.853,36.94],[6.835,36.949],[6.822,36.953],[6.671,36.959],[6.651,36.964],[6.632,36.972],[6.614,36.978],[6.599,36.973],[6.583,36.99],[6.573,37.028],[6.561,37.035],[6.552,37.037],[6.547,37.041],[6.545,37.049],[6.544,37.059],[6.539,37.06],[6.503,37.083],[6.462,37.094],[6.416,37.093],[6.372,37.083],[6.339,37.069],[6.329,37.062],[6.315,37.049],[6.274,37.024],[6.267,37.018],[6.254,36.999],[6.255,36.983],[6.259,36.967],[6.257,36.946],[6.236,36.921],[6.197,36.902],[6.037,36.854],[5.869,36.823],[5.828,36.822],[5.759,36.833],[5.734,36.832],[5.71,36.826],[5.675,36.8],[5.656,36.792],[5.612,36.781],[5.594,36.774],[5.576,36.761],[5.563,36.746],[5.549,36.71],[5.529,36.698],[5.489,36.685],[5.482,36.68],[5.47,36.668],[5.465,36.665],[5.434,36.665],[5.428,36.664],[5.372,36.651],[5.304,36.643],[5.269,36.644],[5.236,36.651],[5.118,36.699],[5.09,36.717],[5.085,36.733],[5.105,36.781],[5.086,36.781],[5.066,36.784],[5.046,36.789],[5.029,36.795],[5.025,36.799],[5.016,36.811],[5.009,36.816],[5,36.817],[4.986,36.817],[4.974,36.819],[4.968,36.826],[4.95,36.84],[4.787,36.895],[4.769,36.898],[4.698,36.891],[4.623,36.896],[4.591,36.895],[4.582,36.895],[4.551,36.884],[4.536,36.889],[4.504,36.889],[4.492,36.895],[4.482,36.9],[4.468,36.906],[4.453,36.91],[4.441,36.912],[4.32,36.898],[4.306,36.9],[4.279,36.91],[4.262,36.912],[4.249,36.908],[4.223,36.894],[4.21,36.891],[4.197,36.893],[4.172,36.902],[4.16,36.904],[4.146,36.902],[4.105,36.884],[4.085,36.892],[4.039,36.897],[4.031,36.898],[3.996,36.897],[3.975,36.892],[3.964,36.891],[3.948,36.893],[3.913,36.912],[3.874,36.917],[3.827,36.913],[3.742,36.891],[3.709,36.873],[3.65,36.824],[3.612,36.809],[3.602,36.808],[3.58,36.81],[3.571,36.809],[3.564,36.804],[3.558,36.798],[3.55,36.791],[3.54,36.789],[3.519,36.787],[3.48,36.777],[3.461,36.775],[3.341,36.781],[3.303,36.789],[3.238,36.813],[3.227,36.812],[3.226,36.786],[3.221,36.771],[3.21,36.757],[3.179,36.743],[3.173,36.743],[3.14,36.742],[3.102,36.752],[3.074,36.771],[3.048,36.795],[3.014,36.812],[2.985,36.815],[2.977,36.816],[2.933,36.809],[2.876,36.775],[2.85,36.754],[2.844,36.74],[2.819,36.711],[2.793,36.693],[2.728,36.665],[2.633,36.605],[2.601,36.596],[2.457,36.59],[2.447,36.591],[2.427,36.595],[2.416,36.596],[2.404,36.599],[2.4,36.606],[2.398,36.615],[2.392,36.624],[2.373,36.634],[2.352,36.638],[2.33,36.637],[2.31,36.631],[2.06,36.57],[1.973,36.562],[1.96,36.562],[1.914,36.57],[1.858,36.567],[1.803,36.555],[1.792,36.555],[1.77,36.56],[1.761,36.562],[1.75,36.559],[1.727,36.55],[1.717,36.548],[1.701,36.547],[1.517,36.539],[1.476,36.529],[1.453,36.528],[1.43,36.532],[1.386,36.545],[1.368,36.548],[1.347,36.545],[1.288,36.521],[1.265,36.515],[1.245,36.514],[1.203,36.514],[1.179,36.511],[1.139,36.493],[1.117,36.487],[1.045,36.487],[1.007,36.467],[0.963,36.458],[0.946,36.452],[0.936,36.444],[0.932,36.435],[0.93,36.426],[0.925,36.418],[0.914,36.409],[0.891,36.396],[0.881,36.387],[0.865,36.377],[0.802,36.364],[0.769,36.345],[0.753,36.339],[0.74,36.338],[0.663,36.333],[0.644,36.329],[0.627,36.319],[0.612,36.305],[0.595,36.293],[0.557,36.284],[0.483,36.244],[0.468,36.232],[0.451,36.223],[0.428,36.22],[0.384,36.218],[0.36,36.214],[0.342,36.206],[0.338,36.197],[0.333,36.174],[0.329,36.165],[0.321,36.159],[0.299,36.147],[0.294,36.141],[0.283,36.134],[0.219,36.117],[0.202,36.107],[0.154,36.065],[0.146,36.06],[0.136,36.056],[0.127,36.051],[0.124,36.045],[0.122,36.033],[0.114,36.01],[0.08,35.947],[0.07,35.922],[0.035,35.863],[0.003,35.838],[0,35.836],[-0.038,35.813],[-0.083,35.794],[-0.114,35.789],[-0.124,35.787],[-0.145,35.79],[-0.188,35.805],[-0.259,35.818],[-0.286,35.828],[-0.302,35.843],[-0.305,35.854],[-0.298,35.867],[-0.302,35.878],[-0.309,35.881],[-0.321,35.884],[-0.331,35.89],[-0.336,35.901],[-0.349,35.907],[-0.376,35.9],[-0.418,35.884],[-0.428,35.883],[-0.449,35.884],[-0.459,35.884],[-0.463,35.885],[-0.468,35.889],[-0.474,35.891],[-0.479,35.89],[-0.481,35.886],[-0.48,35.879],[-0.478,35.873],[-0.476,35.87],[-0.477,35.859],[-0.523,35.78],[-0.53,35.773],[-0.541,35.768],[-0.551,35.769],[-0.565,35.772],[-0.577,35.771],[-0.589,35.742],[-0.606,35.731],[-0.626,35.723],[-0.645,35.719],[-0.683,35.717],[-0.692,35.719],[-0.701,35.727],[-0.706,35.736],[-0.711,35.743],[-0.723,35.746],[-0.734,35.747],[-0.754,35.752],[-0.764,35.753],[-0.777,35.756],[-0.786,35.763],[-0.794,35.77],[-0.802,35.774],[-0.825,35.769],[-0.849,35.734],[-0.888,35.716],[-0.899,35.712],[-0.905,35.716],[-0.91,35.724],[-0.923,35.725],[-0.946,35.719],[-0.962,35.711],[-0.978,35.7],[-0.997,35.69],[-1.033,35.683],[-1.04,35.676],[-1.052,35.661],[-1.083,35.637],[-1.106,35.623],[-1.117,35.617],[-1.143,35.587],[-1.148,35.582],[-1.172,35.581],[-1.183,35.576],[-1.19,35.566],[-1.225,35.491],[-1.237,35.476],[-1.247,35.458],[-1.259,35.41],[-1.268,35.39],[-1.279,35.378],[-1.295,35.365],[-1.314,35.354],[-1.333,35.349],[-1.359,35.322],[-1.364,35.318],[-1.37,35.316],[-1.396,35.309],[-1.491,35.301],[-1.51,35.295],[-1.63,35.212],[-1.638,35.195],[-1.649,35.188],[-1.713,35.171],[-1.746,35.139],[-1.761,35.13],[-1.774,35.127],[-1.804,35.128],[-1.813,35.127],[-1.839,35.111],[-1.932,35.089],[-1.95,35.077],[-1.956,35.075],[-1.965,35.076],[-1.988,35.082],[-2.052,35.075],[-2.086,35.082],[-2.122,35.095],[-2.157,35.101],[-2.186,35.089],[-2.189,35.093],[-2.193,35.094],[-2.196,35.095],[-2.2,35.096],[-2.223,35.089],[-2.249,35.097],[-2.275,35.11],[-2.299,35.116],[-2.321,35.119],[-2.417,35.149],[-2.437,35.145],[-2.456,35.132],[-2.477,35.113],[-2.493,35.104],[-2.517,35.099],[-2.563,35.096],[-2.667,35.108],[-2.718,35.123],[-2.761,35.143],[-2.809,35.184],[-2.816,35.195],[-2.865,35.238],[-2.878,35.246],[-2.883,35.239],[-2.868,35.217],[-2.792,35.145],[-2.748,35.116],[-2.821,35.122],[-2.856,35.131],[-2.882,35.147],[-2.896,35.162],[-2.905,35.174],[-2.91,35.187],[-2.913,35.219],[-2.912,35.236],[-2.908,35.251],[-2.899,35.26],[-2.913,35.277],[-2.913,35.277],[-2.922,35.288],[-2.948,35.33],[-2.948,35.33],[-2.95,35.335],[-2.963,35.373],[-2.953,35.404],[-2.958,35.416],[-2.952,35.433],[-2.957,35.441],[-2.969,35.446],[-2.978,35.443],[-2.983,35.435],[-2.981,35.425],[-3.006,35.394],[-3.045,35.314],[-3.077,35.288],[-3.09,35.286],[-3.1,35.29],[-3.11,35.294],[-3.118,35.294],[-3.129,35.289],[-3.174,35.249],[-3.195,35.238],[-3.319,35.202],[-3.362,35.195],[-3.413,35.198],[-3.423,35.201],[-3.443,35.209],[-3.454,35.212],[-3.465,35.212],[-3.477,35.211],[-3.489,35.211],[-3.516,35.224],[-3.591,35.233],[-3.612,35.245],[-3.654,35.277],[-3.674,35.288],[-3.7,35.291],[-3.726,35.282],[-3.747,35.264],[-3.756,35.236],[-3.765,35.218],[-3.787,35.209],[-3.822,35.207],[-3.841,35.205],[-3.869,35.207],[-3.889,35.208],[-3.904,35.214],[-3.918,35.231],[-3.925,35.238],[-3.93,35.244],[-3.925,35.248],[-3.913,35.251],[-3.909,35.255],[-3.919,35.267],[-3.961,35.25],[-4.047,35.236],[-4.131,35.205],[-4.269,35.185],[-4.327,35.155],[-4.348,35.15],[-4.376,35.152],[-4.494,35.181],[-4.495,35.181],[-4.628,35.205],[-4.77,35.241],[-4.811,35.26],[-4.865,35.302],[-4.909,35.315],[-4.927,35.33],[-4.955,35.362],[-4.989,35.388],[-5.008,35.399],[-5.026,35.404],[-5.051,35.408],[-5.066,35.417],[-5.151,35.516],[-5.186,35.544],[-5.228,35.569],[-5.249,35.585],[-5.26,35.605],[-5.277,35.658],[-5.277,35.664],[-5.275,35.679],[-5.277,35.685],[-5.282,35.687],[-5.299,35.684],[-5.305,35.685],[-5.313,35.692],[-5.319,35.702],[-5.323,35.714],[-5.327,35.756],[-5.342,35.808],[-5.346,35.833],[-5.341,35.847],[-5.341,35.847],[-5.336,35.862],[-5.292,35.891],[-5.283,35.912],[-5.309,35.901],[-5.327,35.904],[-5.344,35.915],[-5.366,35.925],[-5.385,35.926],[-5.399,35.925],[-5.399,35.924],[-5.405,35.927],[-5.408,35.925],[-5.41,35.917],[-5.414,35.909],[-5.423,35.909],[-5.435,35.914],[-5.44,35.918],[-5.448,35.919],[-5.469,35.91],[-5.487,35.897],[-5.523,35.863],[-5.54,35.851],[-5.599,35.822],[-5.616,35.832],[-5.64,35.836],[-5.663,35.836],[-5.681,35.829],[-5.694,35.834],[-5.712,35.831],[-5.73,35.823],[-5.742,35.815],[-5.769,35.793],[-5.781,35.791],[-5.873,35.802],[-5.908,35.797],[-5.927,35.781],[-5.936,35.766],[-5.943,35.742],[-5.949,35.695],[-5.952,35.685],[-5.965,35.67],[-5.968,35.661],[-5.97,35.653],[-5.991,35.599],[-6.012,35.559],[-6.017,35.545],[-6.019,35.52],[-6.024,35.501],[-6.205,35.125],[-6.292,34.881],[-6.508,34.505],[-6.531,34.474],[-6.548,34.435],[-6.558,34.418],[-6.668,34.281],[-6.734,34.163],[-6.822,34.04],[-6.927,33.944],[-7.032,33.874],[-7.068,33.864],[-7.099,33.84],[-7.117,33.835],[-7.117,33.835],[-7.153,33.83],[-7.193,33.818],[-7.229,33.801],[-7.267,33.772],[-7.341,33.731],[-7.353,33.725],[-7.374,33.719],[-7.394,33.725],[-7.387,33.732],[-7.406,33.727],[-7.434,33.698],[-7.463,33.687],[-7.497,33.65],[-7.51,33.642],[-7.529,33.633],[-7.55,33.626],[-7.579,33.621],[-7.597,33.612],[-7.606,33.608],[-7.617,33.609],[-7.627,33.613],[-7.636,33.615],[-7.648,33.608],[-7.668,33.613],[-7.684,33.6],[-7.701,33.583],[-7.719,33.574],[-7.738,33.571],[-7.778,33.553],[-7.845,33.536],[-7.87,33.527],[-7.891,33.503],[-7.916,33.495],[-7.963,33.485],[-8.012,33.466],[-8.107,33.431],[-8.243,33.405],[-8.285,33.39],[-8.32,33.365],[-8.379,33.305],[-8.415,33.28],[-8.452,33.264],[-8.47,33.261],[-8.494,33.26],[-8.503,33.262],[-8.513,33.27],[-8.521,33.273],[-8.529,33.269],[-8.612,33.186],[-8.621,33.174],[-8.62,33.152],[-8.621,33.139],[-8.629,33.128],[-8.755,33.011],[-8.868,32.882],[-8.902,32.855],[-8.999,32.797],[-9.112,32.683],[-9.26,32.577],[-9.279,32.546],[-9.278,32.53],[-9.272,32.513],[-9.264,32.498],[-9.255,32.488],[-9.247,32.472],[-9.249,32.453],[-9.256,32.433],[-9.283,32.388],[-9.29,32.372],[-9.292,32.351],[-9.288,32.343],[-9.269,32.336],[-9.265,32.331],[-9.27,32.227],[-9.278,32.197],[-9.292,32.169],[-9.328,32.13],[-9.333,32.118],[-9.335,32.102],[-9.346,32.062],[-9.354,32.047],[-9.366,32.026],[-9.484,31.923],[-9.489,31.915],[-9.497,31.898],[-9.505,31.888],[-9.513,31.881],[-9.528,31.871],[-9.535,31.864],[-9.576,31.816],[-9.667,31.731],[-9.675,31.715],[-9.689,31.635],[-9.694,31.626],[-9.708,31.609],[-9.714,31.598],[-9.728,31.585],[-9.733,31.567],[-9.74,31.56],[-9.758,31.546],[-9.77,31.531],[-9.793,31.471],[-9.816,31.437],[-9.848,31.402],[-9.835,31.389],[-9.822,31.379],[-9.811,31.367],[-9.807,31.343],[-9.809,31.286],[-9.835,31.145],[-9.848,31.121],[-9.831,31.085],[-9.828,31.067],[-9.82,30.871],[-9.822,30.859],[-9.824,30.852],[-9.824,30.846],[-9.817,30.837],[-9.813,30.827],[-9.814,30.815],[-9.82,30.792],[-9.839,30.76],[-9.866,30.724],[-9.887,30.687],[-9.889,30.648]]],[[[-9.512,39.411],[-9.502,39.42],[-9.508,39.422],[-9.512,39.411]]],[[[-9.497,38.788],[-9.485,38.745],[-9.491,38.728],[-9.492,38.708],[-9.472,38.702],[-9.429,38.707],[-9.405,38.704],[-9.361,38.69],[-9.322,38.67],[-9.303,38.688],[-9.285,38.699],[-9.22,38.694],[-9.163,38.702],[-9.113,38.714],[-9.098,38.738],[-9.102,38.762],[-9.104,38.795],[-9.107,38.814],[-9.1,38.83],[-9.09,38.844],[-9.059,38.871],[-9.004,38.958],[-8.955,39.012],[-8.936,39.041],[-8.923,39.049],[-8.836,39.057],[-8.792,39.082],[-8.765,39.098],[-8.775,39.083],[-8.79,39.071],[-8.827,39.049],[-8.846,39.043],[-8.888,39.04],[-8.908,39.036],[-8.943,39.015],[-8.969,38.984],[-9.012,38.913],[-9.003,38.89],[-8.997,38.866],[-8.986,38.849],[-8.963,38.851],[-8.97,38.835],[-8.964,38.815],[-8.953,38.795],[-8.943,38.782],[-8.943,38.776],[-8.947,38.774],[-8.953,38.77],[-8.957,38.768],[-8.993,38.744],[-9.021,38.727],[-9.037,38.714],[-9.052,38.7],[-9.052,38.694],[-9.067,38.692],[-9.099,38.686],[-9.114,38.679],[-9.108,38.659],[-9.114,38.659],[-9.124,38.671],[-9.145,38.681],[-9.188,38.678],[-9.234,38.673],[-9.253,38.665],[-9.238,38.635],[-9.208,38.597],[-9.184,38.552],[-9.184,38.504],[-9.19,38.473],[-9.22,38.449],[-9.227,38.44],[-9.231,38.438],[-9.234,38.431],[-9.234,38.424],[-9.231,38.419],[-9.226,38.418],[-9.2,38.412],[-9.182,38.416],[-9.166,38.425],[-9.146,38.431],[-9.049,38.441],[-8.992,38.459],[-9,38.464],[-8.955,38.505],[-8.906,38.512],[-8.868,38.502],[-8.832,38.487],[-8.812,38.483],[-8.788,38.481],[-8.78,38.489],[-8.78,38.505],[-8.791,38.52],[-8.813,38.522],[-8.813,38.529],[-8.793,38.534],[-8.773,38.565],[-8.758,38.563],[-8.764,38.552],[-8.761,38.538],[-8.751,38.526],[-8.737,38.522],[-8.737,38.515],[-8.746,38.51],[-8.751,38.501],[-8.753,38.488],[-8.751,38.474],[-8.745,38.46],[-8.736,38.452],[-8.663,38.425],[-8.637,38.42],[-8.607,38.419],[-8.657,38.406],[-8.757,38.427],[-8.799,38.426],[-8.8,38.439],[-8.822,38.449],[-8.868,38.461],[-8.905,38.486],[-8.927,38.494],[-8.943,38.481],[-8.915,38.473],[-8.878,38.449],[-8.847,38.42],[-8.821,38.399],[-8.795,38.359],[-8.785,38.304],[-8.778,38.241],[-8.774,38.187],[-8.797,38.133],[-8.816,38.062],[-8.868,37.974],[-8.875,37.967],[-8.883,37.965],[-8.89,37.961],[-8.895,37.953],[-8.854,37.932],[-8.821,37.927],[-8.805,37.902],[-8.799,37.878],[-8.797,37.845],[-8.81,37.791],[-8.817,37.74],[-8.809,37.723],[-8.784,37.723],[-8.762,37.728],[-8.752,37.735],[-8.752,37.731],[-8.758,37.707],[-8.786,37.703],[-8.799,37.698],[-8.808,37.672],[-8.813,37.645],[-8.827,37.601],[-8.824,37.588],[-8.811,37.575],[-8.801,37.559],[-8.795,37.535],[-8.798,37.49],[-8.804,37.463],[-8.816,37.418],[-8.833,37.385],[-8.839,37.36],[-8.867,37.335],[-8.883,37.31],[-8.875,37.294],[-8.867,37.277],[-8.881,37.232],[-8.905,37.213],[-8.923,37.2],[-8.914,37.17],[-8.927,37.146],[-8.942,37.119],[-8.981,37.069],[-8.986,37.063],[-8.991,37.05],[-8.998,37.021],[-8.983,37.027],[-8.972,37.021],[-8.961,37.012],[-8.946,37.008],[-8.936,37.011],[-8.916,37.025],[-8.905,37.028],[-8.897,37.033],[-8.879,37.047],[-8.859,37.041],[-8.837,37.057],[-8.814,37.062],[-8.799,37.062],[-8.786,37.067],[-8.76,37.08],[-8.748,37.083],[-8.686,37.083],[-8.655,37.11],[-8.642,37.118],[-8.627,37.121],[-8.58,37.124],[-8.537,37.118],[-8.484,37.094],[-8.482,37.096],[-8.439,37.083],[-8.395,37.087],[-8.365,37.098],[-8.327,37.087],[-8.293,37.078],[-8.213,37.087],[-8.179,37.088],[-8.147,37.077],[-8.107,37.069],[-8.035,37.038],[-7.999,37.013],[-7.977,36.987],[-7.978,36.995],[-7.981,37.002],[-7.991,37.014],[-7.982,37.01],[-7.969,37.004],[-7.958,37.003],[-7.95,37.014],[-7.932,37.009],[-7.871,37.008],[-7.85,37.004],[-7.834,36.999],[-7.82,36.999],[-7.787,37.023],[-7.635,37.105],[-7.627,37.114],[-7.569,37.144],[-7.552,37.149],[-7.512,37.172],[-7.49,37.179],[-7.469,37.18],[-7.446,37.18],[-7.424,37.175],[-7.408,37.165],[-7.4,37.172],[-7.4,37.179],[-7.406,37.18],[-7.409,37.184],[-7.411,37.188],[-7.414,37.193],[-7.399,37.185],[-7.381,37.18],[-7.363,37.182],[-7.343,37.196],[-7.328,37.202],[-7.086,37.206],[-7.099,37.212],[-7.127,37.215],[-7.101,37.224],[-7.062,37.214],[-7.029,37.206],[-6.942,37.171],[-6.928,37.172],[-6.93,37.183],[-6.941,37.201],[-6.963,37.228],[-6.963,37.234],[-6.931,37.234],[-6.903,37.25],[-6.853,37.295],[-6.864,37.278],[-6.899,37.236],[-6.911,37.228],[-6.918,37.215],[-6.911,37.189],[-6.893,37.167],[-6.873,37.159],[-6.853,37.151],[-6.812,37.124],[-6.795,37.118],[-6.771,37.113],[-6.745,37.101],[-6.5,36.96],[-6.471,36.936],[-6.449,36.904],[-6.416,36.838],[-6.388,36.808],[-6.352,36.809],[-6.347,36.82],[-6.352,36.88],[-6.345,36.901],[-6.326,36.913],[-6.284,36.926],[-6.265,36.913],[-6.24,36.913],[-6.214,36.922],[-6.195,36.932],[-6.223,36.902],[-6.304,36.907],[-6.338,36.884],[-6.344,36.86],[-6.335,36.818],[-6.346,36.795],[-6.359,36.786],[-6.396,36.775],[-6.415,36.768],[-6.433,36.751],[-6.438,36.733],[-6.432,36.715],[-6.418,36.696],[-6.407,36.677],[-6.395,36.637],[-6.38,36.624],[-6.362,36.621],[-6.294,36.617],[-6.283,36.612],[-6.235,36.576],[-6.226,36.557],[-6.232,36.526],[-6.224,36.511],[-6.207,36.509],[-6.186,36.514],[-6.179,36.514],[-6.201,36.494],[-6.211,36.481],[-6.219,36.475],[-6.231,36.473],[-6.247,36.487],[-6.254,36.496],[-6.249,36.505],[-6.258,36.514],[-6.289,36.537],[-6.298,36.539],[-6.31,36.534],[-6.301,36.526],[-6.28,36.511],[-6.257,36.476],[-6.242,36.446],[-6.218,36.402],[-6.184,36.371],[-6.175,36.354],[-6.169,36.335],[-6.166,36.319],[-6.159,36.304],[-6.105,36.281],[-6.082,36.251],[-6.062,36.217],[-6.037,36.19],[-5.984,36.177],[-5.939,36.184],[-5.917,36.184],[-5.898,36.174],[-5.833,36.122],[-5.811,36.097],[-5.796,36.086],[-5.754,36.076],[-5.734,36.066],[-5.713,36.06],[-5.689,36.067],[-5.672,36.056],[-5.63,36.037],[-5.612,36.006],[-5.581,36.014],[-5.567,36.022],[-5.467,36.051],[-5.446,36.057],[-5.439,36.063],[-5.432,36.07],[-5.429,36.081],[-5.432,36.089],[-5.437,36.099],[-5.44,36.114],[-5.435,36.122],[-5.441,36.135],[-5.442,36.149],[-5.438,36.161],[-5.429,36.17],[-5.425,36.18],[-5.406,36.179],[-5.383,36.172],[-5.367,36.163],[-5.35,36.119],[-5.342,36.111],[-5.339,36.124],[-5.34,36.13],[-5.334,36.188],[-5.329,36.198],[-5.297,36.247],[-5.285,36.261],[-5.289,36.27],[-5.291,36.277],[-5.274,36.283],[-5.266,36.287],[-5.259,36.293],[-5.254,36.297],[-5.245,36.312],[-5.228,36.349],[-5.227,36.358],[-5.2,36.397],[-5.187,36.411],[-5.174,36.417],[-5.158,36.422],[-5.121,36.426],[-5.109,36.429],[-5.062,36.452],[-4.994,36.457],[-4.924,36.497],[-4.912,36.504],[-4.903,36.507],[-4.88,36.506],[-4.764,36.494],[-4.723,36.493],[-4.68,36.501],[-4.659,36.508],[-4.65,36.512],[-4.615,36.531],[-4.588,36.574],[-4.525,36.581],[-4.495,36.621],[-4.491,36.637],[-4.48,36.651],[-4.467,36.663],[-4.461,36.671],[-4.433,36.711],[-4.42,36.72],[-4.403,36.724],[-4.225,36.712],[-4.197,36.715],[-4.11,36.726],[-4.08,36.744],[-4.057,36.748],[-3.961,36.727],[-3.889,36.743],[-3.839,36.752],[-3.803,36.742],[-3.731,36.724],[-3.68,36.729],[-3.666,36.739],[-3.632,36.741],[-3.601,36.743],[-3.586,36.727],[-3.55,36.712],[-3.536,36.718],[-3.516,36.721],[-3.478,36.696],[-3.415,36.696],[-3.379,36.714],[-3.358,36.726],[-3.344,36.737],[-3.33,36.745],[-3.228,36.755],[-3.157,36.745],[-3.076,36.75],[-2.988,36.737],[-2.933,36.752],[-2.914,36.75],[-2.886,36.734],[-2.859,36.705],[-2.848,36.7],[-2.839,36.702],[-2.83,36.712],[-2.821,36.714],[-2.803,36.707],[-2.783,36.695],[-2.757,36.68],[-2.736,36.687],[-2.718,36.682],[-2.684,36.686],[-2.659,36.695],[-2.648,36.704],[-2.643,36.707],[-2.617,36.728],[-2.597,36.773],[-2.577,36.811],[-2.561,36.819],[-2.481,36.83],[-2.469,36.828],[-2.442,36.818],[-2.433,36.816],[-2.413,36.82],[-2.38,36.834],[-2.362,36.837],[-2.339,36.834],[-2.318,36.828],[-2.283,36.81],[-2.256,36.787],[-2.232,36.76],[-2.204,36.737],[-2.166,36.728],[-2.147,36.73],[-2.127,36.736],[-2.111,36.746],[-2.101,36.765],[-2.091,36.768],[-2.08,36.771],[-2.071,36.775],[-2.066,36.784],[-2.061,36.802],[-2.057,36.81],[-2.04,36.824],[-2.025,36.834],[-2.013,36.846],[-2.003,36.887],[-1.989,36.9],[-1.954,36.92],[-1.941,36.93],[-1.935,36.932],[-1.913,36.934],[-1.905,36.936],[-1.9,36.941],[-1.899,36.95],[-1.901,36.959],[-1.904,36.966],[-1.907,36.975],[-1.906,36.988],[-1.885,37.015],[-1.855,37.077],[-1.85,37.104],[-1.838,37.132],[-1.83,37.166],[-1.813,37.207],[-1.787,37.235],[-1.729,37.282],[-1.699,37.316],[-1.686,37.337],[-1.68,37.354],[-1.671,37.363],[-1.653,37.361],[-1.646,37.369],[-1.642,37.381],[-1.619,37.392],[-1.568,37.41],[-1.553,37.412],[-1.544,37.415],[-1.524,37.429],[-1.515,37.433],[-1.508,37.433],[-1.503,37.429],[-1.497,37.428],[-1.488,37.433],[-1.487,37.44],[-1.477,37.473],[-1.474,37.478],[-1.471,37.482],[-1.463,37.488],[-1.456,37.493],[-1.45,37.495],[-1.43,37.498],[-1.414,37.507],[-1.369,37.541],[-1.353,37.55],[-1.324,37.562],[-1.29,37.558],[-1.262,37.558],[-1.258,37.567],[-1.243,37.579],[-1.229,37.576],[-1.2,37.567],[-1.179,37.564],[-1.173,37.555],[-1.167,37.544],[-1.137,37.538],[-1.106,37.532],[-1.117,37.549],[-1.12,37.559],[-1.115,37.569],[-1.103,37.576],[-1.088,37.581],[-1.07,37.583],[-1.006,37.581],[-0.973,37.576],[-0.934,37.561],[-0.925,37.556],[-0.901,37.569],[-0.887,37.574],[-0.874,37.576],[-0.836,37.576],[-0.808,37.588],[-0.791,37.591],[-0.764,37.6],[-0.755,37.604],[-0.746,37.599],[-0.737,37.599],[-0.728,37.603],[-0.72,37.611],[-0.705,37.62],[-0.701,37.631],[-0.708,37.643],[-0.726,37.652],[-0.735,37.639],[-0.755,37.641],[-0.778,37.65],[-0.81,37.667],[-0.82,37.677],[-0.853,37.724],[-0.856,37.742],[-0.848,37.756],[-0.826,37.761],[-0.812,37.77],[-0.788,37.823],[-0.761,37.796],[-0.756,37.806],[-0.761,37.846],[-0.761,37.847],[-0.759,37.863],[-0.718,37.943],[-0.709,37.956],[-0.69,37.972],[-0.663,37.98],[-0.655,37.989],[-0.652,38.008],[-0.648,38.074],[-0.645,38.116],[-0.641,38.132],[-0.634,38.146],[-0.624,38.162],[-0.609,38.178],[-0.591,38.19],[-0.569,38.194],[-0.533,38.192],[-0.515,38.196],[-0.504,38.207],[-0.519,38.299],[-0.51,38.338],[-0.474,38.337],[-0.471,38.352],[-0.46,38.36],[-0.446,38.363],[-0.414,38.365],[-0.41,38.369],[-0.41,38.379],[-0.406,38.399],[-0.395,38.414],[-0.359,38.446],[-0.351,38.45],[-0.345,38.462],[-0.329,38.47],[-0.234,38.502],[-0.202,38.52],[-0.177,38.527],[-0.132,38.535],[-0.09,38.535],[-0.075,38.54],[-0.06,38.553],[-0.054,38.567],[-0.055,38.581],[-0.055,38.595],[-0.043,38.612],[-0.029,38.621],[-0.015,38.624],[0.015,38.625],[0.033,38.627],[0.047,38.632],[0.06,38.635],[0.081,38.631],[0.073,38.645],[0.083,38.661],[0.094,38.668],[0.105,38.673],[0.119,38.683],[0.126,38.685],[0.145,38.686],[0.149,38.69],[0.151,38.692],[0.163,38.714],[0.177,38.724],[0.192,38.73],[0.209,38.734],[0.228,38.735],[0.235,38.742],[0.234,38.758],[0.228,38.77],[0.218,38.768],[0.191,38.785],[0.183,38.792],[0.171,38.796],[0.181,38.802],[0.185,38.804],[0.154,38.831],[0.111,38.85],[0.063,38.861],[0.017,38.864],[-0.01,38.87],[-0.031,38.883],[-0.069,38.913],[-0.106,38.937],[-0.121,38.951],[-0.158,39.002],[-0.184,39.042],[-0.21,39.079],[-0.227,39.112],[-0.237,39.148],[-0.242,39.166],[-0.228,39.175],[-0.215,39.182],[-0.228,39.199],[-0.239,39.215],[-0.301,39.322],[-0.321,39.388],[-0.327,39.431],[-0.331,39.48],[-0.323,39.516],[-0.313,39.534],[-0.281,39.569],[-0.275,39.582],[-0.27,39.599],[-0.257,39.616],[-0.244,39.631],[-0.22,39.651],[-0.209,39.664],[-0.202,39.681],[-0.2,39.705],[-0.194,39.715],[-0.091,39.848],[-0.029,39.902],[-0.003,39.932],[0,39.936],[0.04,40.003],[0.066,40.032],[0.117,40.056],[0.145,40.079],[0.205,40.172],[0.265,40.21],[0.299,40.247],[0.312,40.258],[0.339,40.274],[0.351,40.285],[0.42,40.388],[0.446,40.408],[0.453,40.434],[0.466,40.451],[0.483,40.465],[0.501,40.484],[0.517,40.514],[0.549,40.572],[0.563,40.59],[0.58,40.604],[0.6,40.614],[0.682,40.634],[0.712,40.636],[0.733,40.634],[0.696,40.59],[0.663,40.575],[0.641,40.587],[0.592,40.582],[0.616,40.553],[0.648,40.557],[0.677,40.565],[0.707,40.583],[0.756,40.642],[0.784,40.661],[0.848,40.675],[0.858,40.686],[0.872,40.707],[0.874,40.728],[0.854,40.733],[0.842,40.732],[0.816,40.748],[0.792,40.771],[0.781,40.779],[0.767,40.785],[0.75,40.786],[0.764,40.778],[0.767,40.771],[0.762,40.766],[0.75,40.766],[0.722,40.774],[0.695,40.786],[0.714,40.815],[0.823,40.9],[0.877,40.955],[0.99,41.04],[1.017,41.052],[1.056,41.065],[1.098,41.071],[1.142,41.072],[1.149,41.07],[1.173,41.059],[1.184,41.063],[1.189,41.068],[1.192,41.076],[1.21,41.1],[1.218,41.105],[1.288,41.116],[1.539,41.187],[1.624,41.192],[1.82,41.237],[1.854,41.236],[1.864,41.238],[1.884,41.248],[1.951,41.261],[2.02,41.266],[2.06,41.275],[2.131,41.304],[2.163,41.327],[2.192,41.357],[2.24,41.421],[2.267,41.449],[2.297,41.465],[2.371,41.489],[2.429,41.519],[2.449,41.535],[2.652,41.605],[2.778,41.646],[2.792,41.669],[2.804,41.669],[2.813,41.67],[2.817,41.678],[2.82,41.682],[2.835,41.693],[2.84,41.695],[2.851,41.697],[2.877,41.702],[2.901,41.707],[2.933,41.712],[2.951,41.734],[3.04,41.787],[3.069,41.799],[3.079,41.827],[3.117,41.848],[3.15,41.845],[3.179,41.875],[3.195,41.888],[3.207,41.914],[3.232,41.946],[3.236,41.966],[3.231,41.973],[3.212,41.985],[3.208,41.99],[3.207,41.997],[3.202,42.017],[3.196,42.033],[3.2,42.046],[3.213,42.056],[3.214,42.068],[3.192,42.093],[3.173,42.112],[3.139,42.128],[3.122,42.14],[3.116,42.158],[3.117,42.183],[3.119,42.218],[3.13,42.24],[3.152,42.257],[3.17,42.26],[3.179,42.25],[3.21,42.24],[3.247,42.246],[3.263,42.24],[3.27,42.25],[3.279,42.256],[3.287,42.263],[3.29,42.278],[3.294,42.288],[3.318,42.323],[3.294,42.335],[3.281,42.337],[3.27,42.329],[3.263,42.329],[3.25,42.343],[3.226,42.343],[3.204,42.34],[3.187,42.35],[3.174,42.364],[3.174,42.381],[3.17,42.397],[3.179,42.418],[3.182,42.435],[3.176,42.456],[3.16,42.475],[3.15,42.482],[3.143,42.492],[3.146,42.504],[3.146,42.515],[3.137,42.525],[3.115,42.531],[3.087,42.535],[3.066,42.542],[3.052,42.555],[3.046,42.588],[3.042,42.629],[3.038,42.683],[3.043,42.725],[3.039,42.75],[3.04,42.79],[3.048,42.847],[3.056,42.907],[3.055,42.927],[3.042,42.933],[3.039,42.943],[3.046,42.964],[3.056,42.993],[3.063,43.008],[3.07,43.027],[3.086,43.054],[3.096,43.073],[3.104,43.088],[3.114,43.106],[3.136,43.121],[3.154,43.135],[3.166,43.152],[3.179,43.165],[3.196,43.177],[3.207,43.187],[3.221,43.195],[3.228,43.204],[3.244,43.219],[3.318,43.263],[3.385,43.284],[3.428,43.285],[3.452,43.289],[3.492,43.274],[3.513,43.281],[3.59,43.355],[3.622,43.375],[3.74,43.413],[3.939,43.533],[3.953,43.54],[3.991,43.551],[4.047,43.556],[4.105,43.552],[4.131,43.536],[4.133,43.533],[4.117,43.51],[4.133,43.487],[4.16,43.472],[4.182,43.464],[4.206,43.46],[4.409,43.448],[4.513,43.456],[4.555,43.443],[4.58,43.43],[4.588,43.417],[4.586,43.404],[4.566,43.388],[4.566,43.371],[4.592,43.36],[4.666,43.348],[4.791,43.345],[4.82,43.346],[4.823,43.367],[4.8,43.386],[4.77,43.402],[4.743,43.423],[4.729,43.456],[4.729,43.528],[4.724,43.538],[4.695,43.573],[4.695,43.579],[4.712,43.572],[4.726,43.557],[4.736,43.539],[4.742,43.524],[4.745,43.507],[4.742,43.449],[4.758,43.422],[4.792,43.399],[4.833,43.382],[4.851,43.359],[4.856,43.342],[4.877,43.351],[4.901,43.367],[4.868,43.365],[4.865,43.378],[4.855,43.396],[4.85,43.401],[4.858,43.415],[4.868,43.421],[4.893,43.425],[4.903,43.432],[4.928,43.44],[4.983,43.417],[4.998,43.415],[5.028,43.417],[5.051,43.429],[5.062,43.452],[5.05,43.477],[5.036,43.486],[5.024,43.49],[5.015,43.499],[5.009,43.518],[5.011,43.525],[5.016,43.539],[5.022,43.552],[5.029,43.559],[5.035,43.556],[5.05,43.541],[5.054,43.538],[5.077,43.539],[5.085,43.538],[5.106,43.533],[5.111,43.528],[5.112,43.519],[5.118,43.504],[5.14,43.486],[5.166,43.482],[5.194,43.49],[5.223,43.504],[5.226,43.48],[5.214,43.458],[5.193,43.44],[5.174,43.428],[5.146,43.422],[5.057,43.422],[5.026,43.409],[5.006,43.382],[5.014,43.358],[5.034,43.335],[5.065,43.328],[5.125,43.326],[5.163,43.329],[5.238,43.328],[5.294,43.355],[5.339,43.334],[5.352,43.298],[5.356,43.292],[5.357,43.28],[5.369,43.27],[5.361,43.254],[5.354,43.244],[5.351,43.234],[5.347,43.216],[5.37,43.208],[5.395,43.212],[5.41,43.211],[5.44,43.208],[5.46,43.209],[5.504,43.206],[5.514,43.208],[5.525,43.213],[5.538,43.207],[5.547,43.194],[5.559,43.182],[5.573,43.169],[5.588,43.168],[5.612,43.16],[5.623,43.177],[5.634,43.187],[5.655,43.186],[5.674,43.18],[5.688,43.169],[5.696,43.147],[5.741,43.132],[5.761,43.132],[5.776,43.131],[5.781,43.123],[5.783,43.115],[5.801,43.112],[5.811,43.107],[5.818,43.099],[5.803,43.089],[5.782,43.079],[5.79,43.07],[5.819,43.053],[5.857,43.045],[5.875,43.069],[5.888,43.072],[5.917,43.073],[5.94,43.071],[5.951,43.08],[5.927,43.088],[5.911,43.093],[5.896,43.115],[5.879,43.12],[5.909,43.131],[5.924,43.134],[5.941,43.134],[5.938,43.129],[5.937,43.119],[5.934,43.114],[5.959,43.102],[5.992,43.102],[6.017,43.099],[6.027,43.078],[6.045,43.078],[6.092,43.083],[6.11,43.084],[6.129,43.071],[6.132,43.053],[6.119,43.045],[6.103,43.041],[6.089,43.035],[6.098,43.031],[6.154,43.034],[6.18,43.036],[6.185,43.045],[6.171,43.042],[6.153,43.048],[6.153,43.072],[6.163,43.093],[6.179,43.103],[6.193,43.109],[6.22,43.117],[6.253,43.121],[6.28,43.119],[6.306,43.109],[6.326,43.104],[6.329,43.1],[6.342,43.091],[6.375,43.091],[6.37,43.106],[6.366,43.119],[6.379,43.136],[6.402,43.147],[6.422,43.152],[6.451,43.153],[6.479,43.156],[6.506,43.151],[6.527,43.161],[6.536,43.173],[6.54,43.182],[6.564,43.184],[6.581,43.184],[6.593,43.188],[6.595,43.18],[6.599,43.175],[6.61,43.173],[6.629,43.18],[6.64,43.182],[6.66,43.19],[6.68,43.202],[6.672,43.214],[6.665,43.221],[6.668,43.24],[6.685,43.248],[6.698,43.265],[6.693,43.273],[6.672,43.276],[6.612,43.264],[6.591,43.269],[6.597,43.284],[6.625,43.296],[6.652,43.315],[6.661,43.322],[6.666,43.333],[6.675,43.346],[6.694,43.348],[6.718,43.351],[6.718,43.367],[6.733,43.382],[6.731,43.408],[6.747,43.418],[6.757,43.423],[6.773,43.418],[6.783,43.409],[6.819,43.416],[6.835,43.416],[6.847,43.413],[6.86,43.416],[6.856,43.429],[6.858,43.436],[6.863,43.439],[6.867,43.435],[6.87,43.432],[6.871,43.426],[6.894,43.428],[6.898,43.438],[6.92,43.449],[6.925,43.473],[6.954,43.5],[6.954,43.505],[6.949,43.507],[6.95,43.508],[6.941,43.512],[6.945,43.527],[6.962,43.54],[6.976,43.547],[6.994,43.549],[7.014,43.547],[7.031,43.548],[7.037,43.536],[7.045,43.542],[7.058,43.55],[7.071,43.561],[7.088,43.569],[7.104,43.568],[7.113,43.565],[7.126,43.548],[7.139,43.554],[7.136,43.562],[7.133,43.574],[7.132,43.579],[7.126,43.606],[7.133,43.634],[7.137,43.641],[7.144,43.645],[7.152,43.655],[7.165,43.656],[7.178,43.66],[7.197,43.657],[7.204,43.644],[7.214,43.649],[7.232,43.663],[7.229,43.674],[7.242,43.685],[7.257,43.692],[7.28,43.693],[7.301,43.688],[7.319,43.685],[7.331,43.686],[7.338,43.698],[7.342,43.708],[7.353,43.716],[7.366,43.723],[7.381,43.719],[7.404,43.718],[7.418,43.731],[7.433,43.74],[7.446,43.75],[7.454,43.757],[7.463,43.762],[7.468,43.762],[7.476,43.765],[7.477,43.768],[7.476,43.781],[7.476,43.784],[7.481,43.786],[7.485,43.785],[7.489,43.785],[7.502,43.792],[7.513,43.792],[7.523,43.789],[7.531,43.784],[7.544,43.784],[7.572,43.791],[7.695,43.791],[7.737,43.798],[7.786,43.822],[7.96,43.853],[8.031,43.888],[8.056,43.892],[8.068,43.897],[8.073,43.905],[8.075,43.91],[8.082,43.915],[8.089,43.92],[8.115,43.928],[8.145,43.953],[8.168,43.956],[8.168,43.963],[8.153,43.983],[8.169,44.007],[8.216,44.045],[8.224,44.057],[8.23,44.072],[8.231,44.08],[8.23,44.096],[8.233,44.104],[8.257,44.128],[8.27,44.139],[8.285,44.148],[8.313,44.16],[8.369,44.174],[8.395,44.182],[8.408,44.194],[8.409,44.204],[8.407,44.215],[8.412,44.227],[8.417,44.231],[8.432,44.238],[8.435,44.24],[8.437,44.248],[8.439,44.253],[8.45,44.264],[8.445,44.284],[8.466,44.304],[8.54,44.34],[8.565,44.357],[8.577,44.361],[8.594,44.363],[8.655,44.395],[8.663,44.396],[8.671,44.395],[8.679,44.395],[8.685,44.398],[8.696,44.407],[8.725,44.424],[8.737,44.429],[8.762,44.432],[8.827,44.428],[8.838,44.417],[8.845,44.413],[8.868,44.41],[8.915,44.409],[8.924,44.412],[8.953,44.4],[9.001,44.387],[9.102,44.374],[9.13,44.363],[9.149,44.34],[9.147,44.329],[9.165,44.318],[9.211,44.305],[9.21,44.321],[9.214,44.333],[9.221,44.344],[9.231,44.354],[9.263,44.336],[9.368,44.294],[9.375,44.272],[9.422,44.257],[9.429,44.247],[9.437,44.239],[9.454,44.238],[9.473,44.24],[9.484,44.244],[9.49,44.231],[9.499,44.222],[9.511,44.215],[9.556,44.2],[9.573,44.192],[9.58,44.179],[9.586,44.178],[9.621,44.148],[9.631,44.145],[9.643,44.142],[9.673,44.141],[9.683,44.137],[9.71,44.118],[9.721,44.113],[9.772,44.079],[9.82,44.063],[9.826,44.055],[9.832,44.042],[9.843,44.041],[9.846,44.046],[9.833,44.052],[9.839,44.06],[9.842,44.063],[9.848,44.066],[9.848,44.072],[9.838,44.075],[9.831,44.079],[9.824,44.085],[9.82,44.093],[9.824,44.095],[9.829,44.098],[9.833,44.1],[9.826,44.107],[9.845,44.109],[9.877,44.088],[9.888,44.093],[9.904,44.08],[9.938,44.06],[9.954,44.049],[9.963,44.045],[9.973,44.046],[9.981,44.05],[9.984,44.055],[9.989,44.06],[9.999,44.058],[10.015,44.052],[10.035,44.048],[10.072,44.03],[10.091,44.025],[10.106,44.017],[10.136,43.979],[10.181,43.955],[10.21,43.92],[10.252,43.847],[10.264,43.809],[10.295,43.569],[10.317,43.493],[10.326,43.477],[10.359,43.465],[10.373,43.453],[10.437,43.389],[10.517,43.267],[10.528,43.247],[10.533,43.226],[10.534,43.185],[10.538,43.164],[10.547,43.147],[10.539,43.134],[10.536,43.113],[10.536,43.091],[10.539,43.079],[10.517,43.024],[10.503,43.006],[10.478,42.99],[10.5,42.94],[10.519,42.925],[10.547,42.935],[10.543,42.939],[10.539,42.949],[10.583,42.96],[10.632,42.958],[10.681,42.949],[10.751,42.925],[10.764,42.918],[10.773,42.908],[10.778,42.895],[10.775,42.888],[10.769,42.884],[10.766,42.877],[10.766,42.854],[10.765,42.835],[10.755,42.819],[10.731,42.804],[10.891,42.764],[10.944,42.743],[10.972,42.72],[10.981,42.716],[10.99,42.71],[10.996,42.696],[11,42.68],[11.006,42.668],[11.053,42.647],[11.078,42.632],[11.081,42.613],[11.097,42.607],[11.107,42.591],[11.116,42.572],[11.129,42.558],[11.137,42.559],[11.149,42.563],[11.158,42.564],[11.166,42.546],[11.187,42.521],[11.189,42.505],[11.188,42.48],[11.18,42.456],[11.164,42.44],[11.142,42.439],[11.113,42.446],[11.099,42.443],[11.087,42.429],[11.087,42.418],[11.094,42.403],[11.107,42.391],[11.135,42.384],[11.148,42.371],[11.156,42.366],[11.157,42.368],[11.165,42.369],[11.175,42.369],[11.184,42.366],[11.186,42.379],[11.201,42.395],[11.204,42.411],[11.211,42.419],[11.227,42.422],[11.246,42.422],[11.259,42.421],[11.333,42.401],[11.362,42.4],[11.355,42.407],[11.366,42.408],[11.377,42.407],[11.387,42.404],[11.396,42.4],[11.396,42.393],[11.421,42.387],[11.489,42.359],[11.539,42.349],[11.658,42.279],[11.682,42.252],[11.736,42.169],[11.743,42.152],[11.746,42.137],[11.75,42.128],[11.772,42.106],[11.78,42.093],[11.794,42.084],[11.809,42.066],[11.822,42.047],[11.827,42.034],[11.84,42.036],[11.917,42.038],[11.935,42.031],[11.953,42.022],[11.969,42.011],[11.982,42],[11.992,41.996],[12.02,41.993],[12.026,41.986],[12.03,41.973],[12.039,41.965],[12.05,41.96],[12.147,41.903],[12.17,41.88],[12.195,41.847],[12.206,41.827],[12.211,41.808],[12.212,41.788],[12.215,41.768],[12.223,41.751],[12.239,41.736],[12.247,41.734],[12.277,41.729],[12.285,41.727],[12.301,41.717],[12.327,41.711],[12.343,41.702],[12.448,41.631],[12.546,41.544],[12.619,41.459],[12.635,41.447],[12.642,41.458],[12.654,41.466],[12.679,41.458],[12.749,41.424],[12.763,41.421],[12.842,41.418],[12.862,41.414],[12.894,41.399],[12.924,41.38],[12.98,41.331],[12.993,41.316],[13.012,41.287],[13.024,41.274],[13.033,41.257],[13.037,41.24],[13.045,41.228],[13.068,41.222],[13.091,41.227],[13.115,41.251],[13.151,41.26],[13.187,41.278],[13.205,41.284],[13.286,41.296],[13.324,41.295],[13.48,41.239],[13.5,41.222],[13.507,41.222],[13.514,41.23],[13.52,41.225],[13.525,41.215],[13.534,41.208],[13.544,41.207],[13.575,41.208],[13.564,41.238],[13.594,41.253],[13.657,41.26],[13.663,41.251],[13.679,41.251],[13.709,41.256],[13.722,41.252],[13.79,41.206],[13.852,41.147],[13.884,41.105],[13.911,41.065],[13.913,41.054],[13.915,41.033],[13.918,41.024],[13.93,41.014],[13.965,40.996],[14.021,40.922],[14.044,40.874],[14.052,40.838],[14.041,40.796],[14.048,40.79],[14.075,40.786],[14.083,40.784],[14.081,40.797],[14.077,40.81],[14.076,40.822],[14.083,40.831],[14.096,40.834],[14.112,40.83],[14.135,40.819],[14.166,40.816],[14.182,40.801],[14.203,40.801],[14.213,40.821],[14.224,40.831],[14.248,40.838],[14.276,40.84],[14.294,40.839],[14.312,40.828],[14.349,40.797],[14.367,40.78],[14.383,40.772],[14.394,40.762],[14.405,40.757],[14.421,40.751],[14.443,40.755],[14.461,40.744],[14.474,40.73],[14.48,40.711],[14.476,40.695],[14.444,40.686],[14.405,40.656],[14.398,40.644],[14.387,40.637],[14.38,40.634],[14.36,40.633],[14.338,40.624],[14.328,40.605],[14.33,40.584],[14.343,40.571],[14.356,40.584],[14.402,40.602],[14.422,40.616],[14.471,40.625],[14.487,40.633],[14.516,40.62],[14.544,40.614],[14.571,40.618],[14.613,40.646],[14.626,40.649],[14.678,40.647],[14.69,40.649],[14.72,40.667],[14.752,40.677],[14.782,40.67],[14.81,40.653],[14.835,40.633],[14.862,40.607],[14.889,40.573],[14.976,40.431],[14.998,40.398],[15,40.369],[14.994,40.358],[14.973,40.352],[14.964,40.345],[14.954,40.34],[14.942,40.338],[14.932,40.334],[14.932,40.324],[14.939,40.307],[14.932,40.286],[14.907,40.259],[14.911,40.242],[14.922,40.238],[14.938,40.228],[14.957,40.232],[14.966,40.225],[14.976,40.219],[15.003,40.21],[15.023,40.196],[15.035,40.175],[15.047,40.169],[15.066,40.167],[15.096,40.173],[15.113,40.175],[15.127,40.17],[15.19,40.119],[15.21,40.112],[15.234,40.1],[15.263,40.074],[15.279,40.048],[15.261,40.036],[15.261,40.029],[15.272,40.029],[15.283,40.03],[15.293,40.032],[15.303,40.036],[15.314,40.034],[15.343,40.004],[15.361,39.999],[15.41,39.994],[15.43,40],[15.46,40.029],[15.495,40.047],[15.513,40.068],[15.535,40.078],[15.61,40.073],[15.624,40.078],[15.625,40.065],[15.63,40.058],[15.652,40.044],[15.679,40.009],[15.713,39.981],[15.728,39.964],[15.734,39.944],[15.742,39.93],[15.774,39.891],[15.782,39.869],[15.77,39.83],[15.771,39.825],[15.779,39.82],[15.784,39.81],[15.789,39.79],[15.789,39.797],[15.806,39.696],[15.816,39.679],[15.837,39.653],[15.85,39.615],[15.86,39.589],[15.868,39.564],[15.876,39.551],[15.905,39.536],[15.933,39.514],[15.958,39.478],[15.995,39.439],[16.034,39.345],[16.042,39.311],[16.083,39.075],[16.14,38.974],[16.154,38.955],[16.169,38.947],[16.19,38.944],[16.205,38.934],[16.215,38.919],[16.22,38.899],[16.222,38.857],[16.215,38.814],[16.201,38.776],[16.179,38.748],[16.153,38.731],[16.136,38.724],[16.121,38.721],[16.049,38.728],[16.003,38.725],[15.968,38.713],[15.905,38.679],[15.863,38.668],[15.844,38.66],[15.837,38.649],[15.835,38.639],[15.834,38.634],[15.835,38.628],[15.844,38.618],[15.85,38.613],[15.864,38.608],[15.871,38.604],[15.9,38.578],[15.916,38.55],[15.918,38.517],[15.905,38.474],[15.83,38.351],[15.816,38.306],[15.813,38.301],[15.799,38.291],[15.796,38.286],[15.786,38.278],[15.684,38.253],[15.651,38.241],[15.633,38.22],[15.638,38.186],[15.646,38.162],[15.648,38.143],[15.642,38.126],[15.627,38.107],[15.624,38.092],[15.633,38.074],[15.658,38.043],[15.638,38.028],[15.635,38.009],[15.646,37.988],[15.666,37.967],[15.684,37.954],[15.708,37.941],[15.735,37.931],[15.761,37.925],[15.942,37.933],[16.001,37.919],[16.016,37.925],[16.063,37.933],[16.077,37.94],[16.09,37.949],[16.101,37.961],[16.111,37.974],[16.125,38.005],[16.152,38.111],[16.169,38.143],[16.306,38.277],[16.34,38.301],[16.435,38.34],[16.467,38.349],[16.498,38.369],[16.508,38.372],[16.522,38.387],[16.561,38.416],[16.57,38.43],[16.577,38.503],[16.577,38.529],[16.559,38.596],[16.549,38.672],[16.549,38.69],[16.547,38.693],[16.535,38.7],[16.539,38.723],[16.551,38.741],[16.564,38.757],[16.574,38.785],[16.586,38.798],[16.611,38.817],[16.671,38.841],[16.679,38.848],[16.688,38.856],[16.728,38.879],[16.839,38.918],[16.935,38.939],[16.957,38.94],[16.981,38.937],[16.996,38.93],[17.022,38.906],[17.042,38.916],[17.071,38.923],[17.095,38.919],[17.104,38.899],[17.119,38.92],[17.128,38.929],[17.135,38.933],[17.139,38.937],[17.172,38.961],[17.172,38.966],[17.172,39.005],[17.177,39.012],[17.187,39.019],[17.206,39.029],[17.193,39.031],[17.158,39.04],[17.152,39.046],[17.148,39.054],[17.125,39.091],[17.122,39.121],[17.14,39.179],[17.146,39.211],[17.142,39.222],[17.125,39.245],[17.118,39.256],[17.115,39.269],[17.115,39.283],[17.122,39.338],[17.159,39.406],[17.124,39.409],[17.089,39.423],[17.057,39.442],[17.036,39.461],[17.023,39.475],[17.011,39.486],[16.995,39.493],[16.971,39.495],[16.953,39.499],[16.906,39.53],[16.846,39.553],[16.837,39.56],[16.831,39.576],[16.816,39.591],[16.798,39.603],[16.782,39.612],[16.75,39.62],[16.625,39.625],[16.591,39.637],[16.546,39.661],[16.516,39.69],[16.529,39.715],[16.529,39.722],[16.502,39.747],[16.49,39.775],[16.492,39.805],[16.508,39.838],[16.542,39.885],[16.589,39.92],[16.605,39.943],[16.622,39.954],[16.632,39.966],[16.614,39.997],[16.599,40.034],[16.597,40.047],[16.605,40.084],[16.625,40.108],[16.64,40.119],[16.679,40.146],[16.716,40.194],[16.731,40.201],[16.738,40.211],[16.761,40.27],[16.783,40.302],[16.863,40.391],[16.912,40.445],[16.976,40.493],[17.05,40.519],[17.125,40.515],[17.133,40.513],[17.156,40.512],[17.166,40.509],[17.172,40.502],[17.176,40.493],[17.182,40.485],[17.19,40.482],[17.211,40.487],[17.229,40.497],[17.247,40.503],[17.269,40.496],[17.264,40.491],[17.262,40.489],[17.304,40.499],[17.323,40.498],[17.316,40.482],[17.296,40.473],[17.247,40.48],[17.228,40.474],[17.248,40.457],[17.243,40.441],[17.223,40.428],[17.2,40.42],[17.213,40.406],[17.24,40.395],[17.296,40.379],[17.351,40.355],[17.368,40.352],[17.375,40.349],[17.392,40.335],[17.399,40.331],[17.41,40.33],[17.43,40.332],[17.44,40.331],[17.494,40.307],[17.512,40.304],[17.848,40.29],[17.863,40.286],[17.913,40.255],[17.913,40.249],[17.9,40.249],[17.911,40.24],[17.917,40.227],[17.919,40.21],[17.92,40.191],[17.926,40.176],[17.941,40.163],[17.967,40.146],[17.997,40.12],[18.011,40.096],[18.003,40.074],[17.967,40.057],[17.978,40.052],[18.005,40.045],[18.016,40.036],[18.022,40.022],[18.02,40.01],[18.011,40.003],[17.995,40.003],[17.995,39.995],[18.007,39.986],[18.072,39.912],[18.081,39.906],[18.094,39.903],[18.131,39.883],[18.162,39.861],[18.187,39.852],[18.211,39.839],[18.224,39.838],[18.266,39.838],[18.282,39.833],[18.33,39.803],[18.338,39.8],[18.347,39.798],[18.368,39.797],[18.374,39.8],[18.384,39.814],[18.389,39.817],[18.386,39.825],[18.4,39.879],[18.4,39.89],[18.393,39.916],[18.395,39.926],[18.404,39.947],[18.408,39.968],[18.411,39.979],[18.434,40.023],[18.47,40.043],[18.484,40.055],[18.492,40.085],[18.508,40.095],[18.516,40.104],[18.517,40.114],[18.514,40.121],[18.511,40.128],[18.516,40.139],[18.509,40.142],[18.504,40.146],[18.5,40.152],[18.437,40.268],[18.37,40.339],[18.362,40.345],[18.344,40.352],[18.329,40.367],[18.303,40.4],[18.27,40.421],[18.259,40.431],[18.238,40.458],[18.231,40.461],[18.212,40.465],[18.12,40.505],[18.037,40.557],[18.043,40.602],[18.039,40.608],[18.016,40.625],[18.011,40.635],[18.011,40.644],[18.007,40.651],[17.992,40.653],[17.966,40.647],[17.955,40.647],[17.956,40.67],[17.922,40.683],[17.844,40.694],[17.748,40.748],[17.645,40.78],[17.635,40.785],[17.548,40.802],[17.512,40.82],[17.492,40.824],[17.476,40.83],[17.414,40.881],[17.378,40.902],[17.361,40.906],[17.348,40.912],[17.31,40.955],[17.276,40.98],[17.203,41.021],[17.057,41.082],[16.885,41.124],[16.864,41.14],[16.858,41.14],[16.858,41.133],[16.851,41.133],[16.831,41.146],[16.594,41.207],[16.554,41.227],[16.539,41.239],[16.521,41.25],[16.46,41.263],[16.301,41.328],[16.114,41.393],[16.1,41.404],[16.085,41.413],[16.022,41.428],[15.961,41.459],[15.934,41.479],[15.912,41.503],[15.896,41.536],[15.891,41.577],[15.9,41.615],[15.925,41.64],[16.028,41.68],[16.063,41.701],[16.09,41.726],[16.107,41.738],[16.128,41.742],[16.146,41.749],[16.167,41.763],[16.184,41.78],[16.193,41.791],[16.193,41.808],[16.192,41.821],[16.184,41.858],[16.176,41.877],[16.179,41.893],[16.161,41.893],[16.14,41.92],[16.112,41.926],[16.111,41.928],[16.027,41.944],[15.774,41.921],[15.611,41.928],[15.446,41.907],[15.401,41.908],[15.282,41.928],[15.165,41.928],[15.144,41.931],[15.123,41.934],[15.104,41.942],[15.063,41.964],[15.045,41.969],[15.035,41.975],[15.007,42.001],[14.994,42.011],[14.952,42.021],[14.871,42.032],[14.835,42.044],[14.8,42.066],[14.78,42.075],[14.763,42.078],[14.757,42.079],[14.741,42.085],[14.73,42.099],[14.723,42.119],[14.717,42.16],[14.709,42.175],[14.694,42.185],[14.653,42.191],[14.596,42.209],[14.56,42.226],[14.429,42.322],[14.387,42.373],[14.356,42.393],[14.284,42.428],[14.221,42.47],[14.075,42.599],[14.069,42.61],[14.063,42.625],[14.001,42.698],[13.98,42.73],[13.945,42.798],[13.906,42.902],[13.865,43.007],[13.849,43.092],[13.835,43.127],[13.803,43.178],[13.791,43.192],[13.787,43.201],[13.78,43.237],[13.776,43.244],[13.76,43.264],[13.617,43.531],[13.625,43.547],[13.616,43.56],[13.598,43.57],[13.579,43.573],[13.569,43.58],[13.558,43.597],[13.543,43.613],[13.524,43.621],[13.521,43.623],[13.519,43.627],[13.516,43.632],[13.51,43.634],[13.504,43.633],[13.501,43.631],[13.499,43.628],[13.496,43.628],[13.491,43.624],[13.483,43.616],[13.473,43.612],[13.447,43.624],[13.4,43.636],[13.39,43.645],[13.37,43.65],[13.253,43.703],[12.947,43.898],[12.939,43.905],[12.929,43.916],[12.862,43.935],[12.823,43.959],[12.804,43.967],[12.756,43.972],[12.754,43.972],[12.71,43.983],[12.692,43.991],[12.661,44.008],[12.631,44.03],[12.574,44.086],[12.547,44.093],[12.511,44.115],[12.479,44.139],[12.458,44.166],[12.417,44.195],[12.39,44.223],[12.369,44.251],[12.35,44.288],[12.344,44.308],[12.342,44.329],[12.339,44.334],[12.325,44.348],[12.321,44.354],[12.318,44.361],[12.314,44.387],[12.284,44.488],[12.28,44.532],[12.286,44.603],[12.283,44.614],[12.275,44.621],[12.266,44.636],[12.253,44.668],[12.247,44.712],[12.254,44.751],[12.28,44.821],[12.266,44.821],[12.266,44.827],[12.292,44.843],[12.303,44.843],[12.321,44.833],[12.347,44.815],[12.357,44.804],[12.376,44.792],[12.398,44.794],[12.416,44.803],[12.424,44.821],[12.416,44.821],[12.404,44.825],[12.397,44.827],[12.397,44.833],[12.408,44.836],[12.416,44.844],[12.417,44.851],[12.392,44.859],[12.392,44.868],[12.404,44.885],[12.407,44.891],[12.416,44.9],[12.427,44.905],[12.438,44.901],[12.443,44.89],[12.439,44.878],[12.424,44.855],[12.432,44.846],[12.439,44.835],[12.443,44.825],[12.445,44.821],[12.474,44.846],[12.487,44.862],[12.493,44.878],[12.495,44.91],[12.499,44.921],[12.507,44.922],[12.513,44.922],[12.515,44.928],[12.519,44.934],[12.527,44.943],[12.523,44.95],[12.533,44.961],[12.534,44.97],[12.528,44.98],[12.517,44.988],[12.503,44.991],[12.486,44.991],[12.486,44.984],[12.489,44.983],[12.496,44.984],[12.499,44.984],[12.486,44.977],[12.465,44.992],[12.445,45.011],[12.434,45.016],[12.426,45.02],[12.41,45.032],[12.413,45.043],[12.401,45.05],[12.383,45.056],[12.369,45.066],[12.381,45.051],[12.387,45.039],[12.384,45.026],[12.369,45.011],[12.355,45.025],[12.361,45.027],[12.364,45.029],[12.368,45.031],[12.376,45.032],[12.376,45.039],[12.363,45.052],[12.353,45.067],[12.341,45.081],[12.321,45.094],[12.324,45.087],[12.325,45.084],[12.328,45.08],[12.307,45.079],[12.297,45.089],[12.297,45.106],[12.307,45.128],[12.307,45.124],[12.308,45.114],[12.307,45.108],[12.318,45.103],[12.328,45.101],[12.322,45.139],[12.321,45.172],[12.315,45.186],[12.304,45.201],[12.298,45.215],[12.307,45.231],[12.296,45.227],[12.274,45.211],[12.259,45.203],[12.263,45.201],[12.264,45.2],[12.266,45.197],[12.247,45.197],[12.23,45.204],[12.221,45.216],[12.225,45.231],[12.215,45.237],[12.211,45.243],[12.214,45.248],[12.225,45.251],[12.221,45.269],[12.221,45.283],[12.217,45.294],[12.197,45.3],[12.202,45.288],[12.199,45.275],[12.192,45.263],[12.181,45.258],[12.169,45.262],[12.16,45.283],[12.149,45.292],[12.154,45.313],[12.163,45.316],[12.174,45.311],[12.188,45.306],[12.209,45.309],[12.216,45.316],[12.221,45.327],[12.232,45.341],[12.224,45.354],[12.228,45.357],[12.238,45.358],[12.245,45.361],[12.248,45.371],[12.247,45.378],[12.249,45.385],[12.259,45.395],[12.249,45.403],[12.246,45.411],[12.25,45.421],[12.259,45.43],[12.253,45.43],[12.253,45.436],[12.273,45.464],[12.31,45.489],[12.35,45.505],[12.383,45.504],[12.381,45.495],[12.393,45.492],[12.412,45.493],[12.424,45.498],[12.424,45.504],[12.39,45.514],[12.384,45.523],[12.397,45.539],[12.404,45.518],[12.41,45.518],[12.418,45.524],[12.435,45.512],[12.451,45.512],[12.451,45.518],[12.442,45.53],[12.459,45.548],[12.485,45.565],[12.507,45.573],[12.511,45.559],[12.518,45.55],[12.537,45.536],[12.544,45.537],[12.57,45.549],[12.582,45.553],[12.574,45.54],[12.563,45.532],[12.548,45.527],[12.53,45.526],[12.521,45.519],[12.521,45.505],[12.515,45.493],[12.493,45.491],[12.493,45.498],[12.503,45.498],[12.507,45.498],[12.506,45.499],[12.503,45.503],[12.5,45.506],[12.499,45.504],[12.497,45.507],[12.487,45.504],[12.476,45.504],[12.465,45.504],[12.479,45.491],[12.472,45.486],[12.467,45.486],[12.463,45.49],[12.458,45.498],[12.451,45.498],[12.451,45.489],[12.447,45.484],[12.441,45.483],[12.431,45.484],[12.436,45.475],[12.429,45.464],[12.418,45.451],[12.41,45.436],[12.424,45.438],[12.451,45.45],[12.488,45.457],[12.496,45.46],[12.513,45.47],[12.612,45.496],[12.781,45.554],[12.944,45.629],[12.982,45.635],[13.061,45.637],[13.085,45.642],[13.096,45.652],[13.096,45.652],[13.103,45.669],[13.138,45.689],[13.15,45.704],[13.112,45.691],[13.091,45.689],[13.075,45.697],[13.07,45.714],[13.081,45.728],[13.101,45.736],[13.123,45.737],[13.123,45.745],[13.112,45.749],[13.108,45.758],[13.111,45.768],[13.119,45.772],[13.131,45.769],[13.14,45.755],[13.15,45.752],[13.158,45.755],[13.169,45.769],[13.205,45.778],[13.216,45.779],[13.222,45.776],[13.246,45.759],[13.255,45.756],[13.352,45.74],[13.369,45.745],[13.382,45.73],[13.423,45.724],[13.431,45.707],[13.425,45.699],[13.409,45.691],[13.391,45.686],[13.377,45.683],[13.402,45.675],[13.428,45.681],[13.452,45.694],[13.469,45.707],[13.48,45.711],[13.508,45.714],[13.513,45.721],[13.518,45.725],[13.555,45.737],[13.528,45.741],[13.524,45.76],[13.534,45.782],[13.551,45.792],[13.574,45.79],[13.629,45.773],[13.647,45.762],[13.726,45.704],[13.739,45.692],[13.754,45.672],[13.758,45.655],[13.739,45.649],[13.777,45.635],[13.786,45.624],[13.796,45.617],[13.808,45.614],[13.787,45.611],[13.757,45.614],[13.73,45.613],[13.719,45.601],[13.712,45.593],[13.727,45.581],[13.742,45.57],[13.753,45.559],[13.753,45.553],[13.675,45.545],[13.59,45.536],[13.569,45.539],[13.573,45.53],[13.579,45.523],[13.586,45.519],[13.596,45.518],[13.596,45.512],[13.589,45.502],[13.592,45.493],[13.59,45.489],[13.569,45.491],[13.523,45.506],[13.513,45.512],[13.507,45.512],[13.501,45.499],[13.505,45.484],[13.521,45.457],[13.518,45.45],[13.516,45.448],[13.516,45.447],[13.521,45.443],[13.519,45.44],[13.515,45.438],[13.513,45.436],[13.543,45.376],[13.555,45.367],[13.555,45.361],[13.541,45.357],[13.541,45.346],[13.551,45.334],[13.562,45.326],[13.571,45.325],[13.598,45.324],[13.61,45.32],[13.594,45.311],[13.586,45.308],[13.575,45.306],[13.579,45.299],[13.585,45.293],[13.593,45.289],[13.603,45.285],[13.603,45.279],[13.592,45.279],[13.584,45.276],[13.579,45.271],[13.575,45.265],[13.588,45.26],[13.595,45.251],[13.596,45.241],[13.589,45.231],[13.594,45.221],[13.594,45.213],[13.591,45.206],[13.582,45.203],[13.582,45.197],[13.591,45.192],[13.594,45.187],[13.594,45.182],[13.589,45.175],[13.599,45.171],[13.601,45.165],[13.598,45.156],[13.596,45.145],[13.601,45.137],[13.612,45.137],[13.637,45.142],[13.684,45.143],[13.707,45.141],[13.726,45.135],[13.639,45.13],[13.613,45.118],[13.637,45.094],[13.633,45.089],[13.628,45.079],[13.623,45.073],[13.644,45.071],[13.661,45.061],[13.673,45.051],[13.681,45.046],[13.733,44.995],[13.774,44.964],[13.797,44.925],[13.808,44.915],[13.803,44.911],[13.799,44.904],[13.795,44.901],[13.795,44.895],[13.805,44.885],[13.815,44.884],[13.842,44.888],[13.834,44.873],[13.82,44.868],[13.805,44.871],[13.795,44.881],[13.787,44.875],[13.799,44.865],[13.816,44.857],[13.831,44.853],[13.842,44.855],[13.849,44.847],[13.842,44.84],[13.846,44.84],[13.853,44.841],[13.856,44.84],[13.854,44.837],[13.851,44.83],[13.849,44.827],[13.86,44.826],[13.89,44.817],[13.897,44.813],[13.9,44.798],[13.899,44.782],[13.903,44.772],[13.918,44.778],[13.913,44.782],[13.904,44.799],[13.909,44.809],[13.904,44.817],[13.894,44.823],[13.883,44.827],[13.89,44.833],[13.9,44.829],[13.91,44.831],[13.919,44.829],[13.925,44.813],[13.93,44.815],[13.93,44.816],[13.932,44.821],[13.946,44.814],[13.964,44.812],[14,44.813],[13.994,44.821],[13.989,44.825],[13.983,44.827],[13.973,44.827],[13.976,44.835],[13.976,44.837],[13.975,44.84],[13.973,44.847],[13.981,44.86],[13.986,44.864],[13.993,44.868],[13.993,44.875],[13.986,44.875],[13.986,44.881],[13.993,44.881],[13.986,44.892],[13.981,44.897],[13.973,44.901],[13.988,44.901],[14.011,44.905],[14.021,44.901],[14.022,44.905],[14.021,44.907],[14.023,44.908],[14.028,44.909],[14.028,44.915],[14.023,44.921],[14.022,44.923],[14.027,44.924],[14.035,44.922],[14.039,44.932],[14.04,44.941],[14.039,44.949],[14.035,44.956],[14.04,44.956],[14.044,44.951],[14.051,44.956],[14.065,44.976],[14.076,44.984],[14.072,44.993],[14.064,44.996],[14.055,44.997],[14.044,45.001],[14.04,45.009],[14.044,45.027],[14.04,45.039],[14.052,45.038],[14.053,45.033],[14.052,45.026],[14.055,45.018],[14.076,45.005],[14.084,44.986],[14.08,44.978],[14.072,44.969],[14.069,44.95],[14.076,44.95],[14.08,44.957],[14.09,44.966],[14.101,44.974],[14.113,44.977],[14.124,44.975],[14.132,44.972],[14.14,44.971],[14.151,44.977],[14.164,44.996],[14.166,45.019],[14.159,45.04],[14.144,45.053],[14.144,45.059],[14.147,45.057],[14.154,45.055],[14.158,45.053],[14.154,45.072],[14.154,45.079],[14.158,45.087],[14.164,45.08],[14.18,45.091],[14.193,45.106],[14.195,45.121],[14.179,45.135],[14.209,45.126],[14.233,45.149],[14.234,45.153],[14.235,45.155],[14.248,45.186],[14.258,45.256],[14.272,45.29],[14.291,45.321],[14.312,45.344],[14.33,45.354],[14.346,45.352],[14.364,45.345],[14.402,45.339],[14.511,45.3],[14.524,45.289],[14.533,45.284],[14.543,45.284],[14.552,45.288],[14.555,45.296],[14.552,45.298],[14.534,45.313],[14.571,45.294],[14.582,45.285],[14.569,45.276],[14.576,45.262],[14.593,45.25],[14.607,45.244],[14.658,45.197],[14.766,45.137],[14.827,45.114],[14.843,45.106],[14.853,45.094],[14.856,45.076],[14.914,44.981],[14.922,44.959],[14.915,44.94],[14.905,44.925],[14.884,44.861],[14.881,44.844],[14.884,44.789],[14.887,44.768],[14.894,44.751],[14.895,44.736],[14.884,44.724],[14.901,44.69],[15.001,44.579],[15.007,44.57],[15.015,44.569],[15.048,44.55],[15.052,44.545],[15.08,44.536],[15.108,44.514],[15.155,44.467],[15.294,44.365],[15.308,44.354],[15.406,44.321],[15.414,44.317],[15.444,44.288],[15.449,44.285],[15.515,44.279],[15.529,44.272],[15.525,44.261],[15.504,44.259],[15.424,44.268],[15.409,44.272],[15.337,44.302],[15.309,44.309],[15.281,44.328],[15.261,44.333],[15.269,44.32],[15.278,44.31],[15.289,44.302],[15.303,44.299],[15.298,44.294],[15.295,44.29],[15.291,44.287],[15.282,44.285],[15.295,44.251],[15.28,44.252],[15.268,44.258],[15.248,44.278],[15.198,44.302],[15.201,44.298],[15.207,44.285],[15.199,44.285],[15.195,44.289],[15.194,44.289],[15.193,44.287],[15.185,44.285],[15.208,44.273],[15.198,44.257],[15.177,44.25],[15.165,44.261],[15.158,44.28],[15.141,44.282],[15.122,44.275],[15.11,44.264],[15.132,44.255],[15.152,44.235],[15.16,44.213],[15.145,44.195],[15.197,44.156],[15.213,44.148],[15.209,44.138],[15.213,44.131],[15.222,44.126],[15.233,44.121],[15.278,44.086],[15.278,44.082],[15.32,44.045],[15.34,44.039],[15.358,44.026],[15.384,43.997],[15.439,43.95],[15.446,43.941],[15.45,43.934],[15.455,43.928],[15.466,43.922],[15.474,43.919],[15.482,43.917],[15.498,43.916],[15.512,43.911],[15.525,43.9],[15.545,43.878],[15.547,43.877],[15.574,43.86],[15.639,43.836],[15.666,43.819],[15.667,43.82],[15.669,43.821],[15.673,43.821],[15.679,43.819],[15.679,43.812],[15.663,43.813],[15.647,43.816],[15.617,43.826],[15.633,43.81],[15.658,43.805],[15.682,43.797],[15.693,43.775],[15.706,43.763],[15.771,43.76],[15.792,43.754],[15.803,43.746],[15.844,43.73],[15.851,43.724],[15.865,43.708],[15.871,43.703],[15.877,43.702],[15.886,43.7],[15.893,43.701],[15.907,43.691],[15.931,43.677],[15.94,43.678],[15.939,43.696],[15.95,43.689],[15.952,43.68],[15.946,43.672],[15.932,43.668],[15.943,43.664],[15.951,43.657],[15.953,43.651],[15.942,43.648],[15.935,43.65],[15.927,43.653],[15.917,43.654],[15.905,43.648],[15.921,43.648],[15.966,43.641],[15.966,43.634],[15.93,43.634],[15.919,43.629],[15.925,43.614],[15.918,43.606],[15.925,43.6],[15.918,43.593],[15.922,43.592],[15.932,43.587],[15.928,43.584],[15.923,43.581],[15.918,43.579],[15.918,43.573],[15.935,43.573],[15.944,43.567],[15.942,43.56],[15.925,43.559],[15.948,43.553],[15.956,43.548],[15.959,43.538],[15.965,43.542],[15.971,43.544],[15.987,43.545],[15.982,43.537],[15.984,43.532],[15.987,43.527],[15.984,43.521],[15.974,43.517],[15.967,43.517],[15.961,43.515],[15.959,43.504],[15.964,43.504],[15.966,43.506],[15.966,43.509],[15.966,43.511],[15.973,43.503],[15.996,43.503],[16.008,43.497],[16.008,43.504],[16.014,43.504],[16.028,43.495],[16.04,43.491],[16.066,43.49],[16.098,43.48],[16.113,43.479],[16.111,43.49],[16.172,43.49],[16.165,43.504],[16.151,43.511],[16.118,43.518],[16.118,43.524],[16.24,43.527],[16.281,43.536],[16.299,43.538],[16.306,43.54],[16.325,43.549],[16.337,43.551],[16.434,43.55],[16.457,43.546],[16.473,43.538],[16.456,43.529],[16.434,43.522],[16.411,43.518],[16.391,43.518],[16.391,43.511],[16.467,43.511],[16.504,43.504],[16.51,43.505],[16.519,43.51],[16.525,43.511],[16.53,43.509],[16.533,43.504],[16.533,43.5],[16.535,43.497],[16.626,43.449],[16.694,43.438],[16.752,43.42],[16.881,43.406],[16.889,43.401],[16.896,43.395],[16.906,43.387],[16.934,43.374],[17.028,43.284],[17.032,43.282],[17.045,43.28],[17.049,43.278],[17.051,43.274],[17.054,43.261],[17.056,43.257],[17.067,43.245],[17.073,43.239],[17.08,43.237],[17.09,43.235],[17.1,43.232],[17.108,43.226],[17.114,43.213],[17.121,43.209],[17.138,43.202],[17.172,43.182],[17.316,43.127],[17.371,43.074],[17.405,43.052],[17.426,43.065],[17.427,43.061],[17.434,43.052],[17.426,43.045],[17.432,43.036],[17.441,43.032],[17.45,43.031],[17.46,43.031],[17.441,43.02],[17.434,43.017],[17.453,43.023],[17.472,43.03],[17.488,43.035],[17.502,43.031],[17.479,43.022],[17.471,43.013],[17.475,43.001],[17.488,42.983],[17.499,42.972],[17.516,42.959],[17.535,42.951],[17.55,42.955],[17.58,42.942],[17.581,42.942],[17.603,42.933],[17.618,42.922],[17.601,42.925],[17.574,42.934],[17.556,42.935],[17.653,42.891],[17.653,42.891],[17.679,42.879],[17.707,42.887],[17.714,42.881],[17.702,42.868],[17.711,42.857],[17.741,42.839],[17.716,42.844],[17.674,42.875],[17.659,42.873],[17.653,42.873],[17.642,42.884],[17.623,42.891],[17.584,42.901],[17.568,42.909],[17.559,42.913],[17.547,42.914],[17.542,42.915],[17.532,42.921],[17.526,42.922],[17.522,42.92],[17.523,42.91],[17.519,42.908],[17.508,42.909],[17.499,42.912],[17.481,42.922],[17.477,42.922],[17.465,42.921],[17.46,42.922],[17.457,42.927],[17.456,42.933],[17.456,42.938],[17.454,42.942],[17.426,42.961],[17.39,42.978],[17.24,43.023],[17.159,43.031],[17.073,43.024],[17.056,43.029],[17.023,43.049],[17.002,43.052],[17.008,43.045],[17.013,43.039],[17.019,43.034],[17.028,43.031],[17.028,43.024],[17.018,43.014],[17.028,43.004],[17.046,42.995],[17.063,42.99],[17.095,42.984],[17.202,42.984],[17.214,42.983],[17.222,42.98],[17.237,42.971],[17.271,42.963],[17.351,42.922],[17.417,42.911],[17.443,42.899],[17.44,42.873],[17.525,42.849],[17.58,42.841],[17.633,42.823],[17.679,42.816],[17.729,42.801],[17.749,42.791],[17.75,42.786],[17.749,42.778],[17.749,42.772],[17.755,42.771],[17.762,42.774],[17.762,42.779],[17.749,42.803],[17.74,42.813],[17.721,42.826],[17.735,42.822],[17.759,42.808],[17.765,42.804],[17.768,42.802],[17.774,42.799],[17.78,42.797],[17.786,42.805],[17.792,42.809],[17.8,42.811],[17.807,42.812],[17.835,42.807],[17.865,42.79],[17.893,42.791],[17.881,42.769],[17.902,42.752],[17.961,42.729],[18.003,42.701],[18.028,42.691],[18.043,42.702],[18.048,42.691],[18.056,42.683],[18.077,42.668],[18.057,42.668],[18.064,42.658],[18.076,42.651],[18.092,42.648],[18.109,42.647],[18.125,42.645],[18.166,42.627],[18.218,42.62],[18.223,42.615],[18.223,42.602],[18.221,42.588],[18.221,42.579],[18.239,42.559],[18.412,42.476],[18.413,42.462],[18.428,42.455],[18.461,42.448],[18.474,42.441],[18.496,42.416],[18.51,42.405],[18.53,42.4],[18.513,42.409],[18.521,42.438],[18.502,42.448],[18.502,42.456],[18.609,42.445],[18.654,42.452],[18.687,42.483],[18.683,42.468],[18.684,42.459],[18.707,42.421],[18.708,42.409],[18.7,42.393],[18.686,42.404],[18.657,42.416],[18.645,42.418],[18.563,42.439],[18.55,42.435],[18.545,42.424],[18.553,42.414],[18.578,42.4],[18.574,42.398],[18.573,42.398],[18.573,42.396],[18.571,42.393],[18.581,42.39],[18.595,42.384],[18.607,42.376],[18.612,42.37],[18.617,42.368],[18.638,42.37],[18.646,42.366],[18.653,42.366],[18.659,42.387],[18.678,42.386],[18.696,42.374],[18.694,42.359],[18.694,42.353],[18.7,42.35],[18.708,42.342],[18.714,42.339],[18.715,42.325],[18.73,42.312],[18.762,42.291],[18.772,42.277],[18.779,42.271],[18.786,42.274],[18.789,42.276],[18.794,42.28],[18.802,42.284],[18.818,42.291],[18.82,42.287],[18.827,42.282],[18.831,42.278],[18.839,42.286],[18.854,42.29],[18.872,42.29],[18.886,42.284],[18.895,42.27],[18.902,42.237],[18.913,42.222],[18.953,42.2],[18.968,42.189],[18.982,42.167],[18.988,42.164],[18.995,42.164],[19,42.161],[19.002,42.15],[19.011,42.14],[19.049,42.14],[19.064,42.12],[19.076,42.116],[19.084,42.11],[19.075,42.096],[19.083,42.081],[19.139,42.042],[19.144,41.993],[19.143,41.989],[19.138,41.985],[19.145,41.978],[19.156,41.971],[19.16,41.969],[19.163,41.959],[19.162,41.953],[19.162,41.948],[19.17,41.938],[19.178,41.934],[19.203,41.927],[19.22,41.919],[19.293,41.901],[19.31,41.895],[19.347,41.864],[19.365,41.852],[19.433,41.869],[19.451,41.863],[19.466,41.855],[19.585,41.819],[19.592,41.819],[19.6,41.8],[19.599,41.779],[19.59,41.766],[19.571,41.77],[19.571,41.752],[19.576,41.719],[19.578,41.688],[19.558,41.661],[19.587,41.641],[19.592,41.633],[19.6,41.639],[19.605,41.632],[19.613,41.605],[19.603,41.602],[19.596,41.603],[19.592,41.609],[19.592,41.62],[19.585,41.62],[19.565,41.585],[19.556,41.583],[19.528,41.577],[19.441,41.585],[19.452,41.575],[19.468,41.554],[19.482,41.544],[19.496,41.539],[19.507,41.536],[19.514,41.53],[19.517,41.513],[19.509,41.487],[19.489,41.466],[19.465,41.451],[19.441,41.441],[19.445,41.415],[19.429,41.401],[19.406,41.4],[19.393,41.414],[19.396,41.402],[19.411,41.392],[19.414,41.383],[19.414,41.341],[19.419,41.323],[19.432,41.314],[19.45,41.311],[19.472,41.311],[19.488,41.306],[19.503,41.294],[19.513,41.277],[19.517,41.256],[19.51,41.237],[19.469,41.188],[19.467,41.176],[19.467,41.163],[19.464,41.151],[19.442,41.144],[19.441,41.137],[19.445,41.129],[19.451,41.123],[19.456,41.107],[19.445,41.031],[19.441,41.026],[19.441,41.021],[19.448,41.009],[19.454,41.006],[19.47,41.001],[19.475,40.996],[19.477,40.975],[19.47,40.957],[19.459,40.943],[19.448,40.934],[19.453,40.928],[19.454,40.924],[19.48,40.954],[19.492,40.977],[19.495,41.003],[19.501,40.983],[19.515,40.965],[19.525,40.945],[19.523,40.921],[19.507,40.905],[19.454,40.886],[19.441,40.872],[19.439,40.88],[19.438,40.883],[19.438,40.887],[19.435,40.872],[19.427,40.872],[19.427,40.893],[19.435,40.913],[19.427,40.937],[19.441,40.949],[19.425,40.94],[19.405,40.918],[19.39,40.914],[19.381,40.908],[19.391,40.895],[19.406,40.88],[19.414,40.869],[19.411,40.867],[19.405,40.861],[19.398,40.853],[19.393,40.845],[19.397,40.839],[19.404,40.829],[19.407,40.821],[19.396,40.817],[19.378,40.813],[19.369,40.802],[19.366,40.786],[19.365,40.727],[19.361,40.71],[19.352,40.694],[19.339,40.684],[19.323,40.675],[19.309,40.665],[19.304,40.653],[19.31,40.644],[19.379,40.566],[19.386,40.551],[19.392,40.578],[19.416,40.583],[19.442,40.573],[19.455,40.554],[19.453,40.53],[19.446,40.511],[19.434,40.506],[19.414,40.523],[19.407,40.523],[19.399,40.521],[19.396,40.53],[19.393,40.537],[19.386,40.543],[19.391,40.522],[19.419,40.492],[19.453,40.465],[19.479,40.454],[19.482,40.439],[19.475,40.348],[19.466,40.341],[19.445,40.334],[19.424,40.33],[19.414,40.334],[19.412,40.348],[19.407,40.363],[19.393,40.386],[19.384,40.397],[19.348,40.431],[19.333,40.439],[19.316,40.438],[19.29,40.427],[19.29,40.42],[19.295,40.419],[19.295,40.418],[19.297,40.414],[19.309,40.401],[19.344,40.374],[19.352,40.362],[19.365,40.317],[19.37,40.309],[19.381,40.295],[19.476,40.214],[19.509,40.194],[19.566,40.18],[19.598,40.158],[19.653,40.132],[19.719,40.116],[19.729,40.108],[19.733,40.11],[19.741,40.1],[19.748,40.089],[19.749,40.085],[19.756,40.08],[19.762,40.077],[19.767,40.072],[19.771,40.063],[19.772,40.068],[19.773,40.071],[19.777,40.078],[19.805,40.063],[19.797,40.057],[19.807,40.053],[19.823,40.051],[19.855,40.05],[19.863,40.045],[19.87,40.035],[19.877,40.022],[19.924,39.953],[19.941,39.94],[19.931,39.935],[19.921,39.927],[19.906,39.913],[19.906,39.906],[19.914,39.902],[19.931,39.902],[19.941,39.899],[19.955,39.893],[19.959,39.889],[19.96,39.885],[19.96,39.881],[19.962,39.879],[19.984,39.872],[19.999,39.871],[20.01,39.866],[20.016,39.845],[20.014,39.833],[19.996,39.783],[19.981,39.757],[19.986,39.754],[20.003,39.748],[19.987,39.718],[19.984,39.701],[19.989,39.687],[19.996,39.687],[19.997,39.693],[20,39.694],[20.004,39.693],[20.01,39.694],[20.022,39.688],[20.045,39.681],[20.089,39.673],[20.097,39.666],[20.105,39.661],[20.116,39.659],[20.121,39.657],[20.137,39.647],[20.14,39.642],[20.148,39.638],[20.165,39.634],[20.182,39.624],[20.188,39.604],[20.186,39.604],[20.177,39.599],[20.175,39.598],[20.174,39.593],[20.175,39.58],[20.175,39.577],[20.168,39.57],[20.161,39.564],[20.154,39.564],[20.147,39.571],[20.147,39.558],[20.146,39.547],[20.141,39.538],[20.134,39.53],[20.15,39.534],[20.166,39.535],[20.183,39.533],[20.202,39.53],[20.191,39.522],[20.202,39.52],[20.214,39.515],[20.222,39.509],[20.222,39.521],[20.236,39.521],[20.254,39.514],[20.264,39.509],[20.264,39.502],[20.255,39.492],[20.245,39.492],[20.233,39.494],[20.216,39.495],[20.216,39.489],[20.254,39.469],[20.264,39.461],[20.267,39.447],[20.254,39.444],[20.233,39.445],[20.216,39.44],[20.224,39.436],[20.235,39.42],[20.243,39.412],[20.243,39.406],[20.236,39.406],[20.236,39.399],[20.259,39.397],[20.27,39.387],[20.277,39.375],[20.291,39.365],[20.293,39.333],[20.325,39.304],[20.366,39.288],[20.394,39.297],[20.406,39.289],[20.419,39.283],[20.433,39.283],[20.448,39.289],[20.453,39.28],[20.46,39.277],[20.47,39.278],[20.482,39.283],[20.482,39.275],[20.476,39.267],[20.475,39.255],[20.477,39.243],[20.482,39.234],[20.479,39.225],[20.488,39.217],[20.518,39.201],[20.596,39.124],[20.628,39.105],[20.66,39.09],[20.687,39.072],[20.706,39.049],[20.716,39.015],[20.714,39.012],[20.709,39.009],[20.704,39.005],[20.702,38.998],[20.703,38.996],[20.706,38.994],[20.708,38.99],[20.709,38.984],[20.712,38.979],[20.719,38.974],[20.726,38.967],[20.729,38.957],[20.735,38.95],[20.747,38.958],[20.757,38.97],[20.757,38.974],[20.766,38.978],[20.773,38.978],[20.802,38.971],[20.82,38.962],[20.829,38.961],[20.832,38.964],[20.83,38.971],[20.823,38.978],[20.804,38.985],[20.757,39.015],[20.749,39.014],[20.745,39.015],[20.744,39.019],[20.743,39.029],[20.757,39.022],[20.762,39.032],[20.769,39.038],[20.777,39.042],[20.784,39.049],[20.788,39.061],[20.788,39.072],[20.792,39.081],[20.777,39.083],[20.777,39.091],[20.787,39.094],[20.795,39.099],[20.801,39.104],[20.805,39.111],[20.811,39.105],[20.822,39.114],[20.834,39.108],[20.838,39.092],[20.826,39.07],[20.829,39.074],[20.832,39.077],[20.838,39.078],[20.846,39.077],[20.847,39.072],[20.845,39.071],[20.845,39.069],[20.846,39.067],[20.846,39.063],[20.855,39.065],[20.858,39.059],[20.858,39.049],[20.86,39.042],[20.845,39.037],[20.886,39.036],[20.882,39.041],[20.871,39.043],[20.867,39.053],[20.87,39.059],[20.888,39.067],[20.894,39.077],[20.901,39.077],[20.909,39.069],[20.92,39.065],[20.931,39.065],[20.941,39.07],[20.948,39.07],[20.948,39.063],[20.94,39.061],[20.937,39.057],[20.935,39.057],[20.938,39.048],[20.944,39.039],[20.954,39.034],[20.966,39.039],[20.97,39.037],[20.979,39.031],[20.991,39.024],[21.003,39.022],[21.003,39.015],[21.058,39.009],[21.037,39.022],[21.055,39.038],[21.06,39.039],[21.065,39.041],[21.079,39.036],[21.074,39.043],[21.074,39.05],[21.078,39.057],[21.085,39.063],[21.136,39.023],[21.16,38.998],[21.161,38.974],[21.153,38.977],[21.145,38.971],[21.142,38.962],[21.147,38.954],[21.14,38.941],[21.142,38.931],[21.155,38.913],[21.159,38.911],[21.163,38.912],[21.167,38.911],[21.17,38.896],[21.173,38.891],[21.181,38.885],[21.177,38.876],[21.173,38.874],[21.167,38.875],[21.161,38.878],[21.16,38.881],[21.137,38.903],[21.121,38.91],[21.102,38.911],[21.092,38.905],[21.099,38.892],[21.099,38.885],[21.093,38.882],[21.089,38.878],[21.086,38.873],[21.085,38.864],[21.061,38.882],[21.048,38.889],[21.034,38.892],[21.026,38.898],[21.027,38.912],[21.03,38.926],[21.027,38.933],[21.009,38.934],[20.998,38.938],[20.989,38.943],[20.975,38.947],[20.959,38.947],[20.947,38.944],[20.937,38.944],[20.928,38.954],[20.921,38.954],[20.916,38.936],[20.904,38.928],[20.887,38.926],[20.867,38.926],[20.872,38.933],[20.872,38.936],[20.869,38.938],[20.867,38.94],[20.87,38.943],[20.871,38.947],[20.87,38.953],[20.867,38.961],[20.86,38.961],[20.85,38.944],[20.836,38.929],[20.817,38.921],[20.798,38.926],[20.782,38.935],[20.775,38.952],[20.77,38.959],[20.757,38.94],[20.754,38.925],[20.756,38.907],[20.764,38.892],[20.786,38.884],[20.794,38.88],[20.802,38.874],[20.805,38.868],[20.8,38.865],[20.789,38.864],[20.767,38.864],[20.749,38.857],[20.741,38.841],[20.737,38.823],[20.729,38.81],[20.729,38.804],[20.764,38.782],[20.767,38.774],[20.769,38.765],[20.773,38.761],[20.784,38.768],[20.792,38.767],[20.798,38.772],[20.804,38.773],[20.811,38.763],[20.819,38.774],[20.831,38.788],[20.845,38.8],[20.86,38.804],[20.873,38.795],[20.883,38.779],[20.907,38.699],[20.914,38.686],[20.927,38.677],[20.94,38.673],[20.979,38.673],[20.988,38.664],[21.004,38.626],[21.025,38.608],[21.025,38.587],[21.017,38.546],[21.019,38.535],[21.028,38.521],[21.031,38.511],[21.036,38.507],[21.047,38.511],[21.058,38.519],[21.062,38.522],[21.071,38.526],[21.079,38.532],[21.087,38.536],[21.096,38.532],[21.097,38.526],[21.095,38.518],[21.085,38.502],[21.09,38.5],[21.095,38.496],[21.099,38.494],[21.093,38.494],[21.088,38.492],[21.079,38.488],[21.09,38.483],[21.097,38.481],[21.106,38.481],[21.106,38.474],[21.101,38.465],[21.111,38.446],[21.106,38.433],[21.12,38.44],[21.116,38.428],[21.107,38.425],[21.095,38.43],[21.085,38.44],[21.084,38.436],[21.083,38.435],[21.082,38.435],[21.079,38.433],[21.082,38.421],[21.087,38.41],[21.095,38.403],[21.106,38.399],[21.115,38.41],[21.122,38.41],[21.14,38.399],[21.134,38.389],[21.125,38.38],[21.114,38.374],[21.103,38.378],[21.106,38.385],[21.101,38.38],[21.093,38.364],[21.096,38.367],[21.106,38.372],[21.109,38.36],[21.106,38.353],[21.097,38.348],[21.085,38.344],[21.098,38.341],[21.128,38.34],[21.14,38.337],[21.146,38.327],[21.149,38.314],[21.156,38.304],[21.174,38.303],[21.175,38.313],[21.183,38.319],[21.195,38.322],[21.2,38.323],[21.193,38.324],[21.186,38.327],[21.181,38.331],[21.19,38.341],[21.197,38.34],[21.205,38.334],[21.213,38.331],[21.232,38.329],[21.239,38.331],[21.25,38.337],[21.265,38.347],[21.272,38.354],[21.268,38.358],[21.266,38.361],[21.27,38.368],[21.278,38.371],[21.291,38.364],[21.299,38.372],[21.295,38.373],[21.294,38.374],[21.291,38.378],[21.298,38.381],[21.319,38.39],[21.329,38.392],[21.337,38.396],[21.34,38.405],[21.343,38.416],[21.346,38.426],[21.343,38.428],[21.342,38.429],[21.341,38.429],[21.339,38.433],[21.353,38.433],[21.312,38.487],[21.309,38.494],[21.318,38.495],[21.323,38.496],[21.327,38.495],[21.339,38.488],[21.36,38.468],[21.37,38.408],[21.377,38.399],[21.396,38.398],[21.416,38.394],[21.428,38.384],[21.422,38.364],[21.433,38.366],[21.437,38.368],[21.443,38.372],[21.45,38.367],[21.459,38.366],[21.467,38.368],[21.476,38.372],[21.47,38.358],[21.49,38.358],[21.48,38.352],[21.476,38.351],[21.476,38.344],[21.48,38.342],[21.49,38.337],[21.484,38.329],[21.483,38.325],[21.485,38.321],[21.49,38.317],[21.49,38.309],[21.476,38.316],[21.461,38.327],[21.445,38.334],[21.428,38.331],[21.469,38.313],[21.476,38.306],[21.482,38.305],[21.494,38.305],[21.508,38.302],[21.518,38.296],[21.524,38.296],[21.535,38.314],[21.6,38.351],[21.614,38.345],[21.627,38.348],[21.642,38.354],[21.658,38.358],[21.716,38.358],[21.743,38.338],[21.763,38.328],[21.772,38.334],[21.775,38.353],[21.782,38.364],[21.831,38.397],[21.841,38.399],[21.846,38.395],[21.851,38.388],[21.856,38.381],[21.864,38.378],[21.879,38.378],[21.889,38.38],[21.929,38.403],[21.958,38.412],[21.988,38.411],[22.011,38.392],[22.03,38.399],[22.049,38.399],[22.101,38.38],[22.133,38.373],[22.148,38.364],[22.146,38.354],[22.151,38.353],[22.16,38.354],[22.169,38.351],[22.175,38.343],[22.181,38.33],[22.189,38.323],[22.196,38.34],[22.209,38.353],[22.225,38.36],[22.237,38.358],[22.243,38.358],[22.253,38.361],[22.266,38.359],[22.279,38.353],[22.285,38.347],[22.323,38.351],[22.348,38.347],[22.368,38.342],[22.382,38.343],[22.388,38.351],[22.381,38.358],[22.39,38.362],[22.396,38.368],[22.399,38.376],[22.395,38.385],[22.39,38.381],[22.386,38.38],[22.381,38.384],[22.374,38.392],[22.381,38.399],[22.408,38.416],[22.407,38.425],[22.403,38.443],[22.402,38.453],[22.448,38.43],[22.459,38.428],[22.463,38.426],[22.468,38.421],[22.477,38.406],[22.525,38.359],[22.539,38.337],[22.528,38.334],[22.526,38.332],[22.529,38.329],[22.532,38.323],[22.534,38.323],[22.545,38.306],[22.546,38.303],[22.563,38.294],[22.576,38.29],[22.589,38.293],[22.6,38.303],[22.6,38.308],[22.598,38.311],[22.599,38.313],[22.606,38.317],[22.606,38.323],[22.599,38.325],[22.595,38.326],[22.592,38.328],[22.587,38.331],[22.587,38.337],[22.592,38.344],[22.601,38.356],[22.612,38.364],[22.624,38.361],[22.637,38.356],[22.646,38.362],[22.645,38.37],[22.627,38.372],[22.646,38.39],[22.67,38.382],[22.684,38.361],[22.675,38.344],[22.691,38.322],[22.696,38.317],[22.703,38.314],[22.719,38.31],[22.742,38.297],[22.78,38.289],[22.799,38.282],[22.791,38.27],[22.773,38.258],[22.765,38.248],[22.806,38.227],[22.82,38.233],[22.856,38.236],[22.875,38.241],[22.876,38.236],[22.88,38.232],[22.881,38.227],[22.888,38.241],[22.895,38.241],[22.909,38.193],[22.923,38.197],[22.952,38.193],[22.969,38.193],[22.963,38.204],[22.951,38.21],[22.936,38.211],[22.922,38.207],[22.934,38.222],[22.952,38.225],[23.01,38.22],[23.025,38.217],[23.039,38.208],[23.052,38.193],[23.032,38.193],[23.032,38.186],[23.067,38.183],[23.077,38.186],[23.11,38.21],[23.123,38.208],[23.149,38.186],[23.128,38.172],[23.144,38.167],[23.213,38.16],[23.223,38.159],[23.223,38.152],[23.211,38.151],[23.188,38.146],[23.176,38.145],[23.175,38.136],[23.176,38.131],[23.194,38.127],[23.21,38.115],[23.217,38.103],[23.207,38.098],[23.19,38.094],[23.173,38.079],[23.101,38.062],[23.069,38.059],[23.039,38.07],[23.019,38.065],[22.97,38.082],[22.943,38.083],[22.934,38.078],[22.912,38.06],[22.898,38.056],[22.885,38.054],[22.875,38.049],[22.854,38.035],[22.887,38.034],[22.884,38.032],[22.881,38.029],[22.899,38.028],[22.924,38.012],[22.939,38.008],[22.951,38.002],[22.966,37.991],[22.975,37.979],[22.973,37.974],[22.953,37.949],[22.946,37.946],[22.938,37.946],[22.93,37.947],[22.922,37.946],[22.898,37.94],[22.883,37.938],[22.867,37.94],[22.852,37.947],[22.821,37.969],[22.802,37.974],[22.796,37.977],[22.778,38.001],[22.698,38.057],[22.689,38.059],[22.68,38.067],[22.621,38.083],[22.511,38.129],[22.433,38.143],[22.426,38.142],[22.415,38.138],[22.404,38.142],[22.394,38.148],[22.363,38.158],[22.347,38.171],[22.331,38.179],[22.313,38.172],[22.301,38.177],[22.258,38.186],[22.227,38.186],[22.219,38.188],[22.213,38.193],[22.209,38.198],[22.206,38.2],[22.17,38.21],[22.161,38.213],[22.154,38.223],[22.143,38.249],[22.137,38.254],[22.129,38.256],[22.122,38.261],[22.114,38.268],[22.109,38.267],[22.097,38.263],[22.089,38.262],[22.079,38.263],[22.049,38.275],[22.038,38.282],[22.031,38.293],[22.027,38.304],[22.02,38.313],[22.008,38.317],[21.993,38.319],[21.978,38.324],[21.966,38.33],[21.956,38.337],[21.947,38.332],[21.937,38.331],[21.916,38.331],[21.849,38.341],[21.841,38.334],[21.764,38.296],[21.742,38.27],[21.701,38.205],[21.675,38.18],[21.642,38.162],[21.622,38.155],[21.603,38.152],[21.524,38.166],[21.474,38.196],[21.46,38.2],[21.438,38.2],[21.421,38.202],[21.406,38.208],[21.401,38.215],[21.405,38.207],[21.408,38.198],[21.409,38.186],[21.398,38.193],[21.385,38.211],[21.374,38.221],[21.376,38.204],[21.374,38.144],[21.371,38.131],[21.367,38.121],[21.331,38.076],[21.329,38.07],[21.284,38.015],[21.291,38.021],[21.299,38.027],[21.309,38.032],[21.319,38.035],[21.321,38.033],[21.321,38.032],[21.322,38.031],[21.326,38.029],[21.326,38.021],[21.315,38.013],[21.303,38.003],[21.292,37.997],[21.278,38.001],[21.252,37.976],[21.208,37.946],[21.164,37.93],[21.14,37.946],[21.134,37.946],[21.106,37.878],[21.112,37.87],[21.108,37.855],[21.113,37.843],[21.122,37.837],[21.227,37.812],[21.271,37.793],[21.285,37.785],[21.295,37.772],[21.312,37.726],[21.315,37.71],[21.311,37.693],[21.299,37.673],[21.308,37.666],[21.31,37.657],[21.31,37.647],[21.312,37.638],[21.319,37.638],[21.324,37.665],[21.343,37.669],[21.402,37.655],[21.412,37.648],[21.432,37.628],[21.443,37.619],[21.464,37.61],[21.55,37.561],[21.569,37.545],[21.607,37.499],[21.675,37.396],[21.682,37.379],[21.691,37.357],[21.696,37.316],[21.682,37.284],[21.655,37.261],[21.592,37.22],[21.574,37.192],[21.568,37.156],[21.57,37.116],[21.579,37.077],[21.599,37.046],[21.629,37.021],[21.655,36.995],[21.662,36.959],[21.668,36.971],[21.673,36.974],[21.682,36.973],[21.68,36.966],[21.677,36.963],[21.668,36.959],[21.688,36.965],[21.703,36.957],[21.71,36.943],[21.709,36.926],[21.705,36.917],[21.692,36.9],[21.688,36.891],[21.689,36.877],[21.692,36.867],[21.692,36.859],[21.688,36.85],[21.697,36.838],[21.702,36.826],[21.707,36.818],[21.716,36.822],[21.723,36.822],[21.729,36.813],[21.752,36.805],[21.764,36.795],[21.79,36.805],[21.805,36.808],[21.823,36.809],[21.854,36.757],[21.857,36.755],[21.874,36.727],[21.883,36.727],[21.889,36.73],[21.894,36.735],[21.936,36.766],[21.942,36.775],[21.939,36.783],[21.945,36.79],[21.957,36.794],[21.97,36.795],[21.97,36.802],[21.956,36.803],[21.946,36.809],[21.929,36.822],[21.935,36.834],[21.932,36.843],[21.926,36.852],[21.922,36.863],[21.922,36.872],[21.927,36.884],[21.937,36.98],[21.943,36.993],[21.955,37.004],[21.992,37.012],[22.03,37.031],[22.048,37.035],[22.086,37.033],[22.153,37.021],[22.155,37.014],[22.154,36.987],[22.149,36.967],[22.148,36.956],[22.145,36.946],[22.141,36.937],[22.136,36.932],[22.133,36.932],[22.138,36.917],[22.149,36.907],[22.175,36.891],[22.2,36.906],[22.222,36.898],[22.292,36.82],[22.307,36.795],[22.305,36.775],[22.324,36.758],[22.339,36.726],[22.359,36.702],[22.388,36.706],[22.371,36.674],[22.368,36.656],[22.388,36.651],[22.388,36.644],[22.371,36.643],[22.368,36.631],[22.369,36.615],[22.367,36.603],[22.388,36.603],[22.379,36.588],[22.374,36.583],[22.384,36.572],[22.388,36.556],[22.384,36.544],[22.367,36.548],[22.362,36.534],[22.355,36.523],[22.355,36.512],[22.364,36.497],[22.372,36.488],[22.381,36.48],[22.391,36.479],[22.402,36.487],[22.408,36.487],[22.42,36.474],[22.455,36.462],[22.47,36.452],[22.475,36.438],[22.476,36.419],[22.48,36.402],[22.491,36.391],[22.493,36.397],[22.493,36.402],[22.495,36.405],[22.505,36.405],[22.505,36.411],[22.497,36.423],[22.494,36.435],[22.498,36.445],[22.511,36.452],[22.507,36.461],[22.511,36.467],[22.493,36.506],[22.487,36.525],[22.484,36.548],[22.484,36.607],[22.49,36.617],[22.505,36.624],[22.513,36.603],[22.526,36.612],[22.531,36.633],[22.514,36.644],[22.51,36.648],[22.511,36.657],[22.517,36.666],[22.525,36.671],[22.534,36.671],[22.54,36.665],[22.544,36.658],[22.546,36.651],[22.553,36.651],[22.554,36.666],[22.55,36.678],[22.54,36.685],[22.525,36.685],[22.533,36.707],[22.546,36.721],[22.579,36.74],[22.577,36.783],[22.623,36.803],[22.686,36.809],[22.737,36.809],[22.765,36.804],[22.787,36.793],[22.801,36.776],[22.808,36.74],[22.817,36.718],[22.819,36.703],[22.814,36.679],[22.815,36.671],[22.819,36.665],[22.833,36.679],[22.837,36.687],[22.843,36.685],[22.884,36.654],[22.889,36.642],[22.875,36.631],[22.918,36.605],[22.929,36.596],[22.937,36.586],[22.959,36.547],[22.964,36.531],[22.972,36.52],[22.993,36.52],[23.036,36.528],[23.051,36.522],[23.065,36.509],[23.072,36.493],[23.066,36.48],[23.066,36.473],[23.078,36.465],[23.086,36.454],[23.095,36.443],[23.139,36.434],[23.152,36.436],[23.162,36.446],[23.196,36.433],[23.204,36.456],[23.182,36.472],[23.152,36.487],[23.135,36.508],[23.144,36.512],[23.148,36.517],[23.147,36.522],[23.141,36.528],[23.141,36.534],[23.146,36.536],[23.155,36.541],[23.145,36.542],[23.141,36.546],[23.139,36.551],[23.135,36.555],[23.116,36.562],[23.105,36.569],[23.085,36.576],[23.081,36.579],[23.07,36.597],[23.05,36.622],[23.036,36.649],[23.034,36.675],[23.059,36.693],[23.032,36.693],[23.034,36.696],[23.037,36.703],[23.039,36.706],[23.026,36.716],[23.031,36.726],[23.043,36.736],[23.052,36.747],[23.062,36.741],[23.076,36.734],[23.089,36.733],[23.094,36.744],[23.094,36.749],[23.093,36.752],[23.093,36.755],[23.094,36.761],[23.098,36.767],[23.11,36.774],[23.114,36.781],[23.099,36.787],[23.091,36.788],[23.081,36.789],[23.081,36.795],[23.092,36.798],[23.096,36.807],[23.093,36.818],[23.087,36.829],[23.059,36.852],[23.046,36.869],[23.049,36.877],[23.042,36.885],[23.022,36.926],[23.012,36.939],[23.015,36.947],[23.016,36.955],[23.015,36.964],[23.012,36.973],[23.008,36.971],[23.008,36.971],[23.007,36.97],[23.005,36.967],[23.001,36.971],[22.993,36.982],[22.991,36.987],[22.996,36.986],[23.007,36.987],[23.012,36.987],[23.006,37.005],[22.998,37.021],[23,37.033],[22.973,37.065],[22.964,37.083],[22.979,37.078],[22.982,37.083],[22.973,37.091],[22.956,37.096],[22.964,37.103],[22.958,37.106],[22.957,37.107],[22.964,37.11],[22.961,37.114],[22.959,37.117],[22.957,37.119],[22.956,37.124],[22.943,37.12],[22.922,37.118],[22.903,37.121],[22.895,37.134],[22.897,37.16],[22.9,37.173],[22.905,37.179],[22.912,37.183],[22.907,37.194],[22.898,37.204],[22.895,37.206],[22.861,37.256],[22.854,37.274],[22.83,37.308],[22.819,37.316],[22.819,37.323],[22.826,37.323],[22.826,37.329],[22.813,37.329],[22.819,37.344],[22.81,37.348],[22.758,37.398],[22.757,37.408],[22.764,37.422],[22.765,37.432],[22.753,37.44],[22.75,37.443],[22.751,37.462],[22.75,37.467],[22.745,37.473],[22.74,37.477],[22.735,37.483],[22.73,37.494],[22.731,37.5],[22.736,37.512],[22.737,37.518],[22.735,37.525],[22.725,37.537],[22.723,37.542],[22.726,37.566],[22.738,37.581],[22.757,37.59],[22.778,37.597],[22.788,37.589],[22.799,37.576],[22.796,37.569],[22.802,37.561],[22.813,37.553],[22.826,37.549],[22.822,37.539],[22.819,37.535],[22.847,37.521],[22.854,37.515],[22.869,37.526],[22.885,37.533],[22.902,37.535],[22.922,37.528],[22.918,37.536],[22.914,37.539],[22.902,37.542],[22.913,37.542],[22.922,37.54],[22.936,37.535],[22.937,37.534],[22.937,37.529],[22.939,37.525],[22.943,37.522],[22.948,37.521],[22.959,37.523],[22.964,37.522],[22.981,37.509],[22.991,37.496],[23.005,37.46],[23.011,37.469],[23.021,37.475],[23.046,37.487],[23.059,37.467],[23.046,37.46],[23.062,37.455],[23.097,37.462],[23.111,37.457],[23.118,37.453],[23.125,37.451],[23.132,37.449],[23.135,37.443],[23.135,37.433],[23.137,37.427],[23.141,37.418],[23.141,37.412],[23.136,37.415],[23.114,37.426],[23.113,37.411],[23.105,37.397],[23.095,37.39],[23.084,37.395],[23.073,37.401],[23.07,37.389],[23.073,37.357],[23.073,37.355],[23.083,37.351],[23.093,37.351],[23.101,37.357],[23.122,37.346],[23.13,37.339],[23.135,37.329],[23.114,37.336],[23.123,37.325],[23.136,37.324],[23.15,37.326],[23.162,37.323],[23.162,37.316],[23.141,37.316],[23.141,37.31],[23.156,37.303],[23.169,37.3],[23.183,37.299],[23.204,37.303],[23.195,37.319],[23.185,37.332],[23.186,37.341],[23.207,37.344],[23.244,37.342],[23.262,37.344],[23.278,37.35],[23.259,37.356],[23.251,37.357],[23.251,37.364],[23.258,37.371],[23.247,37.369],[23.237,37.37],[23.23,37.375],[23.23,37.385],[23.264,37.391],[23.263,37.401],[23.276,37.402],[23.312,37.398],[23.309,37.402],[23.308,37.405],[23.307,37.408],[23.306,37.412],[23.323,37.41],[23.442,37.414],[23.447,37.415],[23.505,37.43],[23.526,37.439],[23.526,37.446],[23.521,37.451],[23.519,37.453],[23.521,37.455],[23.526,37.46],[23.479,37.491],[23.459,37.496],[23.436,37.508],[23.411,37.512],[23.402,37.515],[23.395,37.515],[23.395,37.522],[23.403,37.523],[23.422,37.528],[23.422,37.535],[23.407,37.538],[23.395,37.541],[23.384,37.547],[23.374,37.556],[23.391,37.571],[23.404,37.599],[23.409,37.626],[23.399,37.638],[23.348,37.634],[23.329,37.628],[23.312,37.617],[23.312,37.611],[23.341,37.6],[23.359,37.574],[23.36,37.548],[23.337,37.535],[23.323,37.537],[23.312,37.543],[23.292,37.556],[23.284,37.559],[23.279,37.56],[23.275,37.561],[23.238,37.59],[23.23,37.583],[23.19,37.607],[23.169,37.614],[23.165,37.623],[23.162,37.645],[23.176,37.645],[23.167,37.666],[23.164,37.682],[23.166,37.697],[23.176,37.72],[23.159,37.721],[23.146,37.726],[23.121,37.741],[23.124,37.751],[23.125,37.757],[23.128,37.76],[23.15,37.763],[23.169,37.772],[23.182,37.774],[23.178,37.782],[23.176,37.79],[23.178,37.799],[23.182,37.809],[23.164,37.815],[23.146,37.826],[23.114,37.851],[23.097,37.844],[23.073,37.841],[23.05,37.844],[23.032,37.851],[23.013,37.848],[23,37.863],[22.995,37.882],[23.001,37.892],[23.01,37.897],[23.012,37.909],[23.011,37.92],[23.015,37.925],[23.026,37.924],[23.035,37.922],[23.043,37.922],[23.052,37.925],[23.094,37.911],[23.142,37.93],[23.159,37.941],[23.189,37.959],[23.227,37.974],[23.33,37.98],[23.409,37.974],[23.429,37.98],[23.395,37.988],[23.412,37.994],[23.45,38.021],[23.46,38.025],[23.471,38.028],[23.495,38.029],[23.5,38.031],[23.505,38.036],[23.511,38.04],[23.522,38.043],[23.56,38.043],[23.568,38.044],[23.575,38.047],[23.581,38.046],[23.591,38.039],[23.598,38.021],[23.589,38.006],[23.553,37.98],[23.561,37.973],[23.571,37.969],[23.583,37.967],[23.598,37.967],[23.61,37.962],[23.618,37.953],[23.627,37.947],[23.642,37.953],[23.641,37.946],[23.638,37.943],[23.628,37.94],[23.628,37.938],[23.628,37.933],[23.646,37.937],[23.663,37.943],[23.68,37.946],[23.697,37.94],[23.701,37.925],[23.742,37.877],[23.745,37.858],[23.766,37.839],[23.771,37.828],[23.764,37.816],[23.774,37.817],[23.777,37.814],[23.777,37.809],[23.779,37.802],[23.787,37.812],[23.797,37.808],[23.807,37.809],[23.813,37.83],[23.819,37.83],[23.822,37.824],[23.825,37.821],[23.829,37.819],[23.834,37.816],[23.848,37.818],[23.866,37.808],[23.882,37.791],[23.889,37.774],[23.899,37.779],[23.903,37.782],[23.913,37.74],[23.923,37.721],[23.937,37.727],[23.943,37.727],[23.943,37.69],[23.95,37.677],[23.967,37.673],[23.983,37.67],[24.021,37.658],[24.033,37.652],[24.046,37.666],[24.064,37.678],[24.072,37.69],[24.059,37.699],[24.064,37.705],[24.065,37.705],[24.066,37.702],[24.067,37.699],[24.066,37.705],[24.067,37.71],[24.066,37.713],[24.059,37.714],[24.059,37.72],[24.073,37.72],[24.073,37.727],[24.059,37.733],[24.082,37.753],[24.086,37.764],[24.087,37.785],[24.085,37.802],[24.077,37.811],[24.053,37.823],[24.055,37.829],[24.058,37.832],[24.062,37.835],[24.067,37.837],[24.062,37.843],[24.059,37.849],[24.061,37.856],[24.067,37.864],[24.052,37.87],[24.046,37.871],[24.053,37.878],[24.039,37.878],[24.028,37.88],[24.019,37.885],[24.012,37.892],[24.042,37.901],[24.046,37.906],[24.043,37.916],[24.034,37.923],[24.023,37.926],[24.012,37.925],[24.016,37.937],[24.014,37.948],[24.012,37.958],[24.012,37.967],[24.017,37.977],[24.03,37.998],[24.033,38.008],[24.028,38.016],[24.019,38.027],[24.009,38.041],[24.005,38.059],[23.99,38.102],[23.989,38.123],[24.038,38.144],[24.053,38.145],[24.059,38.131],[24.061,38.144],[24.064,38.155],[24.07,38.163],[24.081,38.166],[24.07,38.174],[24.068,38.181],[24.071,38.188],[24.073,38.196],[24.069,38.205],[24.051,38.211],[24.046,38.217],[24.039,38.224],[23.991,38.254],[23.967,38.279],[23.951,38.291],[23.933,38.296],[23.912,38.298],[23.816,38.331],[23.805,38.333],[23.782,38.344],[23.725,38.336],[23.71,38.337],[23.673,38.356],[23.625,38.414],[23.594,38.426],[23.594,38.433],[23.6,38.441],[23.596,38.447],[23.586,38.451],[23.573,38.453],[23.573,38.461],[23.581,38.464],[23.601,38.474],[23.567,38.501],[23.543,38.512],[23.532,38.498],[23.519,38.491],[23.418,38.504],[23.351,38.502],[23.335,38.504],[23.329,38.508],[23.332,38.515],[23.34,38.522],[23.35,38.526],[23.373,38.526],[23.382,38.529],[23.382,38.535],[23.367,38.54],[23.341,38.546],[23.33,38.553],[23.32,38.562],[23.307,38.569],[23.295,38.568],[23.285,38.556],[23.293,38.579],[23.306,38.589],[23.321,38.594],[23.333,38.604],[23.336,38.616],[23.331,38.63],[23.321,38.643],[23.306,38.653],[23.287,38.658],[23.254,38.662],[23.238,38.666],[23.205,38.683],[23.187,38.686],[23.168,38.679],[23.177,38.677],[23.196,38.666],[23.182,38.654],[23.169,38.652],[23.156,38.653],[23.145,38.649],[23.133,38.64],[23.124,38.637],[23.105,38.638],[23.091,38.649],[23.059,38.728],[23.042,38.747],[23.016,38.754],[22.96,38.755],[22.945,38.758],[22.926,38.772],[22.915,38.776],[22.898,38.775],[22.888,38.771],[22.867,38.755],[22.86,38.767],[22.846,38.778],[22.829,38.786],[22.816,38.789],[22.806,38.788],[22.786,38.782],[22.778,38.782],[22.77,38.785],[22.759,38.794],[22.748,38.799],[22.727,38.82],[22.703,38.851],[22.69,38.85],[22.641,38.83],[22.633,38.835],[22.621,38.834],[22.608,38.831],[22.593,38.83],[22.6,38.844],[22.593,38.844],[22.583,38.832],[22.563,38.836],[22.554,38.848],[22.573,38.858],[22.573,38.864],[22.525,38.858],[22.525,38.885],[22.535,38.881],[22.539,38.878],[22.545,38.885],[22.552,38.889],[22.56,38.891],[22.57,38.892],[22.581,38.894],[22.589,38.898],[22.595,38.903],[22.613,38.913],[22.622,38.914],[22.656,38.894],[22.658,38.892],[22.664,38.89],[22.68,38.881],[22.689,38.878],[22.708,38.887],[22.718,38.89],[22.723,38.882],[22.733,38.872],[22.755,38.874],[22.778,38.878],[22.792,38.878],[22.797,38.887],[22.805,38.891],[22.83,38.892],[22.837,38.896],[22.842,38.919],[22.847,38.926],[22.86,38.929],[22.873,38.926],[22.886,38.922],[22.898,38.92],[22.908,38.922],[22.929,38.932],[22.943,38.933],[22.941,38.936],[22.936,38.947],[22.944,38.947],[22.95,38.95],[22.956,38.954],[22.964,38.955],[22.979,38.953],[22.985,38.954],[22.992,38.96],[22.997,38.963],[23,38.966],[23.007,38.974],[23.012,38.981],[23.019,39.001],[23.023,39.008],[23.032,39.015],[23.065,39.029],[23.073,39.036],[23.073,39.042],[23.042,39.04],[23.015,39.033],[22.964,39.009],[22.959,39.025],[22.966,39.035],[22.998,39.049],[22.993,39.055],[22.992,39.057],[22.998,39.07],[22.982,39.084],[22.973,39.102],[22.961,39.119],[22.936,39.132],[22.939,39.125],[22.943,39.118],[22.939,39.117],[22.937,39.117],[22.936,39.116],[22.936,39.111],[22.921,39.125],[22.915,39.144],[22.911,39.163],[22.902,39.18],[22.895,39.173],[22.89,39.184],[22.882,39.191],[22.877,39.19],[22.881,39.18],[22.868,39.17],[22.86,39.159],[22.854,39.159],[22.826,39.221],[22.824,39.233],[22.826,39.272],[22.843,39.288],[22.88,39.296],[22.919,39.299],[22.943,39.303],[22.932,39.312],[22.929,39.324],[22.933,39.336],[22.943,39.344],[22.943,39.351],[22.936,39.361],[22.941,39.362],[22.964,39.357],[22.991,39.358],[22.998,39.357],[23.003,39.352],[23.014,39.336],[23.019,39.33],[23.021,39.326],[23.02,39.321],[23.021,39.318],[23.098,39.312],[23.115,39.307],[23.135,39.297],[23.151,39.285],[23.169,39.269],[23.18,39.251],[23.176,39.234],[23.186,39.224],[23.212,39.19],[23.217,39.18],[23.214,39.168],[23.206,39.157],[23.199,39.151],[23.196,39.156],[23.191,39.158],[23.181,39.159],[23.176,39.155],[23.182,39.146],[23.172,39.135],[23.101,39.105],[23.114,39.146],[23.114,39.159],[23.081,39.147],[23.068,39.138],[23.073,39.124],[23.061,39.112],[23.052,39.098],[23.092,39.089],[23.115,39.088],[23.132,39.094],[23.146,39.102],[23.169,39.107],[23.191,39.108],[23.204,39.105],[23.208,39.109],[23.214,39.113],[23.222,39.116],[23.23,39.118],[23.23,39.124],[23.223,39.125],[23.219,39.127],[23.215,39.129],[23.21,39.132],[23.225,39.137],[23.244,39.142],[23.282,39.146],[23.301,39.151],[23.333,39.174],[23.344,39.18],[23.342,39.193],[23.292,39.269],[23.271,39.323],[23.224,39.359],[23.211,39.379],[23.126,39.454],[23.114,39.467],[23.102,39.497],[23.097,39.502],[23.094,39.504],[23.056,39.527],[23.005,39.543],[22.953,39.57],[22.939,39.581],[22.925,39.6],[22.902,39.659],[22.872,39.716],[22.867,39.732],[22.865,39.753],[22.859,39.773],[22.85,39.791],[22.84,39.803],[22.815,39.829],[22.801,39.84],[22.779,39.85],[22.741,39.875],[22.73,39.885],[22.723,39.898],[22.71,39.934],[22.71,39.935],[22.709,39.939],[22.71,39.957],[22.708,39.961],[22.699,39.961],[22.696,39.965],[22.691,39.968],[22.667,39.974],[22.662,39.978],[22.653,39.982],[22.6,40.016],[22.588,40.045],[22.583,40.05],[22.571,40.054],[22.569,40.065],[22.573,40.088],[22.568,40.111],[22.557,40.127],[22.55,40.144],[22.553,40.167],[22.591,40.23],[22.59,40.242],[22.621,40.31],[22.648,40.346],[22.661,40.369],[22.658,40.379],[22.64,40.384],[22.628,40.394],[22.619,40.405],[22.606,40.414],[22.609,40.428],[22.604,40.444],[22.593,40.458],[22.579,40.468],[22.591,40.477],[22.603,40.481],[22.627,40.482],[22.642,40.475],[22.651,40.473],[22.655,40.478],[22.656,40.488],[22.66,40.493],[22.666,40.495],[22.675,40.496],[22.656,40.505],[22.658,40.517],[22.674,40.527],[22.688,40.527],[22.689,40.523],[22.7,40.518],[22.711,40.512],[22.719,40.511],[22.723,40.523],[22.73,40.523],[22.73,40.515],[22.737,40.515],[22.737,40.53],[22.744,40.523],[22.75,40.523],[22.743,40.54],[22.746,40.555],[22.759,40.568],[22.778,40.578],[22.787,40.573],[22.796,40.571],[22.816,40.571],[22.815,40.573],[22.824,40.578],[22.84,40.584],[22.851,40.593],[22.859,40.605],[22.861,40.621],[22.854,40.639],[22.883,40.647],[22.91,40.645],[22.934,40.631],[22.95,40.605],[22.944,40.594],[22.942,40.587],[22.946,40.584],[22.952,40.582],[22.977,40.571],[22.983,40.553],[22.975,40.542],[22.963,40.535],[22.956,40.526],[22.942,40.517],[22.907,40.512],[22.844,40.509],[22.822,40.502],[22.831,40.486],[22.867,40.454],[22.867,40.449],[22.866,40.448],[22.863,40.449],[22.86,40.448],[22.89,40.418],[22.898,40.402],[22.888,40.386],[22.928,40.388],[22.945,40.386],[22.964,40.379],[23.011,40.351],[23.029,40.326],[23.053,40.319],[23.076,40.314],[23.087,40.307],[23.097,40.306],[23.149,40.276],[23.166,40.28],[23.182,40.274],[23.2,40.266],[23.237,40.26],[23.259,40.253],[23.299,40.235],[23.319,40.211],[23.325,40.175],[23.32,40.137],[23.306,40.104],[23.317,40.089],[23.335,40.074],[23.353,40.057],[23.361,40.033],[23.364,40.027],[23.378,40.011],[23.382,40.003],[23.379,39.991],[23.366,39.972],[23.361,39.961],[23.372,39.965],[23.447,39.975],[23.471,39.972],[23.616,39.923],[23.703,39.913],[23.722,39.916],[23.74,39.923],[23.748,39.93],[23.734,39.934],[23.713,39.935],[23.697,39.94],[23.685,39.949],[23.676,39.961],[23.673,39.971],[23.673,39.98],[23.67,39.986],[23.603,39.998],[23.499,40.042],[23.469,40.067],[23.416,40.126],[23.407,40.139],[23.401,40.144],[23.392,40.146],[23.371,40.147],[23.364,40.15],[23.361,40.157],[23.355,40.175],[23.345,40.192],[23.338,40.208],[23.34,40.228],[23.365,40.262],[23.398,40.278],[23.438,40.279],[23.484,40.27],[23.54,40.245],[23.623,40.24],[23.642,40.235],[23.675,40.218],[23.764,40.126],[23.769,40.119],[23.772,40.11],[23.778,40.102],[23.789,40.098],[23.793,40.094],[23.792,40.084],[23.785,40.067],[23.79,40.056],[23.827,40.009],[23.823,40.017],[23.824,40.022],[23.831,40.027],[23.845,40.024],[23.856,40.017],[23.861,40.006],[23.867,40.004],[23.903,39.988],[23.898,39.978],[23.901,39.971],[23.908,39.97],[23.916,39.975],[23.923,39.975],[23.923,39.968],[23.92,39.956],[23.94,39.952],[23.991,39.954],[23.991,39.961],[23.973,39.962],[23.97,39.968],[23.979,39.974],[23.999,39.975],[23.999,39.982],[23.988,39.99],[23.993,39.999],[24.019,40.016],[24.014,40.021],[24.012,40.027],[24.011,40.033],[24.012,40.044],[24.002,40.039],[23.993,40.038],[23.987,40.042],[23.984,40.054],[23.988,40.057],[23.995,40.057],[24.002,40.059],[24.005,40.067],[24.001,40.075],[23.983,40.085],[23.978,40.091],[23.977,40.1],[23.99,40.11],[23.991,40.119],[23.98,40.131],[23.941,40.142],[23.926,40.15],[23.913,40.161],[23.897,40.171],[23.88,40.176],[23.868,40.173],[23.799,40.198],[23.793,40.196],[23.779,40.203],[23.764,40.215],[23.758,40.232],[23.724,40.249],[23.716,40.255],[23.711,40.261],[23.696,40.293],[23.694,40.309],[23.7,40.326],[23.717,40.345],[23.721,40.345],[23.728,40.353],[23.73,40.359],[23.76,40.349],[23.782,40.353],[23.834,40.372],[23.848,40.373],[23.885,40.365],[23.923,40.369],[23.937,40.365],[23.957,40.353],[23.994,40.324],[24.019,40.31],[24.048,40.301],[24.128,40.29],[24.169,40.275],[24.193,40.249],[24.212,40.217],[24.238,40.187],[24.254,40.178],[24.272,40.171],[24.286,40.161],[24.292,40.143],[24.3,40.128],[24.319,40.125],[24.361,40.132],[24.394,40.152],[24.383,40.179],[24.321,40.228],[24.266,40.289],[24.233,40.317],[24.204,40.317],[24.198,40.324],[24.187,40.347],[24.18,40.352],[24.169,40.353],[24.139,40.361],[24.128,40.365],[24.109,40.357],[24.086,40.366],[24.065,40.381],[24.053,40.392],[24.029,40.432],[24.011,40.449],[23.991,40.448],[23.999,40.441],[23.991,40.434],[24.006,40.415],[24.012,40.402],[24.012,40.392],[24.002,40.386],[23.975,40.383],[23.964,40.379],[23.954,40.383],[23.916,40.389],[23.91,40.394],[23.878,40.406],[23.868,40.414],[23.827,40.461],[23.819,40.488],[23.823,40.507],[23.838,40.519],[23.907,40.525],[23.916,40.53],[23.915,40.539],[23.895,40.553],[23.889,40.564],[23.878,40.56],[23.862,40.559],[23.847,40.56],[23.834,40.564],[23.799,40.587],[23.793,40.588],[23.787,40.606],[23.772,40.628],[23.756,40.646],[23.741,40.653],[23.718,40.659],[23.7,40.674],[23.692,40.695],[23.697,40.721],[23.711,40.738],[23.732,40.752],[23.754,40.763],[23.809,40.78],[23.842,40.783],[23.854,40.781],[23.874,40.778],[23.986,40.732],[24.03,40.723],[24.073,40.721],[24.11,40.728],[24.211,40.773],[24.341,40.831],[24.332,40.833],[24.315,40.832],[24.31,40.835],[24.306,40.842],[24.306,40.847],[24.31,40.851],[24.331,40.855],[24.332,40.863],[24.325,40.872],[24.313,40.88],[24.328,40.886],[24.372,40.914],[24.392,40.936],[24.416,40.946],[24.443,40.948],[24.464,40.941],[24.473,40.952],[24.484,40.955],[24.496,40.956],[24.505,40.962],[24.518,40.958],[24.567,40.952],[24.569,40.937],[24.576,40.927],[24.586,40.919],[24.601,40.914],[24.596,40.901],[24.609,40.888],[24.62,40.875],[24.629,40.859],[24.635,40.859],[24.641,40.865],[24.663,40.88],[24.698,40.865],[24.695,40.862],[24.695,40.861],[24.69,40.859],[24.709,40.852],[24.728,40.853],[24.766,40.865],[24.802,40.853],[24.834,40.875],[24.864,40.905],[24.892,40.921],[24.908,40.924],[24.941,40.938],[24.954,40.941],[24.972,40.941],[24.99,40.942],[24.999,40.95],[24.992,40.968],[25.007,40.97],[25.019,40.975],[25.04,40.99],[25.039,41.006],[25.057,41.009],[25.138,41.01],[25.151,41.005],[25.17,40.996],[25.158,40.994],[25.148,40.99],[25.14,40.984],[25.136,40.975],[25.134,40.963],[25.138,40.96],[25.147,40.959],[25.16,40.952],[25.181,40.943],[25.259,40.932],[25.259,40.927],[25.266,40.927],[25.3,40.952],[25.341,40.942],[25.383,40.919],[25.42,40.906],[25.437,40.905],[25.487,40.897],[25.502,40.89],[25.517,40.879],[25.538,40.87],[25.559,40.867],[25.567,40.865],[25.605,40.876],[25.647,40.87],[25.691,40.858],[25.732,40.852],[25.803,40.857],[25.814,40.855],[25.826,40.85],[25.88,40.848],[25.897,40.845],[25.919,40.853],[25.952,40.846],[25.983,40.831],[25.998,40.817],[26.006,40.817],[26.003,40.826],[25.998,40.831],[25.998,40.839],[26.006,40.839],[26.008,40.831],[26.012,40.824],[26.023,40.829],[26.039,40.833],[26.054,40.831],[26.061,40.821],[26.054,40.816],[26.038,40.813],[26.02,40.811],[26.006,40.811],[26.006,40.804],[26.027,40.796],[26.034,40.778],[26.036,40.758],[26.047,40.742],[26.044,40.738],[26.041,40.737],[26.033,40.735],[26.048,40.72],[26.058,40.698],[26.061,40.676],[26.054,40.661],[26.062,40.645],[26.069,40.627],[26.077,40.612],[26.091,40.605],[26.117,40.602],[26.303,40.601],[26.356,40.613],[26.373,40.614],[26.4,40.604],[26.415,40.608],[26.431,40.615],[26.445,40.619],[26.461,40.618],[26.477,40.613],[26.506,40.599],[26.582,40.633],[26.609,40.639],[26.678,40.639],[26.691,40.643],[26.714,40.651],[26.781,40.659],[26.79,40.661],[26.798,40.652],[26.829,40.602],[26.817,40.581],[26.788,40.563],[26.756,40.555],[26.733,40.564],[26.718,40.552],[26.697,40.526],[26.684,40.515],[26.67,40.511],[26.623,40.515],[26.596,40.51],[26.564,40.499],[26.536,40.486],[26.492,40.457],[26.433,40.44],[26.386,40.41],[26.336,40.385],[26.321,40.365],[26.301,40.365],[26.25,40.35],[26.239,40.342],[26.232,40.34],[26.219,40.331],[26.21,40.322],[26.215,40.317],[26.227,40.315],[26.232,40.31],[26.229,40.303],[26.218,40.297],[26.248,40.279],[26.267,40.258],[26.272,40.23],[26.26,40.194],[26.215,40.146],[26.209,40.136],[26.201,40.115],[26.19,40.094],[26.174,40.085],[26.168,40.079],[26.16,40.067],[26.157,40.055],[26.167,40.05],[26.178,40.051],[26.231,40.065],[26.243,40.071],[26.273,40.093],[26.313,40.11],[26.328,40.119],[26.376,40.154],[26.361,40.163],[26.349,40.181],[26.346,40.2],[26.359,40.208],[26.38,40.211],[26.404,40.219],[26.427,40.23],[26.445,40.242],[26.471,40.266],[26.476,40.27],[26.476,40.273],[26.497,40.29],[26.51,40.298],[26.54,40.304],[26.547,40.308],[26.602,40.346],[26.617,40.36],[26.623,40.376],[26.625,40.392],[26.632,40.4],[26.664,40.414],[26.674,40.426],[26.683,40.455],[26.695,40.461],[26.708,40.466],[26.741,40.487],[26.759,40.496],[26.821,40.503],[26.839,40.512],[26.854,40.523],[26.912,40.551],[26.95,40.56],[26.964,40.561],[26.99,40.564],[27.001,40.57],[27.031,40.602],[27.048,40.612],[27.069,40.614],[27.115,40.614],[27.143,40.627],[27.167,40.63],[27.178,40.633],[27.182,40.636],[27.193,40.648],[27.198,40.653],[27.288,40.704],[27.331,40.761],[27.425,40.831],[27.447,40.862],[27.472,40.942],[27.493,40.975],[27.524,40.989],[27.738,41.013],[27.776,41.011],[27.815,41.003],[27.832,40.995],[27.846,40.986],[27.861,40.978],[27.941,40.971],[27.959,40.975],[27.958,40.983],[27.964,40.996],[27.987,41.024],[27.997,41.032],[28.013,41.041],[28.03,41.048],[28.045,41.05],[28.1,41.068],[28.11,41.068],[28.117,41.071],[28.165,41.085],[28.175,41.081],[28.182,41.078],[28.199,41.079],[28.237,41.085],[28.245,41.083],[28.256,41.073],[28.264,41.071],[28.298,41.071],[28.333,41.067],[28.402,41.047],[28.435,41.043],[28.461,41.033],[28.512,40.993],[28.541,40.99],[28.554,40.998],[28.56,41.012],[28.563,41.027],[28.563,41.037],[28.555,41.054],[28.533,41.071],[28.528,41.085],[28.552,41.081],[28.572,41.066],[28.583,41.046],[28.576,41.024],[28.585,41.022],[28.592,41.019],[28.604,41.009],[28.595,40.978],[28.625,40.968],[28.745,40.98],[28.77,40.979],[28.781,40.972],[28.786,40.966],[28.798,40.963],[28.822,40.962],[28.834,40.964],[28.84,40.968],[28.844,40.972],[28.85,40.975],[28.86,40.978],[28.899,40.984],[28.917,40.994],[28.928,40.996],[28.932,40.998],[28.94,41.007],[28.946,41.009],[28.952,41.009],[28.96,41.003],[28.982,41.002],[28.987,41.003],[28.992,41.008],[28.993,41.014],[28.99,41.017],[28.989,41.022],[28.988,41.026],[28.99,41.031],[28.997,41.04],[29.006,41.045],[29.023,41.049],[29.032,41.054],[29.042,41.066],[29.052,41.082],[29.059,41.1],[29.062,41.119],[29.064,41.12],[29.069,41.124],[29.071,41.13],[29.066,41.133],[29.064,41.134],[29.057,41.142],[29.051,41.15],[29.043,41.158],[29.041,41.164],[29.052,41.167],[29.069,41.175],[29.087,41.192],[29.1,41.21],[29.109,41.235],[29.094,41.246],[29.069,41.254],[29.045,41.256],[29.038,41.254],[29.032,41.245],[29.024,41.243],[29.018,41.244],[29.015,41.246],[29.013,41.248],[29.008,41.25],[28.908,41.267],[28.601,41.378],[28.384,41.447],[28.233,41.519],[28.178,41.558],[28.157,41.584],[28.142,41.599],[28.113,41.612],[28.097,41.627],[28.083,41.645],[28.076,41.661],[28.077,41.667],[28.082,41.667],[28.087,41.667],[28.09,41.671],[28.088,41.677],[28.086,41.68],[28.083,41.682],[28.078,41.692],[28.07,41.699],[28.052,41.712],[28.04,41.725],[28.021,41.77],[28.005,41.789],[27.987,41.804],[27.972,41.822],[27.966,41.849],[27.969,41.874],[27.978,41.887],[27.991,41.893],[28.007,41.893],[28.026,41.887],[28.036,41.886],[28.045,41.89],[28.047,41.897],[28.042,41.905],[28.036,41.911],[28.031,41.914],[28.031,41.925],[28.017,41.973],[28.014,41.983],[28.02,41.995],[28.019,42.008],[28.012,42.021],[28,42.03],[28.003,42.031],[28.006,42.032],[28.008,42.033],[28.007,42.038],[27.997,42.044],[27.987,42.052],[27.982,42.061],[27.987,42.072],[27.973,42.075],[27.964,42.085],[27.958,42.094],[27.904,42.12],[27.887,42.147],[27.879,42.154],[27.849,42.167],[27.851,42.17],[27.854,42.178],[27.856,42.181],[27.845,42.186],[27.831,42.195],[27.82,42.205],[27.815,42.212],[27.81,42.218],[27.774,42.236],[27.776,42.24],[27.776,42.241],[27.78,42.243],[27.756,42.258],[27.751,42.277],[27.763,42.296],[27.788,42.311],[27.779,42.316],[27.774,42.322],[27.775,42.327],[27.78,42.333],[27.78,42.339],[27.764,42.338],[27.752,42.335],[27.74,42.334],[27.726,42.339],[27.714,42.349],[27.708,42.363],[27.709,42.377],[27.719,42.387],[27.71,42.388],[27.705,42.391],[27.698,42.4],[27.713,42.406],[27.719,42.407],[27.719,42.415],[27.708,42.413],[27.699,42.414],[27.694,42.419],[27.692,42.428],[27.668,42.416],[27.652,42.419],[27.642,42.431],[27.636,42.448],[27.64,42.45],[27.642,42.45],[27.643,42.451],[27.643,42.456],[27.629,42.459],[27.619,42.456],[27.61,42.451],[27.596,42.448],[27.588,42.451],[27.58,42.457],[27.571,42.458],[27.562,42.448],[27.544,42.46],[27.534,42.455],[27.526,42.444],[27.514,42.435],[27.504,42.437],[27.473,42.462],[27.466,42.441],[27.469,42.437],[27.47,42.437],[27.468,42.436],[27.466,42.428],[27.461,42.444],[27.462,42.449],[27.466,42.456],[27.453,42.465],[27.453,42.48],[27.462,42.49],[27.48,42.483],[27.491,42.508],[27.499,42.532],[27.511,42.553],[27.541,42.565],[27.634,42.564],[27.65,42.558],[27.641,42.575],[27.63,42.603],[27.628,42.629],[27.647,42.641],[27.669,42.644],[27.713,42.658],[27.74,42.661],[27.724,42.667],[27.717,42.675],[27.716,42.684],[27.719,42.695],[27.726,42.708],[27.733,42.715],[27.743,42.716],[27.787,42.715],[27.841,42.708],[27.892,42.711],[27.895,42.717],[27.897,42.736],[27.897,42.784],[27.892,42.81],[27.884,42.832],[27.884,42.848],[27.904,42.86],[27.898,42.875],[27.904,42.942],[27.9,42.963],[27.885,43.009],[27.884,43.031],[27.888,43.042],[27.896,43.049],[27.904,43.056],[27.911,43.065],[27.925,43.114],[27.944,43.157],[27.946,43.169],[27.939,43.177],[27.904,43.196],[27.904,43.202],[27.914,43.202],[27.921,43.204],[27.932,43.21],[28,43.223],[28.018,43.233],[28.031,43.249],[28.087,43.355],[28.092,43.364],[28.119,43.392],[28.157,43.408],[28.178,43.41],[28.243,43.408],[28.262,43.411],[28.299,43.425],[28.322,43.428],[28.369,43.422],[28.394,43.414],[28.405,43.405],[28.415,43.399],[28.459,43.381],[28.473,43.367],[28.474,43.384],[28.479,43.397],[28.489,43.406],[28.535,43.439],[28.545,43.443],[28.56,43.454],[28.578,43.481],[28.595,43.513],[28.604,43.538],[28.603,43.553],[28.596,43.564],[28.586,43.576],[28.576,43.593],[28.573,43.606],[28.576,43.728],[28.578,43.741],[28.583,43.751],[28.582,43.762],[28.583,43.772],[28.585,43.782],[28.589,43.791],[28.584,43.801],[28.588,43.81],[28.594,43.82],[28.609,43.874],[28.614,43.884],[28.638,43.919],[28.641,43.932],[28.655,43.961],[28.66,43.98],[28.669,43.989],[28.672,43.997],[28.671,44.003],[28.654,44.055],[28.637,44.136],[28.631,44.154],[28.636,44.164],[28.646,44.172],[28.658,44.174],[28.672,44.169],[28.665,44.176],[28.668,44.184],[28.665,44.199],[28.651,44.231],[28.635,44.252],[28.631,44.264],[28.632,44.302],[28.635,44.316],[28.641,44.329],[28.651,44.34],[28.664,44.348],[28.68,44.353],[28.693,44.346],[28.696,44.358],[28.707,44.381],[28.797,44.468],[28.844,44.494],[28.91,44.584],[28.918,44.601],[28.925,44.621],[28.915,44.601],[28.906,44.588],[28.892,44.577],[28.874,44.573],[28.856,44.568],[28.838,44.554],[28.808,44.525],[28.788,44.515],[28.778,44.507],[28.772,44.484],[28.766,44.473],[28.758,44.465],[28.75,44.467],[28.746,44.486],[28.753,44.513],[28.766,44.539],[28.774,44.552],[28.761,44.56],[28.747,44.566],[28.744,44.562],[28.737,44.557],[28.733,44.552],[28.733,44.568],[28.748,44.578],[28.788,44.586],[28.774,44.59],[28.764,44.596],[28.761,44.604],[28.767,44.614],[28.754,44.614],[28.758,44.627],[28.767,44.634],[28.78,44.636],[28.795,44.634],[28.792,44.624],[28.774,44.601],[28.788,44.61],[28.836,44.627],[28.854,44.634],[28.885,44.658],[28.905,44.668],[28.909,44.675],[28.914,44.68],[28.918,44.683],[28.924,44.682],[28.939,44.675],[28.958,44.679],[28.96,44.682],[28.952,44.689],[28.952,44.696],[28.975,44.687],[28.973,44.67],[28.956,44.651],[28.939,44.634],[28.962,44.639],[28.979,44.655],[28.988,44.675],[28.983,44.693],[28.967,44.701],[28.898,44.717],[28.912,44.696],[28.891,44.677],[28.869,44.662],[28.846,44.652],[28.792,44.645],[28.784,44.649],[28.781,44.665],[28.785,44.68],[28.804,44.684],[28.808,44.696],[28.794,44.688],[28.787,44.693],[28.789,44.706],[28.798,44.72],[28.808,44.727],[28.869,44.754],[28.879,44.757],[28.924,44.758],[28.936,44.76],[28.946,44.765],[28.933,44.774],[28.925,44.784],[28.926,44.793],[28.939,44.799],[28.939,44.806],[28.934,44.808],[28.925,44.813],[28.934,44.814],[28.94,44.817],[28.952,44.827],[28.904,44.863],[28.882,44.87],[28.874,44.875],[28.866,44.883],[28.864,44.892],[28.865,44.895],[28.87,44.896],[28.875,44.899],[28.877,44.905],[28.874,44.912],[28.865,44.917],[28.864,44.922],[28.869,44.943],[28.88,44.955],[28.917,44.98],[28.927,44.983],[28.949,44.984],[28.96,44.988],[28.966,44.997],[28.969,45.006],[28.973,45.011],[28.983,45.012],[29.014,45.005],[29.045,45.005],[29.058,45.001],[29.102,44.98],[29.111,44.97],[29.099,44.957],[29.052,44.945],[29.042,44.926],[29.044,44.866],[29.049,44.847],[29.06,44.832],[29.073,44.835],[29.088,44.843],[29.104,44.84],[29.103,44.851],[29.102,44.859],[29.096,44.875],[29.126,44.852],[29.139,44.839],[29.145,44.827],[29.139,44.804],[29.121,44.787],[29.098,44.775],[29.058,44.768],[29.021,44.755],[28.997,44.752],[28.975,44.745],[28.981,44.729],[28.995,44.711],[28.994,44.696],[29.001,44.689],[29.026,44.715],[29.056,44.735],[29.156,44.784],[29.192,44.793],[29.316,44.799],[29.511,44.821],[29.521,44.822],[29.531,44.826],[29.542,44.828],[29.562,44.82],[29.569,44.825],[29.584,44.84],[29.594,44.844],[29.603,44.845],[29.611,44.849],[29.618,44.861],[29.605,44.88],[29.63,44.908],[29.624,44.929],[29.631,44.939],[29.634,44.953],[29.635,44.97],[29.638,44.984],[29.651,45.012],[29.656,45.029],[29.664,45.117],[29.677,45.145],[29.7,45.162],[29.667,45.164],[29.65,45.178],[29.639,45.196],[29.624,45.21],[29.624,45.216],[29.65,45.217],[29.659,45.216],[29.674,45.214],[29.692,45.217],[29.709,45.223],[29.728,45.237],[29.73,45.238],[29.729,45.239],[29.728,45.248],[29.73,45.258],[29.741,45.282],[29.743,45.29],[29.751,45.304],[29.755,45.313],[29.756,45.321],[29.754,45.364],[29.75,45.386],[29.742,45.405],[29.728,45.416],[29.748,45.414],[29.756,45.428],[29.755,45.447],[29.747,45.463],[29.732,45.476],[29.724,45.468],[29.72,45.451],[29.713,45.436],[29.709,45.453],[29.702,45.457],[29.694,45.456],[29.686,45.457],[29.687,45.454],[29.681,45.45],[29.675,45.45],[29.672,45.454],[29.672,45.477],[29.656,45.474],[29.654,45.464],[29.656,45.452],[29.652,45.443],[29.641,45.442],[29.63,45.447],[29.621,45.454],[29.606,45.478],[29.605,45.487],[29.621,45.491],[29.627,45.495],[29.632,45.504],[29.638,45.514],[29.648,45.518],[29.662,45.526],[29.695,45.562],[29.707,45.573],[29.681,45.555],[29.667,45.548],[29.648,45.545],[29.629,45.547],[29.615,45.55],[29.59,45.559],[29.599,45.604],[29.597,45.652],[29.603,45.691],[29.638,45.71],[29.631,45.722],[29.625,45.728],[29.623,45.736],[29.624,45.752],[29.63,45.763],[29.648,45.781],[29.652,45.789],[29.649,45.794],[29.635,45.807],[29.631,45.814],[29.634,45.821],[29.638,45.826],[29.643,45.827],[29.647,45.819],[29.653,45.814],[29.674,45.802],[29.678,45.8],[29.68,45.798],[29.686,45.792],[29.694,45.781],[29.692,45.775],[29.686,45.768],[29.679,45.752],[29.685,45.704],[29.683,45.697],[29.705,45.688],[29.724,45.667],[29.735,45.641],[29.734,45.614],[29.746,45.623],[29.774,45.63],[29.789,45.635],[29.784,45.644],[29.784,45.647],[29.786,45.649],[29.789,45.655],[29.81,45.649],[29.827,45.654],[29.843,45.664],[29.86,45.669],[29.865,45.672],[29.858,45.68],[29.843,45.691],[29.816,45.698],[29.803,45.704],[29.796,45.717],[29.802,45.737],[29.824,45.748],[29.851,45.751],[29.874,45.752],[29.877,45.754],[29.879,45.758],[29.882,45.763],[29.888,45.765],[29.896,45.764],[29.897,45.76],[29.896,45.755],[29.898,45.752],[29.92,45.741],[29.927,45.734],[29.932,45.724],[29.939,45.752],[29.93,45.759],[29.922,45.769],[29.918,45.783],[29.919,45.8],[29.926,45.814],[29.935,45.816],[29.939,45.81],[29.932,45.8],[29.932,45.792],[29.943,45.784],[29.953,45.772],[29.958,45.795],[29.96,45.819],[29.969,45.839],[29.991,45.847],[30,45.844],[30,48],[-4.481,48],[-4.435,47.976],[-4.387,47.934],[-4.372,47.916],[-4.362,47.889],[-4.347,47.863],[-4.344,47.845],[-4.348,47.838],[-4.356,47.837],[-4.365,47.837],[-4.372,47.834],[-4.373,47.829],[-4.371,47.815],[-4.372,47.807],[-4.225,47.802],[-4.201,47.807],[-4.185,47.813],[-4.153,47.834],[-4.153,47.842],[-4.18,47.842],[-4.18,47.848],[-4.177,47.851],[-4.174,47.855],[-4.188,47.862],[-4.186,47.874],[-4.172,47.877],[-4.153,47.855],[-4.143,47.862],[-4.134,47.866],[-4.124,47.869],[-4.111,47.869],[-4.111,47.875],[-4.123,47.883],[-4.137,47.897],[-4.143,47.912],[-4.132,47.924],[-4.129,47.908],[-4.119,47.892],[-4.107,47.88],[-4.094,47.875],[-4.078,47.874],[-4.065,47.871],[-4.037,47.855],[-4.032,47.864],[-4.024,47.866],[-4.014,47.866],[-4.002,47.869],[-4.005,47.861],[-4.011,47.856],[-4.019,47.854],[-4.029,47.855],[-4.009,47.851],[-3.986,47.868],[-3.979,47.883],[-3.988,47.903],[-3.962,47.9],[-3.935,47.888],[-3.916,47.873],[-3.913,47.862],[-3.901,47.857],[-3.895,47.855],[-3.886,47.855],[-3.89,47.843],[-3.886,47.837],[-3.879,47.834],[-3.872,47.828],[-3.853,47.804],[-3.852,47.801],[-3.834,47.8],[-3.811,47.803],[-3.79,47.803],[-3.775,47.794],[-3.723,47.813],[-3.715,47.811],[-3.706,47.797],[-3.687,47.792],[-3.649,47.794],[-3.644,47.792],[-3.633,47.783],[-3.625,47.78],[-3.617,47.779],[-3.591,47.78],[-3.556,47.774],[-3.539,47.774],[-3.528,47.78],[-3.524,47.772],[-3.52,47.768],[-3.509,47.759],[-3.495,47.739],[-3.465,47.713],[-3.461,47.708],[-3.446,47.705],[-3.364,47.718],[-3.364,47.725],[-3.369,47.73],[-3.375,47.734],[-3.383,47.737],[-3.362,47.74],[-3.332,47.753],[-3.304,47.77],[-3.283,47.787],[-3.283,47.78],[-3.295,47.773],[-3.304,47.761],[-3.317,47.739],[-3.324,47.738],[-3.341,47.739],[-3.344,47.736],[-3.344,47.726],[-3.345,47.721],[-3.349,47.719],[-3.358,47.718],[-3.358,47.711],[-3.316,47.708],[-3.298,47.704],[-3.283,47.697],[-3.283,47.691],[-3.322,47.701],[-3.34,47.702],[-3.358,47.697],[-3.332,47.697],[-3.288,47.689],[-3.262,47.684],[-3.232,47.66],[-3.224,47.656],[-3.215,47.661],[-3.212,47.67],[-3.207,47.679],[-3.193,47.684],[-3.204,47.694],[-3.207,47.697],[-3.193,47.7],[-3.185,47.706],[-3.178,47.71],[-3.166,47.704],[-3.165,47.708],[-3.165,47.71],[-3.164,47.71],[-3.159,47.711],[-3.163,47.725],[-3.17,47.735],[-3.179,47.743],[-3.193,47.746],[-3.177,47.749],[-3.164,47.744],[-3.153,47.742],[-3.145,47.753],[-3.139,47.753],[-3.14,47.746],[-3.139,47.725],[-3.135,47.727],[-3.123,47.73],[-3.118,47.732],[-3.118,47.722],[-3.117,47.715],[-3.115,47.709],[-3.111,47.704],[-3.186,47.681],[-3.198,47.653],[-3.201,47.64],[-3.197,47.633],[-3.187,47.63],[-3.176,47.626],[-3.166,47.622],[-3.152,47.611],[-3.141,47.598],[-3.134,47.581],[-3.132,47.557],[-3.134,47.544],[-3.143,47.527],[-3.145,47.516],[-3.144,47.507],[-3.132,47.478],[-3.125,47.478],[-3.119,47.483],[-3.098,47.479],[-3.085,47.478],[-3.107,47.496],[-3.123,47.519],[-3.129,47.548],[-3.118,47.581],[-3.123,47.583],[-3.127,47.587],[-3.132,47.588],[-3.123,47.599],[-3.112,47.599],[-3.1,47.594],[-3.091,47.588],[-3.097,47.584],[-3.104,47.581],[-3.09,47.576],[-3.074,47.576],[-3.042,47.588],[-3.036,47.583],[-3.03,47.582],[-3.016,47.581],[-3.022,47.595],[-3.018,47.606],[-3.012,47.607],[-3.008,47.592],[-3.003,47.579],[-2.994,47.576],[-2.989,47.582],[-2.994,47.596],[-2.981,47.587],[-2.97,47.577],[-2.961,47.571],[-2.953,47.574],[-2.943,47.564],[-2.94,47.561],[-2.937,47.565],[-2.936,47.568],[-2.933,47.574],[-2.944,47.581],[-2.955,47.592],[-2.964,47.603],[-2.967,47.613],[-2.967,47.637],[-2.969,47.644],[-2.973,47.656],[-2.975,47.664],[-2.967,47.664],[-2.965,47.651],[-2.958,47.642],[-2.947,47.637],[-2.933,47.637],[-2.942,47.632],[-2.945,47.624],[-2.944,47.614],[-2.94,47.602],[-2.933,47.602],[-2.929,47.606],[-2.926,47.608],[-2.913,47.609],[-2.913,47.602],[-2.919,47.602],[-2.919,47.596],[-2.886,47.601],[-2.867,47.607],[-2.858,47.619],[-2.848,47.626],[-2.796,47.63],[-2.775,47.637],[-2.789,47.643],[-2.758,47.639],[-2.746,47.634],[-2.734,47.622],[-2.754,47.627],[-2.775,47.629],[-2.725,47.607],[-2.72,47.602],[-2.709,47.602],[-2.704,47.604],[-2.7,47.609],[-2.714,47.616],[-2.702,47.618],[-2.696,47.623],[-2.697,47.63],[-2.707,47.637],[-2.707,47.643],[-2.684,47.623],[-2.689,47.604],[-2.728,47.568],[-2.72,47.561],[-2.741,47.551],[-2.769,47.55],[-2.794,47.555],[-2.81,47.568],[-2.815,47.553],[-2.816,47.547],[-2.825,47.552],[-2.832,47.554],[-2.838,47.552],[-2.844,47.547],[-2.851,47.547],[-2.865,47.567],[-2.893,47.567],[-2.909,47.558],[-2.892,47.554],[-2.892,47.549],[-2.893,47.548],[-2.89,47.547],[-2.879,47.545],[-2.869,47.542],[-2.865,47.537],[-2.861,47.536],[-2.846,47.516],[-2.844,47.512],[-2.83,47.504],[-2.817,47.499],[-2.802,47.498],[-2.783,47.499],[-2.731,47.512],[-2.714,47.512],[-2.681,47.504],[-2.667,47.51],[-2.666,47.534],[-2.655,47.528],[-2.643,47.526],[-2.618,47.527],[-2.62,47.533],[-2.624,47.537],[-2.63,47.539],[-2.638,47.54],[-2.621,47.543],[-2.606,47.542],[-2.592,47.544],[-2.577,47.554],[-2.584,47.54],[-2.599,47.529],[-2.617,47.522],[-2.632,47.52],[-2.622,47.513],[-2.616,47.514],[-2.61,47.518],[-2.601,47.52],[-2.563,47.52],[-2.531,47.527],[-2.517,47.528],[-2.502,47.527],[-2.425,47.506],[-2.407,47.506],[-2.38,47.509],[-2.364,47.506],[-2.385,47.507],[-2.421,47.5],[-2.484,47.498],[-2.495,47.491],[-2.481,47.478],[-2.489,47.459],[-2.476,47.454],[-2.455,47.452],[-2.439,47.445],[-2.448,47.431],[-2.432,47.426],[-2.407,47.426],[-2.392,47.424],[-2.395,47.417],[-2.429,47.404],[-2.439,47.396],[-2.446,47.403],[-2.442,47.404],[-2.441,47.404],[-2.439,47.41],[-2.456,47.412],[-2.466,47.415],[-2.477,47.416],[-2.556,47.383],[-2.515,47.365],[-2.503,47.35],[-2.502,47.321],[-2.494,47.321],[-2.489,47.33],[-2.489,47.334],[-2.494,47.342],[-2.491,47.344],[-2.488,47.345],[-2.481,47.348],[-2.465,47.334],[-2.445,47.32],[-2.436,47.307],[-2.453,47.293],[-2.476,47.291],[-2.519,47.305],[-2.542,47.307],[-2.542,47.3],[-2.448,47.267],[-2.419,47.266],[-2.418,47.269],[-2.417,47.275],[-2.413,47.282],[-2.405,47.286],[-2.397,47.288],[-2.388,47.288],[-2.371,47.286],[-2.355,47.28],[-2.331,47.261],[-2.316,47.252],[-2.298,47.247],[-2.278,47.246],[-2.259,47.252],[-2.236,47.267],[-2.206,47.273],[-2.196,47.28],[-2.191,47.286],[-2.187,47.293],[-2.18,47.3],[-2.148,47.313],[-2.01,47.32],[-1.972,47.312],[-1.958,47.302],[-1.949,47.3],[-1.926,47.298],[-1.906,47.294],[-1.871,47.28],[-1.836,47.26],[-1.806,47.235],[-1.788,47.226],[-1.747,47.22],[-1.727,47.211],[-1.781,47.212],[-1.804,47.219],[-1.826,47.235],[-1.836,47.24],[-1.878,47.246],[-1.919,47.266],[-1.919,47.273],[-1.898,47.273],[-1.907,47.28],[-1.917,47.284],[-1.928,47.286],[-1.939,47.286],[-1.932,47.28],[-1.948,47.279],[-1.999,47.289],[-2.007,47.293],[-2.015,47.3],[-2.022,47.299],[-2.029,47.297],[-2.036,47.293],[-2.128,47.287],[-2.152,47.28],[-2.161,47.271],[-2.167,47.259],[-2.171,47.246],[-2.172,47.235],[-2.169,47.22],[-2.159,47.204],[-2.159,47.191],[-2.162,47.176],[-2.165,47.168],[-2.173,47.164],[-2.205,47.161],[-2.217,47.156],[-2.228,47.149],[-2.241,47.142],[-2.205,47.129],[-2.09,47.115],[-2.03,47.092],[-2.015,47.082],[-2.004,47.07],[-1.993,47.052],[-1.991,47.035],[-2.008,47.026],[-2.02,47.009],[-2.037,46.973],[-2.049,46.957],[-2.087,46.941],[-2.102,46.931],[-2.096,46.916],[-2.122,46.904],[-2.129,46.893],[-2.131,46.872],[-2.13,46.855],[-2.126,46.836],[-2.119,46.82],[-2.107,46.813],[-2.081,46.807],[-2.05,46.792],[-1.995,46.752],[-1.965,46.71],[-1.956,46.704],[-1.94,46.703],[-1.923,46.699],[-1.91,46.692],[-1.9,46.666],[-1.888,46.657],[-1.872,46.647],[-1.857,46.635],[-1.851,46.624],[-1.847,46.61],[-1.839,46.599],[-1.823,46.594],[-1.827,46.577],[-1.805,46.504],[-1.795,46.495],[-1.786,46.491],[-1.782,46.495],[-1.783,46.504],[-1.789,46.52],[-1.789,46.533],[-1.78,46.522],[-1.768,46.5],[-1.761,46.492],[-1.749,46.487],[-1.72,46.481],[-1.687,46.461],[-1.633,46.454],[-1.617,46.444],[-1.626,46.431],[-1.599,46.425],[-1.532,46.423],[-1.504,46.419],[-1.481,46.408],[-1.465,46.39],[-1.46,46.365],[-1.449,46.343],[-1.423,46.342],[-1.37,46.354],[-1.357,46.35],[-1.334,46.337],[-1.303,46.324],[-1.293,46.323],[-1.277,46.32],[-1.259,46.3],[-1.24,46.284],[-1.213,46.279],[-1.214,46.311],[-1.177,46.326],[-1.132,46.324],[-1.111,46.303],[-1.108,46.289],[-1.104,46.28],[-1.103,46.272],[-1.111,46.259],[-1.18,46.229],[-1.191,46.216],[-1.185,46.197],[-1.194,46.193],[-1.204,46.184],[-1.211,46.175],[-1.21,46.166],[-1.2,46.159],[-1.192,46.158],[-1.183,46.158],[-1.172,46.156],[-1.157,46.157],[-1.152,46.156],[-1.151,46.153],[-1.152,46.148],[-1.152,46.144],[-1.148,46.142],[-1.14,46.141],[-1.117,46.128],[-1.129,46.12],[-1.129,46.116],[-1.123,46.112],[-1.117,46.108],[-1.114,46.106],[-1.101,46.103],[-1.097,46.102],[-1.096,46.098],[-1.096,46.088],[-1.089,46.075],[-1.088,46.065],[-1.084,46.057],[-1.065,46.052],[-1.059,46.048],[-1.053,46.043],[-1.049,46.039],[-1.049,46.033],[-1.06,46.016],[-1.073,46.007],[-1.09,46.008],[-1.111,46.018],[-1.097,45.985],[-1.086,45.972],[-1.069,45.964],[-1.074,45.962],[-1.084,45.954],[-1.09,45.951],[-1.083,45.945],[-1.076,45.937],[-1.07,45.926],[-1.069,45.916],[-1.073,45.904],[-1.08,45.902],[-1.088,45.903],[-1.097,45.902],[-1.113,45.896],[-1.124,45.889],[-1.129,45.884],[-1.134,45.878],[-1.141,45.872],[-1.152,45.868],[-1.143,45.858],[-1.137,45.843],[-1.132,45.828],[-1.131,45.817],[-1.125,45.808],[-1.099,45.786],[-1.01,45.735],[-0.987,45.717],[-1.057,45.74],[-1.069,45.748],[-1.081,45.753],[-1.144,45.806],[-1.164,45.807],[-1.23,45.792],[-1.23,45.78],[-1.247,45.71],[-1.229,45.705],[-1.194,45.71],[-1.176,45.7],[-1.163,45.689],[-1.149,45.679],[-1.133,45.672],[-1.114,45.669],[-1.084,45.66],[-1.03,45.623],[-0.997,45.614],[-0.991,45.61],[-0.987,45.591],[-0.984,45.587],[-0.842,45.515],[-0.795,45.477],[-0.773,45.452],[-0.753,45.424],[-0.72,45.361],[-0.707,45.322],[-0.669,45.131],[-0.656,45.099],[-0.638,45.073],[-0.602,45.053],[-0.559,45.043],[-0.519,45.029],[-0.494,44.998],[-0.516,45.011],[-0.539,45.02],[-0.565,45.024],[-0.596,45.025],[-0.573,45.014],[-0.55,44.998],[-0.539,44.977],[-0.548,44.95],[-0.542,44.937],[-0.539,44.909],[-0.535,44.895],[-0.548,44.902],[-0.557,44.919],[-0.561,44.939],[-0.562,44.96],[-0.559,44.976],[-0.561,44.985],[-0.569,44.998],[-0.578,45.005],[-0.61,45.018],[-0.648,45.045],[-0.682,45.076],[-0.716,45.135],[-0.72,45.146],[-0.739,45.239],[-0.752,45.276],[-0.755,45.296],[-0.766,45.326],[-0.794,45.355],[-0.915,45.45],[-0.931,45.454],[-0.973,45.471],[-1.04,45.507],[-1.049,45.515],[-1.059,45.527],[-1.062,45.532],[-1.062,45.538],[-1.06,45.543],[-1.057,45.546],[-1.057,45.558],[-1.056,45.565],[-1.059,45.57],[-1.069,45.573],[-1.085,45.569],[-1.1,45.554],[-1.134,45.505],[-1.14,45.49],[-1.158,45.279],[-1.199,45.121],[-1.26,44.627],[-1.254,44.639],[-1.245,44.663],[-1.234,44.707],[-1.189,44.756],[-1.182,44.765],[-1.18,44.767],[-1.178,44.771],[-1.177,44.775],[-1.172,44.778],[-1.165,44.779],[-1.161,44.777],[-1.156,44.773],[-1.152,44.771],[-1.141,44.768],[-1.065,44.717],[-1.055,44.703],[-1.069,44.703],[-1.044,44.685],[-1.045,44.669],[-1.065,44.659],[-1.1,44.655],[-1.161,44.666],[-1.187,44.665],[-1.206,44.648],[-1.224,44.602],[-1.227,44.59],[-1.231,44.584],[-1.257,44.556],[-1.258,44.548],[-1.25,44.519],[-1.247,44.505],[-1.254,44.442],[-1.282,44.302],[-1.346,44.019],[-1.348,44.014],[-1.381,43.89],[-1.405,43.832],[-1.446,43.668],[-1.47,43.612],[-1.477,43.58],[-1.506,43.55],[-1.514,43.539],[-1.553,43.501],[-1.562,43.493],[-1.566,43.482],[-1.588,43.451],[-1.597,43.443],[-1.615,43.433],[-1.638,43.424],[-1.661,43.4],[-1.75,43.389],[-1.768,43.384],[-1.776,43.376],[-1.791,43.384],[-1.791,43.385],[-1.811,43.395],[-1.847,43.381],[-1.885,43.356],[-1.926,43.343],[-1.919,43.339],[-1.91,43.331],[-1.905,43.328],[-1.919,43.321],[-1.927,43.326],[-1.934,43.336],[-1.946,43.343],[-1.96,43.343],[-1.972,43.339],[-1.995,43.328],[-2.066,43.31],[-2.086,43.307],[-2.099,43.304],[-2.128,43.287],[-2.135,43.29],[-2.138,43.294],[-2.14,43.299],[-2.145,43.301],[-2.152,43.3],[-2.156,43.298],[-2.16,43.295],[-2.162,43.294],[-2.174,43.297],[-2.183,43.305],[-2.19,43.312],[-2.196,43.315],[-2.208,43.314],[-2.241,43.307],[-2.285,43.303],[-2.327,43.307],[-2.367,43.316],[-2.464,43.349],[-2.484,43.371],[-2.506,43.377],[-2.549,43.384],[-2.607,43.402],[-2.638,43.406],[-2.649,43.41],[-2.661,43.412],[-2.673,43.41],[-2.678,43.406],[-2.679,43.401],[-2.678,43.395],[-2.679,43.39],[-2.687,43.371],[-2.691,43.368],[-2.695,43.389],[-2.707,43.414],[-2.715,43.425],[-2.735,43.439],[-2.756,43.45],[-2.769,43.453],[-2.786,43.448],[-2.807,43.442],[-2.854,43.438],[-2.905,43.44],[-2.93,43.438],[-2.947,43.431],[-2.947,43.425],[-2.94,43.425],[-2.94,43.417],[-2.956,43.414],[-2.999,43.394],[-3.011,43.384],[-3.024,43.381],[-3.029,43.376],[-3.029,43.372],[-3.023,43.365],[-3.02,43.353],[-3.008,43.328],[-3.008,43.321],[-3.058,43.352],[-3.09,43.367],[-3.112,43.354],[-3.131,43.356],[-3.151,43.36],[-3.177,43.366],[-3.2,43.386],[-3.211,43.39],[-3.224,43.392],[-3.269,43.404],[-3.33,43.41],[-3.378,43.423],[-3.392,43.425],[-3.422,43.418],[-3.436,43.419],[-3.447,43.431],[-3.461,43.412],[-3.47,43.417],[-3.482,43.428],[-3.502,43.431],[-3.486,43.438],[-3.478,43.443],[-3.474,43.449],[-3.47,43.454],[-3.461,43.452],[-3.451,43.448],[-3.447,43.445],[-3.439,43.447],[-3.433,43.445],[-3.429,43.447],[-3.427,43.456],[-3.428,43.462],[-3.432,43.467],[-3.437,43.47],[-3.505,43.479],[-3.515,43.483],[-3.526,43.492],[-3.539,43.499],[-3.556,43.5],[-3.554,43.517],[-3.579,43.518],[-3.656,43.501],[-3.667,43.497],[-3.677,43.489],[-3.688,43.484],[-3.718,43.483],[-3.729,43.479],[-3.721,43.472],[-3.726,43.471],[-3.727,43.471],[-3.729,43.466],[-3.736,43.469],[-3.742,43.47],[-3.756,43.472],[-3.756,43.466],[-3.749,43.461],[-3.743,43.451],[-3.741,43.442],[-3.745,43.438],[-3.754,43.44],[-3.763,43.45],[-3.772,43.453],[-3.776,43.45],[-3.79,43.436],[-3.796,43.431],[-3.811,43.425],[-3.82,43.424],[-3.831,43.425],[-3.832,43.429],[-3.83,43.43],[-3.827,43.43],[-3.824,43.431],[-3.829,43.433],[-3.834,43.436],[-3.844,43.445],[-3.831,43.456],[-3.813,43.465],[-3.769,43.479],[-3.797,43.493],[-3.827,43.497],[-3.857,43.492],[-3.886,43.479],[-3.891,43.484],[-3.894,43.485],[-3.906,43.479],[-3.923,43.483],[-3.94,43.477],[-3.975,43.459],[-3.975,43.453],[-3.965,43.447],[-3.961,43.445],[-3.967,43.444],[-3.972,43.444],[-3.976,43.443],[-3.981,43.438],[-4.006,43.451],[-4.013,43.453],[-4.021,43.45],[-4.023,43.446],[-4.023,43.441],[-4.029,43.438],[-4.074,43.438],[-4.098,43.436],[-4.161,43.421],[-4.189,43.405],[-4.313,43.396],[-4.359,43.4],[-4.369,43.396],[-4.379,43.384],[-4.386,43.384],[-4.405,43.397],[-4.433,43.403],[-4.461,43.399],[-4.482,43.384],[-4.508,43.402],[-4.512,43.403],[-4.735,43.417],[-4.755,43.422],[-4.837,43.45],[-4.908,43.461],[-4.93,43.47],[-4.941,43.472],[-4.953,43.47],[-4.967,43.461],[-4.975,43.459],[-5.045,43.474],[-5.057,43.469],[-5.068,43.481],[-5.092,43.486],[-5.178,43.489],[-5.212,43.498],[-5.284,43.533],[-5.3,43.538],[-5.342,43.541],[-5.357,43.539],[-5.362,43.533],[-5.365,43.527],[-5.372,43.52],[-5.383,43.516],[-5.404,43.511],[-5.414,43.507],[-5.421,43.513],[-5.404,43.525],[-5.391,43.541],[-5.394,43.555],[-5.424,43.561],[-5.626,43.555],[-5.677,43.561],[-5.689,43.579],[-5.697,43.583],[-5.702,43.569],[-5.709,43.569],[-5.727,43.59],[-5.782,43.637],[-5.804,43.65],[-5.836,43.662],[-5.852,43.663],[-5.859,43.654],[-5.864,43.641],[-5.875,43.637],[-5.907,43.637],[-5.905,43.634],[-5.903,43.626],[-5.901,43.623],[-5.913,43.613],[-5.909,43.605],[-5.902,43.598],[-5.907,43.588],[-6.024,43.588],[-6.039,43.583],[-6.054,43.575],[-6.069,43.57],[-6.085,43.575],[-6.1,43.569],[-6.178,43.575],[-6.191,43.579],[-6.223,43.596],[-6.236,43.594],[-6.244,43.589],[-6.25,43.584],[-6.274,43.58],[-6.3,43.571],[-6.315,43.569],[-6.366,43.569],[-6.418,43.561],[-6.432,43.563],[-6.455,43.573],[-6.469,43.575],[-6.467,43.571],[-6.465,43.56],[-6.463,43.555],[-6.488,43.555],[-6.5,43.553],[-6.51,43.547],[-6.547,43.562],[-6.598,43.575],[-6.649,43.579],[-6.704,43.558],[-6.73,43.56],[-6.771,43.569],[-6.831,43.565],[-6.846,43.569],[-6.944,43.566],[-7.001,43.557],[-7.01,43.533],[-7.024,43.526],[-7.03,43.512],[-7.033,43.495],[-7.038,43.479],[-7.045,43.479],[-7.054,43.497],[-7.048,43.51],[-7.038,43.522],[-7.031,43.533],[-7.032,43.553],[-7.044,43.559],[-7.062,43.562],[-7.079,43.569],[-7.096,43.561],[-7.157,43.559],[-7.195,43.564],[-7.215,43.569],[-7.23,43.569],[-7.242,43.565],[-7.25,43.559],[-7.258,43.557],[-7.271,43.561],[-7.271,43.569],[-7.265,43.571],[-7.262,43.574],[-7.26,43.578],[-7.257,43.582],[-7.304,43.599],[-7.367,43.68],[-7.408,43.691],[-7.49,43.725],[-7.502,43.728],[-7.541,43.732],[-7.556,43.728],[-7.565,43.72],[-7.574,43.715],[-7.586,43.718],[-7.595,43.704],[-7.607,43.691],[-7.616,43.689],[-7.613,43.704],[-7.638,43.739],[-7.641,43.753],[-7.658,43.747],[-7.665,43.746],[-7.672,43.744],[-7.674,43.739],[-7.674,43.734],[-7.675,43.732],[-7.684,43.729],[-7.692,43.727],[-7.696,43.732],[-7.696,43.746],[-7.673,43.767],[-7.668,43.773],[-7.671,43.783],[-7.678,43.79],[-7.686,43.793],[-7.689,43.79],[-7.696,43.775],[-7.713,43.761],[-7.734,43.75],[-7.774,43.743],[-7.794,43.734],[-7.812,43.723],[-7.826,43.712],[-7.824,43.708],[-7.821,43.701],[-7.819,43.697],[-7.844,43.704],[-7.856,43.703],[-7.868,43.697],[-7.849,43.676],[-7.858,43.668],[-7.909,43.67],[-7.909,43.677],[-7.904,43.678],[-7.901,43.68],[-7.895,43.684],[-7.887,43.68],[-7.884,43.679],[-7.874,43.684],[-7.88,43.692],[-7.879,43.701],[-7.875,43.709],[-7.868,43.718],[-7.862,43.716],[-7.852,43.714],[-7.847,43.712],[-7.847,43.718],[-7.861,43.731],[-7.869,43.749],[-7.881,43.763],[-7.909,43.766],[-7.928,43.747],[-7.953,43.73],[-7.981,43.718],[-8.011,43.712],[-8.045,43.712],[-8.059,43.709],[-8.066,43.701],[-8.069,43.689],[-8.074,43.679],[-8.071,43.668],[-8.052,43.656],[-8.056,43.654],[-8.061,43.651],[-8.066,43.649],[-8.066,43.643],[-8.062,43.642],[-8.052,43.643],[-8.064,43.639],[-8.075,43.64],[-8.083,43.645],[-8.087,43.656],[-8.232,43.576],[-8.261,43.565],[-8.285,43.567],[-8.291,43.565],[-8.309,43.567],[-8.313,43.567],[-8.313,43.556],[-8.308,43.546],[-8.3,43.538],[-8.292,43.533],[-8.305,43.519],[-8.317,43.523],[-8.322,43.508],[-8.325,43.487],[-8.333,43.472],[-8.289,43.473],[-8.269,43.479],[-8.257,43.492],[-8.248,43.488],[-8.244,43.485],[-8.251,43.483],[-8.254,43.481],[-8.257,43.478],[-8.197,43.485],[-8.173,43.493],[-8.169,43.492],[-8.167,43.485],[-8.171,43.478],[-8.179,43.473],[-8.186,43.472],[-8.286,43.462],[-8.305,43.451],[-8.289,43.446],[-8.265,43.427],[-8.247,43.423],[-8.213,43.425],[-8.195,43.423],[-8.175,43.416],[-8.194,43.407],[-8.205,43.4],[-8.21,43.391],[-8.21,43.375],[-8.203,43.345],[-8.202,43.329],[-8.21,43.313],[-8.217,43.328],[-8.228,43.338],[-8.251,43.355],[-8.257,43.366],[-8.261,43.377],[-8.267,43.386],[-8.282,43.39],[-8.311,43.403],[-8.331,43.406],[-8.34,43.393],[-8.337,43.369],[-8.341,43.36],[-8.354,43.349],[-8.376,43.363],[-8.385,43.373],[-8.388,43.386],[-8.443,43.375],[-8.449,43.372],[-8.451,43.367],[-8.456,43.363],[-8.476,43.36],[-8.486,43.354],[-8.494,43.347],[-8.498,43.338],[-8.506,43.332],[-8.558,43.313],[-8.593,43.324],[-8.63,43.316],[-8.665,43.301],[-8.693,43.293],[-8.712,43.296],[-8.75,43.305],[-8.769,43.307],[-8.786,43.312],[-8.817,43.336],[-8.83,43.341],[-8.841,43.339],[-8.849,43.334],[-8.857,43.327],[-8.888,43.321],[-8.93,43.3],[-8.971,43.287],[-8.981,43.286],[-8.988,43.283],[-8.98,43.277],[-8.968,43.272],[-8.963,43.272],[-8.948,43.25],[-8.936,43.244],[-8.915,43.245],[-8.933,43.235],[-8.959,43.227],[-8.986,43.227],[-9.004,43.239],[-9.012,43.239],[-9.017,43.224],[-9.027,43.21],[-9.04,43.205],[-9.052,43.196],[-9.065,43.192],[-9.083,43.19],[-9.1,43.19],[-9.138,43.202],[-9.17,43.189],[-9.218,43.155],[-9.208,43.138],[-9.194,43.137],[-9.162,43.149],[-9.163,43.14],[-9.147,43.139],[-9.125,43.143],[-9.108,43.149],[-9.108,43.141],[-9.126,43.14],[-9.133,43.138],[-9.141,43.135],[-9.15,43.13],[-9.154,43.125],[-9.157,43.12],[-9.162,43.114],[-9.177,43.106],[-9.19,43.102],[-9.203,43.105],[-9.218,43.114],[-9.222,43.103],[-9.234,43.097],[-9.246,43.088],[-9.251,43.07],[-9.258,43.061],[-9.271,43.06],[-9.28,43.055],[-9.272,43.031],[-9.257,43.023],[-9.251,43.017],[-9.255,43.008],[-9.259,43.002],[-9.262,42.994],[-9.264,42.987],[-9.265,42.98],[-9.285,42.938],[-9.292,42.929],[-9.292,42.923],[-9.283,42.917],[-9.273,42.893],[-9.268,42.891],[-9.262,42.9],[-9.252,42.92],[-9.244,42.929],[-9.236,42.935],[-9.224,42.94],[-9.214,42.939],[-9.21,42.926],[-9.205,42.925],[-9.196,42.927],[-9.19,42.932],[-9.196,42.943],[-9.196,42.949],[-9.183,42.945],[-9.168,42.927],[-9.159,42.923],[-9.141,42.921],[-9.135,42.918],[-9.134,42.911],[-9.135,42.902],[-9.138,42.896],[-9.147,42.888],[-9.149,42.884],[-9.148,42.879],[-9.142,42.865],[-9.141,42.857],[-9.122,42.852],[-9.108,42.845],[-9.1,42.833],[-9.106,42.823],[-9.113,42.816],[-9.123,42.813],[-9.135,42.813],[-9.125,42.795],[-9.12,42.779],[-9.113,42.766],[-9.1,42.758],[-9.081,42.755],[-9.069,42.76],[-9.046,42.778],[-9.049,42.795],[-9.028,42.798],[-8.977,42.792],[-8.951,42.795],[-8.928,42.803],[-8.913,42.817],[-8.908,42.839],[-8.888,42.831],[-8.885,42.815],[-8.891,42.799],[-8.898,42.792],[-8.922,42.788],[-8.937,42.778],[-8.963,42.751],[-8.992,42.739],[-8.994,42.737],[-9.006,42.734],[-9.014,42.727],[-9.019,42.72],[-9.03,42.708],[-9.036,42.688],[-9.039,42.673],[-9.039,42.661],[-9.051,42.646],[-9.066,42.62],[-9.071,42.596],[-9.056,42.585],[-9.033,42.578],[-9.029,42.561],[-9.026,42.543],[-9.012,42.531],[-8.997,42.543],[-8.989,42.549],[-8.981,42.551],[-8.973,42.574],[-8.97,42.579],[-8.934,42.587],[-8.922,42.594],[-8.936,42.606],[-8.903,42.625],[-8.889,42.631],[-8.895,42.62],[-8.881,42.612],[-8.869,42.617],[-8.847,42.641],[-8.857,42.649],[-8.855,42.662],[-8.84,42.682],[-8.826,42.674],[-8.816,42.659],[-8.804,42.646],[-8.785,42.641],[-8.767,42.645],[-8.754,42.657],[-8.744,42.672],[-8.737,42.688],[-8.731,42.688],[-8.739,42.666],[-8.776,42.605],[-8.788,42.592],[-8.802,42.589],[-8.814,42.581],[-8.823,42.57],[-8.827,42.555],[-8.825,42.537],[-8.813,42.503],[-8.825,42.495],[-8.825,42.484],[-8.822,42.472],[-8.827,42.462],[-8.837,42.459],[-8.852,42.461],[-8.866,42.465],[-8.874,42.469],[-8.861,42.476],[-8.861,42.485],[-8.869,42.493],[-8.881,42.497],[-8.896,42.494],[-8.917,42.488],[-8.935,42.479],[-8.943,42.469],[-8.935,42.465],[-8.901,42.461],[-8.888,42.456],[-8.88,42.445],[-8.876,42.426],[-8.868,42.415],[-8.844,42.404],[-8.811,42.401],[-8.779,42.403],[-8.758,42.407],[-8.744,42.413],[-8.719,42.428],[-8.697,42.438],[-8.694,42.44],[-8.691,42.441],[-8.683,42.441],[-8.673,42.438],[-8.664,42.438],[-8.655,42.441],[-8.663,42.427],[-8.677,42.416],[-8.71,42.4],[-8.727,42.389],[-8.765,42.356],[-8.772,42.343],[-8.777,42.34],[-8.813,42.346],[-8.827,42.344],[-8.831,42.342],[-8.829,42.337],[-8.827,42.329],[-8.827,42.297],[-8.833,42.289],[-8.847,42.305],[-8.853,42.305],[-8.853,42.291],[-8.864,42.269],[-8.868,42.256],[-8.848,42.261],[-8.796,42.258],[-8.785,42.26],[-8.774,42.269],[-8.72,42.288],[-8.7,42.291],[-8.675,42.299],[-8.661,42.317],[-8.65,42.336],[-8.635,42.346],[-8.626,42.348],[-8.623,42.347],[-8.622,42.341],[-8.622,42.31],[-8.625,42.302],[-8.632,42.297],[-8.652,42.286],[-8.67,42.281],[-8.702,42.259],[-8.706,42.256],[-8.72,42.252],[-8.772,42.222],[-8.791,42.205],[-8.795,42.202],[-8.806,42.197],[-8.811,42.188],[-8.813,42.179],[-8.816,42.175],[-8.842,42.164],[-8.847,42.161],[-8.843,42.154],[-8.824,42.148],[-8.819,42.14],[-8.827,42.131],[-8.845,42.127],[-8.885,42.126],[-8.895,42.119],[-8.899,42.102],[-8.879,41.907],[-8.881,41.893],[-8.865,41.889],[-8.849,41.899],[-8.833,41.914],[-8.816,41.921],[-8.795,41.926],[-8.777,41.937],[-8.762,41.953],[-8.751,41.969],[-8.763,41.932],[-8.797,41.903],[-8.868,41.859],[-8.875,41.85],[-8.879,41.839],[-8.872,41.811],[-8.88,41.766],[-8.88,41.737],[-8.861,41.704],[-8.843,41.696],[-8.83,41.695],[-8.807,41.697],[-8.696,41.722],[-8.71,41.712],[-8.726,41.703],[-8.743,41.697],[-8.805,41.689],[-8.827,41.683],[-8.831,41.672],[-8.829,41.648],[-8.82,41.63],[-8.819,41.612],[-8.813,41.595],[-8.808,41.573],[-8.795,41.543],[-8.793,41.526],[-8.788,41.512],[-8.786,41.491],[-8.775,41.468],[-8.786,41.435],[-8.784,41.406],[-8.784,41.394],[-8.778,41.379],[-8.764,41.361],[-8.76,41.351],[-8.756,41.341],[-8.749,41.338],[-8.744,41.328],[-8.745,41.297],[-8.74,41.285],[-8.735,41.274],[-8.732,41.263],[-8.737,41.25],[-8.718,41.222],[-8.705,41.187],[-8.686,41.159],[-8.648,41.153],[-8.648,41.147],[-8.666,41.133],[-8.667,41.098],[-8.655,41.031],[-8.655,40.994],[-8.751,40.653],[-8.738,40.664],[-8.725,40.686],[-8.714,40.709],[-8.71,40.725],[-8.707,40.75],[-8.701,40.778],[-8.69,40.804],[-8.676,40.824],[-8.671,40.811],[-8.663,40.815],[-8.657,40.829],[-8.655,40.845],[-8.646,40.824],[-8.684,40.783],[-8.676,40.756],[-8.668,40.747],[-8.645,40.74],[-8.64,40.74],[-8.636,40.742],[-8.615,40.745],[-8.59,40.755],[-8.573,40.756],[-8.588,40.744],[-8.604,40.736],[-8.622,40.731],[-8.645,40.729],[-8.664,40.724],[-8.666,40.713],[-8.657,40.701],[-8.642,40.694],[-8.654,40.677],[-8.662,40.67],[-8.672,40.667],[-8.677,40.67],[-8.681,40.675],[-8.686,40.678],[-8.696,40.674],[-8.699,40.668],[-8.696,40.661],[-8.692,40.656],[-8.69,40.653],[-8.69,40.647],[-8.696,40.647],[-8.71,40.653],[-8.725,40.645],[-8.745,40.619],[-8.744,40.626],[-8.745,40.647],[-8.75,40.644],[-8.753,40.641],[-8.766,40.583],[-8.785,40.537],[-8.799,40.474],[-8.865,40.275],[-8.896,40.229],[-8.908,40.201],[-8.907,40.179],[-8.896,40.165],[-8.879,40.156],[-8.834,40.152],[-8.816,40.147],[-8.801,40.138],[-8.785,40.126],[-8.785,40.119],[-8.825,40.12],[-8.842,40.126],[-8.853,40.139],[-8.868,40.125],[-8.993,39.843],[-9.072,39.68],[-9.078,39.642],[-9.09,39.616],[-9.088,39.597],[-9.09,39.579],[-9.111,39.551],[-9.121,39.535],[-9.136,39.516],[-9.164,39.502],[-9.183,39.493],[-9.191,39.482],[-9.214,39.461],[-9.23,39.441],[-9.214,39.429],[-9.206,39.415],[-9.218,39.406],[-9.228,39.408],[-9.24,39.42],[-9.261,39.418],[-9.279,39.406],[-9.353,39.368],[-9.398,39.378],[-9.409,39.375],[-9.402,39.365],[-9.366,39.336],[-9.354,39.316],[-9.341,39.267],[-9.347,39.235],[-9.351,39.197],[-9.371,39.161],[-9.384,39.134],[-9.423,39.079],[-9.427,39.052],[-9.437,39.029],[-9.425,38.992],[-9.423,38.931],[-9.455,38.85],[-9.48,38.831],[-9.492,38.819],[-9.497,38.81],[-9.497,38.788]]],[[[-9.08,38.82],[-9.073,38.818],[-9.055,38.833],[-9.041,38.849],[-9.035,38.864],[-9.035,38.871],[-9.041,38.868],[-9.044,38.866],[-9.05,38.862],[-9.061,38.852],[-9.071,38.838],[-9.08,38.82]]],[[[-9.028,38.889],[-9.02,38.894],[-9.013,38.914],[-9.018,38.92],[-9.026,38.905],[-9.028,38.889]]],[[[-9.026,38.865],[-9.017,38.857],[-9.003,38.861],[-9.001,38.871],[-9.006,38.879],[-9.012,38.882],[-9.02,38.879],[-9.026,38.865]]],[[[-8.849,38.48],[-8.84,38.474],[-8.835,38.482],[-8.84,38.488],[-8.847,38.487],[-8.848,38.483],[-8.849,38.48]]],[[[-8.848,40.147],[-8.844,40.14],[-8.841,40.134],[-8.828,40.124],[-8.817,40.123],[-8.796,40.131],[-8.828,40.144],[-8.839,40.147],[-8.844,40.145],[-8.848,40.147]]],[[[-7.956,36.973],[-7.931,36.966],[-7.904,36.966],[-7.878,36.971],[-7.86,36.981],[-7.859,36.983],[-7.853,36.987],[-7.856,36.994],[-7.858,36.997],[-7.86,37],[-7.884,36.981],[-7.904,36.975],[-7.956,36.981],[-7.956,36.973]]],[[[-7.909,36.978],[-7.905,36.978],[-7.905,36.982],[-7.904,36.986],[-7.909,36.989],[-7.909,36.978]]],[[[-7.906,36.996],[-7.901,36.995],[-7.895,36.989],[-7.879,36.993],[-7.884,36.994],[-7.888,36.995],[-7.886,36.997],[-7.883,36.998],[-7.881,37.001],[-7.887,37.001],[-7.897,36.999],[-7.905,36.999],[-7.906,36.996]]],[[[-5.421,35.914],[-5.42,35.912],[-5.418,35.911],[-5.416,35.914],[-5.419,35.916],[-5.421,35.914]]],[[[-4.302,35.173],[-4.301,35.172],[-4.299,35.172],[-4.298,35.172],[-4.297,35.172],[-4.299,35.173],[-4.3,35.173],[-4.301,35.173],[-4.302,35.173]]],[[[-3.903,35.215],[-3.903,35.215],[-3.902,35.215],[-3.902,35.216],[-3.903,35.215],[-3.903,35.215]]],[[[-3.901,35.217],[-3.901,35.217],[-3.9,35.217],[-3.9,35.217],[-3.9,35.218],[-3.901,35.218],[-3.901,35.218],[-3.901,35.217]]],[[[-3.262,47.383],[-3.256,47.369],[-3.245,47.353],[-3.238,47.336],[-3.241,47.321],[-3.223,47.312],[-3.172,47.302],[-3.094,47.297],[-3.067,47.302],[-3.063,47.321],[-3.073,47.328],[-3.103,47.327],[-3.115,47.331],[-3.149,47.355],[-3.152,47.358],[-3.177,47.371],[-3.222,47.388],[-3.234,47.39],[-3.243,47.395],[-3.25,47.395],[-3.254,47.389],[-3.262,47.383]]],[[[-3.04,35.944],[-3.038,35.943],[-3.036,35.944],[-3.039,35.946],[-3.04,35.944]]],[[[-2.446,35.177],[-2.441,35.176],[-2.439,35.179],[-2.441,35.181],[-2.445,35.18],[-2.446,35.177]]],[[[-2.436,35.181],[-2.431,35.179],[-2.427,35.182],[-2.429,35.186],[-2.434,35.185],[-2.436,35.181]]],[[[-2.425,35.179],[-2.421,35.176],[-2.418,35.18],[-2.422,35.183],[-2.425,35.179]]],[[[-2.383,46.723],[-2.371,46.704],[-2.291,46.704],[-2.269,46.697],[-2.28,46.71],[-2.298,46.72],[-2.337,46.732],[-2.357,46.734],[-2.375,46.732],[-2.383,46.723]]],[[[-2.296,47.033],[-2.279,47.018],[-2.263,46.98],[-2.247,46.964],[-2.22,46.974],[-2.195,46.962],[-2.174,46.939],[-2.159,46.916],[-2.143,46.91],[-2.138,46.923],[-2.14,46.943],[-2.145,46.957],[-2.156,46.965],[-2.19,46.977],[-2.2,46.985],[-2.201,47],[-2.197,47.013],[-2.2,47.024],[-2.22,47.033],[-2.239,47.035],[-2.296,47.033]]],[[[-1.556,46.246],[-1.545,46.24],[-1.504,46.208],[-1.489,46.203],[-1.433,46.211],[-1.336,46.167],[-1.291,46.161],[-1.286,46.16],[-1.281,46.156],[-1.271,46.16],[-1.263,46.162],[-1.254,46.162],[-1.266,46.181],[-1.285,46.196],[-1.308,46.207],[-1.409,46.218],[-1.425,46.224],[-1.425,46.231],[-1.411,46.231],[-1.411,46.238],[-1.435,46.234],[-1.464,46.225],[-1.491,46.224],[-1.508,46.246],[-1.498,46.245],[-1.474,46.238],[-1.467,46.244],[-1.468,46.25],[-1.473,46.255],[-1.48,46.259],[-1.498,46.262],[-1.556,46.252],[-1.556,46.246]]],[[[-1.405,46.053],[-1.383,46.019],[-1.372,45.995],[-1.374,45.985],[-1.378,45.976],[-1.362,45.957],[-1.34,45.939],[-1.319,45.928],[-1.26,45.882],[-1.249,45.868],[-1.241,45.855],[-1.227,45.82],[-1.209,45.814],[-1.195,45.83],[-1.184,45.856],[-1.176,45.899],[-1.178,45.907],[-1.185,45.916],[-1.214,45.928],[-1.224,45.935],[-1.219,45.944],[-1.219,45.951],[-1.23,45.958],[-1.231,45.968],[-1.23,45.979],[-1.234,45.992],[-1.248,46.002],[-1.261,46.001],[-1.274,45.998],[-1.285,46.002],[-1.309,46.02],[-1.34,46.038],[-1.374,46.05],[-1.405,46.053]]],[[[-0.755,37.774],[-0.75,37.746],[-0.751,37.713],[-0.747,37.684],[-0.726,37.665],[-0.74,37.702],[-0.742,37.726],[-0.733,37.748],[-0.738,37.754],[-0.744,37.764],[-0.747,37.768],[-0.748,37.77],[-0.748,37.773],[-0.749,37.775],[-0.755,37.774]]],[[[1.212,38.903],[1.217,38.885],[1.228,38.875],[1.26,38.858],[1.267,38.87],[1.283,38.875],[1.3,38.87],[1.308,38.858],[1.318,38.86],[1.319,38.859],[1.322,38.858],[1.329,38.858],[1.344,38.862],[1.361,38.852],[1.371,38.832],[1.403,38.832],[1.404,38.857],[1.415,38.891],[1.429,38.897],[1.445,38.913],[1.448,38.909],[1.455,38.904],[1.459,38.9],[1.469,38.91],[1.497,38.922],[1.51,38.93],[1.541,38.968],[1.576,38.986],[1.581,38.992],[1.585,39.007],[1.593,39.02],[1.606,39.028],[1.623,39.029],[1.607,39.062],[1.601,39.082],[1.606,39.091],[1.598,39.098],[1.59,39.103],[1.578,39.105],[1.56,39.106],[1.554,39.108],[1.537,39.118],[1.523,39.119],[1.509,39.114],[1.5,39.105],[1.479,39.108],[1.451,39.102],[1.423,39.091],[1.403,39.078],[1.392,39.083],[1.372,39.071],[1.363,39.078],[1.357,39.078],[1.333,39.057],[1.318,39.048],[1.304,39.043],[1.293,39.033],[1.292,39.01],[1.301,38.968],[1.277,38.968],[1.267,38.966],[1.26,38.961],[1.248,38.966],[1.237,38.965],[1.227,38.96],[1.218,38.954],[1.228,38.942],[1.224,38.927],[1.212,38.903]]],[[[1.383,38.712],[1.386,38.708],[1.394,38.704],[1.393,38.696],[1.389,38.687],[1.383,38.68],[1.383,38.67],[1.388,38.662],[1.383,38.642],[1.397,38.639],[1.413,38.646],[1.429,38.665],[1.439,38.67],[1.458,38.681],[1.474,38.675],[1.523,38.649],[1.557,38.649],[1.581,38.653],[1.582,38.675],[1.566,38.691],[1.526,38.678],[1.486,38.695],[1.438,38.749],[1.437,38.752],[1.437,38.754],[1.435,38.755],[1.431,38.755],[1.428,38.739],[1.418,38.728],[1.408,38.724],[1.401,38.73],[1.389,38.719],[1.383,38.712]]],[[[2.351,39.576],[2.356,39.559],[2.374,39.547],[2.382,39.529],[2.392,39.524],[2.398,39.525],[2.426,39.537],[2.431,39.528],[2.438,39.525],[2.446,39.529],[2.454,39.537],[2.481,39.516],[2.472,39.512],[2.469,39.506],[2.472,39.498],[2.474,39.496],[2.493,39.47],[2.52,39.473],[2.545,39.493],[2.556,39.52],[2.569,39.532],[2.633,39.559],[2.655,39.565],[2.682,39.559],[2.715,39.544],[2.744,39.523],[2.755,39.503],[2.74,39.478],[2.737,39.462],[2.751,39.455],[2.762,39.4],[2.787,39.376],[2.825,39.364],[2.913,39.359],[2.922,39.36],[2.938,39.364],[2.95,39.366],[2.959,39.363],[2.974,39.353],[2.984,39.351],[2.991,39.347],[2.995,39.338],[2.997,39.327],[3.001,39.318],[3.007,39.314],[3.023,39.308],[3.029,39.305],[3.057,39.273],[3.061,39.269],[3.07,39.272],[3.079,39.277],[3.083,39.28],[3.091,39.29],[3.129,39.316],[3.221,39.36],[3.253,39.386],[3.269,39.428],[3.273,39.425],[3.282,39.42],[3.292,39.476],[3.323,39.524],[3.365,39.563],[3.406,39.592],[3.399,39.608],[3.402,39.623],[3.413,39.635],[3.43,39.64],[3.443,39.646],[3.454,39.66],[3.468,39.688],[3.461,39.7],[3.464,39.706],[3.471,39.71],[3.474,39.716],[3.473,39.724],[3.469,39.731],[3.469,39.739],[3.474,39.75],[3.44,39.752],[3.383,39.778],[3.355,39.784],[3.34,39.779],[3.31,39.755],[3.292,39.75],[3.224,39.75],[3.195,39.755],[3.163,39.769],[3.136,39.789],[3.125,39.811],[3.126,39.832],[3.134,39.84],[3.165,39.846],[3.181,39.851],[3.187,39.854],[3.193,39.86],[3.196,39.867],[3.196,39.875],[3.197,39.881],[3.207,39.887],[3.207,39.893],[3.13,39.876],[3.095,39.881],[3.097,39.914],[3.104,39.914],[3.115,39.909],[3.127,39.917],[3.141,39.928],[3.156,39.934],[3.168,39.936],[3.204,39.949],[3.214,39.955],[3.201,39.961],[3.198,39.959],[3.193,39.955],[3.179,39.969],[3.076,39.936],[3.02,39.925],[2.964,39.921],[2.933,39.914],[2.873,39.883],[2.844,39.873],[2.834,39.871],[2.813,39.873],[2.81,39.871],[2.803,39.862],[2.8,39.86],[2.785,39.857],[2.773,39.85],[2.762,39.841],[2.747,39.832],[2.718,39.82],[2.711,39.819],[2.704,39.814],[2.684,39.796],[2.679,39.794],[2.676,39.789],[2.652,39.77],[2.647,39.769],[2.636,39.771],[2.631,39.77],[2.629,39.767],[2.622,39.754],[2.618,39.75],[2.587,39.724],[2.57,39.713],[2.552,39.709],[2.532,39.706],[2.518,39.7],[2.468,39.659],[2.45,39.65],[2.429,39.647],[2.358,39.612],[2.352,39.597],[2.351,39.576]]],[[[2.914,39.152],[2.931,39.118],[2.962,39.116],[2.982,39.139],[2.985,39.166],[2.981,39.186],[2.94,39.172],[2.914,39.152]]],[[[3.803,40.018],[3.803,40.013],[3.813,40.001],[3.822,39.995],[3.842,39.989],[3.851,39.984],[3.839,39.976],[3.836,39.962],[3.835,39.948],[3.831,39.936],[3.869,39.926],[3.941,39.937],[3.981,39.936],[4.015,39.926],[4.177,39.843],[4.248,39.816],[4.3,39.822],[4.303,39.888],[4.312,39.884],[4.32,39.879],[4.326,39.873],[4.33,39.867],[4.337,39.867],[4.329,39.883],[4.307,39.911],[4.303,39.926],[4.298,39.942],[4.286,39.945],[4.27,39.944],[4.255,39.95],[4.272,39.955],[4.273,39.97],[4.265,39.986],[4.255,39.997],[4.247,40],[4.233,40.003],[4.227,40.005],[4.217,40.013],[4.212,40.017],[4.207,40.025],[4.179,40.039],[4.173,40.046],[4.177,40.059],[4.171,40.065],[4.164,40.061],[4.166,40.046],[4.156,40.035],[4.149,40.028],[4.142,40.025],[4.135,40.028],[4.135,40.036],[4.137,40.043],[4.139,40.046],[4.117,40.06],[4.108,40.068],[4.105,40.079],[4.094,40.075],[4.078,40.064],[4.063,40.06],[4.052,40.058],[4.012,40.06],[3.915,40.052],[3.892,40.06],[3.822,40.048],[3.81,40.035],[3.807,40.023],[3.803,40.018]]],[[[6.165,43.005],[6.166,43],[6.19,42.99],[6.202,42.987],[6.216,42.99],[6.23,42.995],[6.252,43.003],[6.251,43.017],[6.242,43.026],[6.235,43.022],[6.233,43.016],[6.221,43.015],[6.218,43.015],[6.215,43.015],[6.212,43.012],[6.203,43.008],[6.175,43.009],[6.165,43.005]]],[[[6.432,43.019],[6.433,43.01],[6.439,43.009],[6.448,43.015],[6.466,43.019],[6.482,43.038],[6.49,43.044],[6.506,43.046],[6.507,43.052],[6.502,43.056],[6.489,43.053],[6.473,43.051],[6.463,43.044],[6.455,43.033],[6.435,43.027],[6.432,43.019]]],[[[7.032,43.522],[7.037,43.516],[7.049,43.515],[7.058,43.516],[7.069,43.515],[7.073,43.516],[7.065,43.519],[7.049,43.524],[7.044,43.524],[7.04,43.522],[7.032,43.522]]],[[[8.134,40.729],[8.146,40.726],[8.153,40.72],[8.168,40.702],[8.174,40.697],[8.179,40.695],[8.192,40.694],[8.197,40.691],[8.196,40.685],[8.191,40.68],[8.188,40.68],[8.185,40.657],[8.174,40.642],[8.158,40.632],[8.141,40.625],[8.141,40.619],[8.147,40.593],[8.153,40.578],[8.162,40.564],[8.166,40.586],[8.177,40.607],[8.193,40.617],[8.216,40.612],[8.205,40.598],[8.196,40.578],[8.216,40.571],[8.267,40.594],[8.292,40.595],[8.312,40.578],[8.32,40.556],[8.324,40.531],[8.332,40.511],[8.35,40.502],[8.366,40.492],[8.38,40.469],[8.39,40.442],[8.395,40.424],[8.384,40.372],[8.386,40.352],[8.408,40.338],[8.416,40.345],[8.441,40.331],[8.463,40.315],[8.476,40.292],[8.476,40.262],[8.46,40.216],[8.463,40.163],[8.467,40.145],[8.485,40.118],[8.49,40.104],[8.487,40.09],[8.479,40.074],[8.469,40.062],[8.46,40.057],[8.452,40.056],[8.435,40.051],[8.404,40.05],[8.401,40.05],[8.385,40.042],[8.377,40.034],[8.38,40.03],[8.395,40.036],[8.407,40.022],[8.407,40.01],[8.395,39.988],[8.394,39.977],[8.401,39.94],[8.4,39.933],[8.396,39.927],[8.394,39.92],[8.395,39.913],[8.398,39.905],[8.401,39.904],[8.404,39.903],[8.418,39.892],[8.431,39.885],[8.438,39.877],[8.429,39.866],[8.435,39.858],[8.445,39.884],[8.452,39.893],[8.463,39.899],[8.456,39.899],[8.45,39.899],[8.446,39.898],[8.442,39.893],[8.435,39.899],[8.463,39.914],[8.494,39.912],[8.523,39.899],[8.545,39.879],[8.554,39.864],[8.555,39.853],[8.552,39.821],[8.549,39.807],[8.541,39.789],[8.53,39.773],[8.518,39.763],[8.525,39.766],[8.531,39.77],[8.535,39.776],[8.539,39.783],[8.545,39.783],[8.535,39.771],[8.52,39.755],[8.507,39.738],[8.504,39.722],[8.514,39.714],[8.566,39.701],[8.538,39.696],[8.517,39.702],[8.5,39.716],[8.469,39.755],[8.46,39.76],[8.446,39.763],[8.444,39.757],[8.446,39.731],[8.442,39.722],[8.442,39.715],[8.447,39.704],[8.45,39.659],[8.462,39.617],[8.464,39.598],[8.456,39.584],[8.463,39.577],[8.452,39.558],[8.435,39.525],[8.422,39.509],[8.395,39.481],[8.387,39.47],[8.386,39.466],[8.389,39.462],[8.404,39.436],[8.405,39.427],[8.401,39.412],[8.396,39.404],[8.378,39.388],[8.374,39.379],[8.382,39.36],[8.417,39.339],[8.416,39.324],[8.432,39.302],[8.426,39.283],[8.377,39.238],[8.372,39.231],[8.373,39.222],[8.38,39.208],[8.386,39.204],[8.393,39.204],[8.399,39.201],[8.401,39.19],[8.402,39.181],[8.405,39.174],[8.41,39.169],[8.416,39.166],[8.413,39.176],[8.419,39.177],[8.428,39.173],[8.435,39.166],[8.439,39.153],[8.438,39.128],[8.442,39.118],[8.454,39.125],[8.465,39.119],[8.473,39.107],[8.478,39.09],[8.482,39.084],[8.483,39.08],[8.504,39.091],[8.518,39.083],[8.509,39.068],[8.504,39.063],[8.521,39.061],[8.544,39.051],[8.552,39.057],[8.56,39.057],[8.572,39.014],[8.58,38.961],[8.603,38.965],[8.615,38.948],[8.615,38.923],[8.6,38.906],[8.6,38.899],[8.616,38.896],[8.633,38.896],[8.643,38.89],[8.635,38.871],[8.641,38.864],[8.655,38.871],[8.652,38.892],[8.669,38.911],[8.695,38.925],[8.717,38.933],[8.74,38.931],[8.767,38.92],[8.791,38.904],[8.805,38.885],[8.805,38.906],[8.828,38.889],[8.841,38.881],[8.853,38.878],[8.861,38.882],[8.872,38.896],[8.877,38.899],[8.888,38.9],[8.895,38.902],[8.996,38.983],[9.005,38.995],[9.012,38.991],[9.015,38.99],[9.026,38.995],[9.018,38.995],[9.029,39.03],[9.045,39.051],[9.044,39.058],[9.038,39.064],[9.032,39.07],[9.025,39.086],[9.019,39.104],[9.016,39.124],[9.018,39.146],[9.026,39.165],[9.039,39.179],[9.079,39.212],[9.08,39.217],[9.08,39.225],[9.075,39.23],[9.05,39.226],[9.039,39.228],[9.038,39.227],[9.035,39.232],[9.027,39.236],[9.021,39.24],[9.026,39.249],[9.026,39.256],[9.013,39.261],[9.014,39.264],[9.024,39.265],[9.039,39.262],[9.048,39.256],[9.056,39.248],[9.064,39.243],[9.073,39.249],[9.114,39.211],[9.137,39.194],[9.166,39.187],[9.17,39.193],[9.181,39.207],[9.197,39.221],[9.216,39.228],[9.252,39.225],[9.271,39.221],[9.285,39.214],[9.292,39.221],[9.3,39.215],[9.312,39.208],[9.326,39.203],[9.337,39.201],[9.345,39.196],[9.368,39.177],[9.378,39.173],[9.383,39.169],[9.409,39.146],[9.429,39.139],[9.438,39.133],[9.443,39.124],[9.45,39.124],[9.465,39.132],[9.481,39.136],[9.496,39.134],[9.512,39.124],[9.508,39.116],[9.507,39.111],[9.511,39.108],[9.519,39.105],[9.523,39.125],[9.54,39.134],[9.558,39.14],[9.566,39.149],[9.569,39.159],[9.578,39.179],[9.58,39.187],[9.576,39.194],[9.569,39.199],[9.566,39.205],[9.573,39.214],[9.568,39.238],[9.582,39.266],[9.607,39.289],[9.635,39.297],[9.635,39.303],[9.612,39.317],[9.604,39.326],[9.6,39.341],[9.602,39.356],[9.614,39.399],[9.639,39.452],[9.645,39.484],[9.628,39.502],[9.653,39.567],[9.656,39.595],[9.649,39.639],[9.651,39.652],[9.656,39.663],[9.66,39.671],[9.663,39.677],[9.665,39.691],[9.674,39.708],[9.676,39.718],[9.675,39.732],[9.67,39.757],[9.669,39.769],[9.67,39.794],[9.676,39.819],[9.684,39.84],[9.697,39.852],[9.697,39.858],[9.692,39.86],[9.688,39.864],[9.683,39.866],[9.683,39.872],[9.69,39.872],[9.684,39.883],[9.684,39.894],[9.689,39.907],[9.697,39.92],[9.701,39.922],[9.708,39.922],[9.715,39.925],[9.718,39.934],[9.716,39.94],[9.71,39.94],[9.702,39.937],[9.697,39.934],[9.687,39.961],[9.693,39.993],[9.73,40.069],[9.732,40.084],[9.71,40.096],[9.688,40.121],[9.68,40.126],[9.665,40.132],[9.655,40.145],[9.631,40.196],[9.629,40.206],[9.625,40.248],[9.626,40.263],[9.635,40.283],[9.646,40.296],[9.67,40.313],[9.683,40.324],[9.701,40.353],[9.712,40.366],[9.727,40.372],[9.749,40.377],[9.762,40.391],[9.778,40.427],[9.8,40.456],[9.809,40.471],[9.812,40.492],[9.815,40.503],[9.827,40.52],[9.826,40.53],[9.821,40.536],[9.792,40.557],[9.787,40.567],[9.786,40.576],[9.782,40.582],[9.768,40.584],[9.762,40.587],[9.757,40.595],[9.753,40.605],[9.748,40.667],[9.744,40.68],[9.714,40.727],[9.71,40.746],[9.704,40.759],[9.676,40.789],[9.67,40.801],[9.669,40.79],[9.658,40.8],[9.662,40.809],[9.674,40.814],[9.69,40.811],[9.69,40.817],[9.681,40.83],[9.691,40.836],[9.724,40.845],[9.711,40.847],[9.699,40.85],[9.69,40.856],[9.683,40.865],[9.672,40.859],[9.663,40.858],[9.658,40.864],[9.656,40.876],[9.65,40.879],[9.614,40.893],[9.614,40.9],[9.624,40.901],[9.632,40.905],[9.637,40.912],[9.642,40.921],[9.623,40.924],[9.608,40.918],[9.593,40.91],[9.573,40.906],[9.567,40.908],[9.549,40.917],[9.539,40.921],[9.529,40.919],[9.52,40.915],[9.512,40.915],[9.504,40.927],[9.513,40.928],[9.511,40.929],[9.512,40.934],[9.557,40.931],[9.571,40.935],[9.566,40.949],[9.579,40.962],[9.583,40.98],[9.588,40.996],[9.604,41.003],[9.62,40.999],[9.636,40.992],[9.651,40.991],[9.663,41.003],[9.644,41.012],[9.616,41.02],[9.588,41.021],[9.573,41.009],[9.569,41.01],[9.566,41.011],[9.56,41.016],[9.558,41.014],[9.559,41.011],[9.558,41.009],[9.553,41.009],[9.558,41.025],[9.554,41.035],[9.543,41.037],[9.525,41.031],[9.532,41.016],[9.512,41.016],[9.521,41.032],[9.539,41.092],[9.541,41.087],[9.544,41.083],[9.546,41.078],[9.556,41.088],[9.562,41.097],[9.565,41.107],[9.566,41.119],[9.563,41.121],[9.562,41.121],[9.561,41.122],[9.56,41.126],[9.553,41.126],[9.546,41.121],[9.541,41.123],[9.534,41.128],[9.525,41.133],[9.532,41.14],[9.524,41.15],[9.518,41.149],[9.514,41.144],[9.508,41.14],[9.494,41.142],[9.481,41.146],[9.469,41.146],[9.457,41.14],[9.462,41.138],[9.465,41.134],[9.467,41.131],[9.47,41.126],[9.46,41.121],[9.454,41.112],[9.443,41.092],[9.437,41.115],[9.437,41.125],[9.443,41.133],[9.433,41.141],[9.427,41.149],[9.42,41.156],[9.409,41.16],[9.412,41.165],[9.414,41.168],[9.417,41.171],[9.422,41.175],[9.422,41.181],[9.412,41.181],[9.404,41.182],[9.397,41.184],[9.388,41.188],[9.388,41.181],[9.352,41.207],[9.335,41.212],[9.333,41.188],[9.317,41.196],[9.313,41.201],[9.305,41.198],[9.3,41.196],[9.285,41.195],[9.285,41.201],[9.288,41.206],[9.289,41.209],[9.285,41.222],[9.278,41.222],[9.275,41.212],[9.274,41.205],[9.275,41.2],[9.278,41.195],[9.267,41.202],[9.268,41.237],[9.258,41.25],[9.247,41.248],[9.238,41.249],[9.233,41.254],[9.231,41.263],[9.212,41.256],[9.19,41.251],[9.171,41.243],[9.163,41.225],[9.163,41.184],[9.158,41.169],[9.142,41.153],[9.136,41.16],[9.108,41.139],[9.093,41.135],[9.025,41.129],[9.006,41.122],[8.991,41.097],[8.976,41.083],[8.959,41.07],[8.946,41.065],[8.94,41.061],[8.929,41.044],[8.923,41.037],[8.913,41.033],[8.881,41.024],[8.885,41.022],[8.886,41.021],[8.886,41.02],[8.888,41.016],[8.875,41.008],[8.84,40.962],[8.823,40.947],[8.764,40.914],[8.751,40.919],[8.734,40.921],[8.709,40.921],[8.641,40.896],[8.634,40.882],[8.618,40.866],[8.598,40.853],[8.521,40.827],[8.501,40.824],[8.478,40.826],[8.422,40.839],[8.31,40.851],[8.278,40.865],[8.233,40.91],[8.229,40.922],[8.232,40.935],[8.236,40.946],[8.236,40.955],[8.229,40.963],[8.22,40.962],[8.213,40.963],[8.21,40.975],[8.202,40.975],[8.193,40.964],[8.182,40.945],[8.179,40.928],[8.192,40.921],[8.21,40.914],[8.216,40.9],[8.215,40.881],[8.21,40.865],[8.134,40.729]]],[[[8.21,40.996],[8.246,40.994],[8.251,41.016],[8.251,41.044],[8.275,41.057],[8.332,41.065],[8.341,41.074],[8.345,41.086],[8.342,41.098],[8.332,41.106],[8.328,41.112],[8.326,41.118],[8.326,41.126],[8.313,41.119],[8.308,41.114],[8.306,41.109],[8.302,41.105],[8.284,41.107],[8.278,41.106],[8.276,41.095],[8.278,41.082],[8.276,41.07],[8.261,41.065],[8.241,41.052],[8.229,41.042],[8.223,41.034],[8.223,41.024],[8.222,41.014],[8.218,41.005],[8.21,40.996]]],[[[8.225,39.157],[8.233,39.144],[8.257,39.124],[8.257,39.118],[8.255,39.107],[8.269,39.1],[8.29,39.099],[8.306,39.105],[8.312,39.12],[8.306,39.161],[8.306,39.193],[8.29,39.188],[8.245,39.181],[8.23,39.173],[8.225,39.157]]],[[[8.346,39.091],[8.354,39.091],[8.354,39.083],[8.349,39.062],[8.365,39.029],[8.401,38.981],[8.405,38.974],[8.406,38.967],[8.41,38.962],[8.422,38.961],[8.432,38.963],[8.437,38.967],[8.447,38.994],[8.454,39.028],[8.463,39.042],[8.459,39.05],[8.464,39.057],[8.484,39.07],[8.479,39.072],[8.477,39.071],[8.476,39.07],[8.47,39.066],[8.463,39.065],[8.458,39.068],[8.456,39.074],[8.445,39.103],[8.418,39.107],[8.386,39.105],[8.36,39.118],[8.346,39.098],[8.346,39.091]]],[[[8.545,42.233],[8.552,42.229],[8.566,42.226],[8.574,42.22],[8.566,42.209],[8.578,42.204],[8.582,42.195],[8.578,42.185],[8.566,42.181],[8.566,42.175],[8.594,42.175],[8.594,42.167],[8.578,42.159],[8.57,42.156],[8.56,42.154],[8.569,42.155],[8.578,42.154],[8.586,42.151],[8.594,42.147],[8.591,42.143],[8.586,42.133],[8.607,42.134],[8.63,42.13],[8.648,42.122],[8.655,42.109],[8.661,42.105],[8.689,42.111],[8.699,42.109],[8.706,42.1],[8.723,42.072],[8.739,42.063],[8.745,42.057],[8.743,42.044],[8.738,42.044],[8.711,42.033],[8.706,42.03],[8.684,42.026],[8.665,42.014],[8.656,42.003],[8.669,41.996],[8.655,41.979],[8.636,41.973],[8.586,41.969],[8.614,41.944],[8.619,41.93],[8.607,41.914],[8.614,41.901],[8.63,41.909],[8.648,41.912],[8.689,41.914],[8.71,41.919],[8.744,41.933],[8.764,41.934],[8.775,41.932],[8.781,41.929],[8.786,41.923],[8.792,41.914],[8.803,41.907],[8.805,41.907],[8.803,41.901],[8.795,41.892],[8.792,41.887],[8.79,41.887],[8.778,41.873],[8.782,41.874],[8.786,41.868],[8.789,41.861],[8.792,41.859],[8.784,41.854],[8.751,41.846],[8.762,41.844],[8.772,41.84],[8.78,41.834],[8.785,41.824],[8.752,41.81],[8.732,41.805],[8.709,41.805],[8.709,41.797],[8.72,41.792],[8.722,41.782],[8.718,41.772],[8.709,41.764],[8.696,41.758],[8.668,41.755],[8.655,41.75],[8.668,41.748],[8.678,41.744],[8.689,41.742],[8.703,41.742],[8.698,41.733],[8.696,41.729],[8.719,41.731],[8.76,41.743],[8.785,41.742],[8.776,41.722],[8.789,41.713],[8.812,41.709],[8.836,41.709],[8.899,41.695],[8.923,41.695],[8.911,41.684],[8.897,41.678],[8.886,41.671],[8.881,41.657],[8.873,41.651],[8.819,41.633],[8.802,41.639],[8.792,41.625],[8.785,41.605],[8.778,41.592],[8.793,41.587],[8.796,41.581],[8.792,41.561],[8.797,41.557],[8.81,41.553],[8.824,41.55],[8.833,41.551],[8.841,41.547],[8.853,41.544],[8.853,41.538],[8.84,41.531],[8.848,41.526],[8.856,41.525],[8.864,41.525],[8.874,41.523],[8.879,41.519],[8.881,41.515],[8.884,41.511],[8.907,41.507],[8.917,41.502],[8.925,41.495],[8.936,41.489],[8.951,41.492],[8.976,41.489],[9.001,41.483],[9.011,41.476],[9.018,41.469],[9.024,41.472],[9.028,41.474],[9.039,41.476],[9.037,41.473],[9.035,41.472],[9.034,41.471],[9.032,41.469],[9.039,41.462],[9.068,41.479],[9.08,41.482],[9.08,41.476],[9.067,41.462],[9.081,41.453],[9.105,41.446],[9.121,41.435],[9.112,41.433],[9.107,41.429],[9.096,41.404],[9.122,41.395],[9.153,41.391],[9.169,41.386],[9.194,41.369],[9.207,41.366],[9.223,41.373],[9.23,41.381],[9.239,41.396],[9.247,41.413],[9.25,41.428],[9.238,41.422],[9.222,41.411],[9.211,41.407],[9.211,41.414],[9.22,41.42],[9.223,41.427],[9.22,41.435],[9.211,41.441],[9.211,41.448],[9.228,41.45],[9.255,41.464],[9.271,41.469],[9.265,41.476],[9.275,41.483],[9.279,41.492],[9.276,41.499],[9.265,41.503],[9.269,41.51],[9.27,41.517],[9.269,41.524],[9.265,41.531],[9.282,41.533],[9.292,41.543],[9.3,41.553],[9.309,41.558],[9.327,41.561],[9.341,41.569],[9.351,41.581],[9.354,41.595],[9.345,41.604],[9.325,41.602],[9.292,41.592],[9.279,41.598],[9.284,41.608],[9.294,41.618],[9.292,41.626],[9.304,41.628],[9.318,41.627],[9.333,41.624],[9.347,41.62],[9.342,41.635],[9.345,41.64],[9.353,41.641],[9.364,41.64],[9.373,41.645],[9.378,41.656],[9.381,41.674],[9.367,41.674],[9.372,41.684],[9.381,41.693],[9.391,41.699],[9.399,41.701],[9.402,41.706],[9.403,41.78],[9.394,41.848],[9.403,41.917],[9.403,41.953],[9.409,41.962],[9.424,41.974],[9.492,42.048],[9.508,42.072],[9.519,42.085],[9.546,42.104],[9.553,42.113],[9.555,42.121],[9.557,42.138],[9.56,42.147],[9.552,42.17],[9.56,42.295],[9.555,42.314],[9.537,42.353],[9.532,42.374],[9.533,42.393],[9.535,42.408],[9.54,42.422],[9.546,42.435],[9.533,42.456],[9.53,42.486],[9.532,42.544],[9.528,42.564],[9.519,42.581],[9.49,42.613],[9.505,42.587],[9.509,42.58],[9.512,42.565],[9.485,42.574],[9.477,42.579],[9.471,42.587],[9.468,42.595],[9.465,42.602],[9.457,42.606],[9.461,42.615],[9.462,42.62],[9.459,42.625],[9.457,42.634],[9.455,42.635],[9.45,42.636],[9.445,42.638],[9.443,42.641],[9.443,42.645],[9.446,42.649],[9.449,42.651],[9.45,42.654],[9.449,42.683],[9.451,42.697],[9.45,42.709],[9.483,42.802],[9.484,42.832],[9.466,42.924],[9.47,42.942],[9.459,42.952],[9.454,42.964],[9.456,42.975],[9.464,42.983],[9.464,42.99],[9.445,42.998],[9.436,43.004],[9.422,43.017],[9.404,43.012],[9.363,43.012],[9.347,43.004],[9.342,42.991],[9.343,42.973],[9.35,42.957],[9.36,42.949],[9.357,42.941],[9.356,42.937],[9.357,42.934],[9.36,42.929],[9.337,42.91],[9.33,42.904],[9.326,42.894],[9.326,42.885],[9.333,42.876],[9.333,42.867],[9.306,42.839],[9.322,42.824],[9.335,42.808],[9.341,42.79],[9.333,42.771],[9.343,42.749],[9.328,42.72],[9.292,42.675],[9.285,42.675],[9.276,42.694],[9.271,42.702],[9.265,42.709],[9.258,42.714],[9.237,42.723],[9.185,42.733],[9.176,42.733],[9.165,42.735],[9.141,42.735],[9.118,42.732],[9.107,42.726],[9.053,42.682],[9.05,42.662],[9.018,42.65],[8.907,42.632],[8.843,42.608],[8.805,42.606],[8.813,42.6],[8.807,42.585],[8.799,42.572],[8.787,42.562],[8.771,42.558],[8.76,42.562],[8.751,42.569],[8.74,42.572],[8.723,42.565],[8.721,42.574],[8.72,42.576],[8.717,42.576],[8.709,42.579],[8.709,42.572],[8.716,42.562],[8.711,42.54],[8.717,42.531],[8.698,42.527],[8.68,42.521],[8.667,42.51],[8.659,42.484],[8.657,42.48],[8.66,42.477],[8.672,42.476],[8.677,42.472],[8.672,42.464],[8.661,42.452],[8.662,42.44],[8.66,42.43],[8.651,42.423],[8.619,42.42],[8.614,42.416],[8.612,42.412],[8.607,42.407],[8.604,42.4],[8.602,42.392],[8.599,42.388],[8.586,42.393],[8.58,42.386],[8.57,42.382],[8.561,42.382],[8.552,42.387],[8.549,42.377],[8.55,42.366],[8.553,42.355],[8.56,42.346],[8.552,42.339],[8.592,42.351],[8.613,42.352],[8.635,42.339],[8.605,42.326],[8.6,42.322],[8.601,42.315],[8.605,42.31],[8.611,42.31],[8.625,42.319],[8.63,42.315],[8.632,42.309],[8.635,42.305],[8.672,42.291],[8.674,42.289],[8.689,42.281],[8.688,42.273],[8.685,42.272],[8.681,42.273],[8.675,42.271],[8.665,42.265],[8.651,42.26],[8.611,42.255],[8.601,42.251],[8.594,42.246],[8.586,42.243],[8.56,42.244],[8.549,42.242],[8.545,42.233]]],[[[8.9,37.519],[8.916,37.513],[8.926,37.518],[8.937,37.521],[8.95,37.518],[8.959,37.519],[8.957,37.531],[8.953,37.535],[8.953,37.539],[8.95,37.542],[8.946,37.543],[8.94,37.536],[8.924,37.532],[8.911,37.526],[8.9,37.519]]],[[[9.137,41.241],[9.147,41.23],[9.153,41.234],[9.157,41.237],[9.156,41.238],[9.158,41.242],[9.15,41.244],[9.147,41.244],[9.142,41.246],[9.137,41.241]]],[[[9.247,41.338],[9.257,41.332],[9.258,41.336],[9.255,41.339],[9.255,41.342],[9.25,41.344],[9.247,41.338]]],[[[9.25,41.365],[9.254,41.365],[9.257,41.364],[9.263,41.361],[9.263,41.363],[9.265,41.364],[9.269,41.365],[9.27,41.368],[9.264,41.366],[9.265,41.372],[9.261,41.372],[9.252,41.371],[9.25,41.365]]],[[[9.33,41.238],[9.332,41.234],[9.335,41.23],[9.338,41.229],[9.34,41.229],[9.342,41.228],[9.351,41.232],[9.353,41.248],[9.343,41.252],[9.338,41.252],[9.333,41.251],[9.33,41.238]]],[[[9.331,41.305],[9.335,41.3],[9.337,41.297],[9.337,41.295],[9.347,41.294],[9.354,41.293],[9.353,41.299],[9.346,41.305],[9.343,41.306],[9.34,41.307],[9.338,41.308],[9.335,41.308],[9.331,41.305]]],[[[9.331,41.281],[9.338,41.278],[9.345,41.275],[9.351,41.276],[9.351,41.289],[9.335,41.286],[9.331,41.281]]],[[[9.358,41.297],[9.365,41.288],[9.369,41.293],[9.372,41.292],[9.375,41.292],[9.379,41.296],[9.38,41.3],[9.378,41.303],[9.377,41.308],[9.372,41.305],[9.365,41.302],[9.362,41.298],[9.358,41.297]]],[[[9.373,41.222],[9.377,41.213],[9.395,41.211],[9.435,41.217],[9.434,41.221],[9.431,41.225],[9.429,41.229],[9.43,41.238],[9.431,41.246],[9.427,41.254],[9.422,41.261],[9.414,41.262],[9.408,41.258],[9.402,41.258],[9.398,41.256],[9.396,41.248],[9.392,41.241],[9.385,41.237],[9.378,41.234],[9.373,41.23],[9.373,41.222]]],[[[9.394,41.195],[9.396,41.19],[9.402,41.19],[9.405,41.188],[9.408,41.185],[9.417,41.2],[9.408,41.207],[9.406,41.203],[9.398,41.199],[9.394,41.195]]],[[[9.437,41.186],[9.442,41.183],[9.449,41.186],[9.456,41.181],[9.464,41.173],[9.47,41.172],[9.475,41.179],[9.474,41.184],[9.471,41.19],[9.479,41.217],[9.48,41.224],[9.478,41.228],[9.475,41.236],[9.468,41.241],[9.46,41.242],[9.454,41.234],[9.446,41.22],[9.444,41.211],[9.448,41.205],[9.437,41.186]]],[[[9.457,42.647],[9.477,42.619],[9.477,42.62],[9.482,42.62],[9.457,42.647]]],[[[9.596,41.076],[9.596,41.073],[9.598,41.07],[9.602,41.069],[9.603,41.069],[9.605,41.071],[9.606,41.076],[9.606,41.079],[9.601,41.078],[9.596,41.076]]],[[[9.676,40.89],[9.68,40.891],[9.685,40.891],[9.691,40.888],[9.7,40.89],[9.74,40.912],[9.739,40.919],[9.736,40.924],[9.734,40.925],[9.678,40.893],[9.676,40.89]]],[[[9.714,40.874],[9.719,40.864],[9.734,40.858],[9.74,40.86],[9.745,40.869],[9.734,40.876],[9.727,40.874],[9.714,40.874]]],[[[9.785,43.028],[9.801,43.008],[9.823,43.008],[9.842,43.025],[9.855,43.044],[9.848,43.059],[9.844,43.061],[9.842,43.063],[9.84,43.065],[9.826,43.075],[9.807,43.066],[9.785,43.028]]],[[[9.894,43.433],[9.908,43.427],[9.915,43.435],[9.916,43.443],[9.913,43.445],[9.908,43.447],[9.903,43.444],[9.898,43.443],[9.894,43.433]]],[[[10.05,42.582],[10.059,42.576],[10.072,42.573],[10.086,42.572],[10.095,42.577],[10.098,42.584],[10.098,42.588],[10.096,42.591],[10.092,42.596],[10.088,42.604],[10.084,42.615],[10.079,42.614],[10.073,42.6],[10.063,42.592],[10.053,42.589],[10.05,42.582]]],[[[10.101,42.784],[10.107,42.757],[10.125,42.743],[10.147,42.737],[10.23,42.735],[10.235,42.736],[10.24,42.742],[10.245,42.757],[10.265,42.745],[10.305,42.76],[10.314,42.743],[10.325,42.765],[10.338,42.765],[10.351,42.756],[10.364,42.75],[10.367,42.746],[10.377,42.728],[10.381,42.723],[10.393,42.718],[10.403,42.719],[10.411,42.718],[10.416,42.709],[10.431,42.722],[10.425,42.741],[10.408,42.757],[10.389,42.763],[10.407,42.769],[10.42,42.776],[10.43,42.788],[10.437,42.804],[10.431,42.816],[10.431,42.828],[10.436,42.838],[10.443,42.845],[10.438,42.855],[10.431,42.864],[10.422,42.871],[10.412,42.873],[10.4,42.869],[10.392,42.858],[10.381,42.832],[10.375,42.827],[10.366,42.823],[10.358,42.818],[10.355,42.808],[10.347,42.806],[10.333,42.806],[10.322,42.812],[10.327,42.826],[10.289,42.826],[10.272,42.827],[10.272,42.819],[10.259,42.812],[10.263,42.81],[10.264,42.81],[10.265,42.809],[10.266,42.804],[10.242,42.803],[10.224,42.804],[10.212,42.808],[10.19,42.817],[10.18,42.819],[10.158,42.817],[10.133,42.812],[10.112,42.801],[10.101,42.784]]],[[[10.294,42.328],[10.313,42.324],[10.316,42.341],[10.306,42.352],[10.297,42.345],[10.294,42.328]]],[[[10.728,33.758],[10.734,33.731],[10.74,33.715],[10.763,33.7],[10.782,33.704],[10.79,33.719],[10.809,33.734],[10.826,33.73],[10.842,33.718],[10.859,33.711],[10.877,33.688],[10.871,33.672],[10.871,33.654],[10.888,33.64],[10.894,33.658],[10.911,33.674],[10.928,33.697],[10.941,33.728],[10.957,33.732],[10.954,33.724],[10.95,33.698],[10.957,33.698],[10.966,33.73],[10.971,33.739],[10.977,33.743],[10.994,33.75],[11.06,33.801],[11.049,33.815],[11.031,33.824],[11.011,33.832],[10.991,33.842],[10.96,33.866],[10.93,33.896],[10.898,33.879],[10.854,33.882],[10.773,33.896],[10.736,33.885],[10.735,33.854],[10.748,33.813],[10.728,33.785],[10.728,33.758]]],[[[10.79,37.127],[10.796,37.118],[10.803,37.119],[10.803,37.118],[10.806,37.119],[10.816,37.118],[10.823,37.118],[10.813,37.131],[10.808,37.136],[10.806,37.141],[10.8,37.138],[10.799,37.135],[10.794,37.132],[10.79,37.127]]],[[[10.862,42.366],[10.872,42.354],[10.909,42.325],[10.923,42.319],[10.94,42.331],[10.93,42.341],[10.927,42.353],[10.913,42.375],[10.896,42.387],[10.883,42.392],[10.876,42.387],[10.876,42.374],[10.862,42.366]]],[[[10.964,34.657],[10.983,34.646],[11.017,34.633],[11.036,34.624],[11.056,34.621],[11.096,34.647],[11.111,34.66],[11.101,34.671],[10.987,34.672],[10.974,34.663],[10.964,34.657]]],[[[11.091,42.252],[11.094,42.246],[11.095,42.243],[11.106,42.238],[11.105,42.246],[11.102,42.254],[11.105,42.255],[11.108,42.255],[11.112,42.253],[11.111,42.261],[11.105,42.263],[11.1,42.26],[11.094,42.26],[11.092,42.256],[11.091,42.252]]],[[[11.122,34.68],[11.131,34.663],[11.149,34.669],[11.2,34.695],[11.297,34.729],[11.305,34.742],[11.281,34.763],[11.275,34.77],[11.266,34.773],[11.268,34.785],[11.274,34.792],[11.278,34.798],[11.304,34.805],[11.299,34.814],[11.271,34.818],[11.254,34.826],[11.245,34.815],[11.237,34.804],[11.225,34.795],[11.218,34.782],[11.224,34.77],[11.222,34.748],[11.198,34.744],[11.183,34.752],[11.181,34.762],[11.173,34.758],[11.172,34.749],[11.173,34.742],[11.171,34.729],[11.153,34.707],[11.136,34.694],[11.122,34.68]]],[[[11.922,36.828],[11.925,36.812],[11.933,36.796],[11.937,36.789],[11.961,36.765],[11.996,36.745],[12.031,36.741],[12.053,36.768],[12.052,36.79],[12.038,36.807],[12,36.836],[11.993,36.825],[11.987,36.824],[11.981,36.827],[11.971,36.829],[11.967,36.831],[11.958,36.841],[11.951,36.843],[11.946,36.842],[11.939,36.837],[11.934,36.836],[11.922,36.828]]],[[[12.03,37.984],[12.037,37.974],[12.048,37.961],[12.065,37.951],[12.079,37.95],[12.078,37.96],[12.072,37.968],[12.064,37.986],[12.054,37.992],[12.036,37.991],[12.03,37.984]]],[[[12.273,37.94],[12.279,37.929],[12.288,37.922],[12.3,37.919],[12.314,37.925],[12.326,37.918],[12.342,37.913],[12.358,37.914],[12.369,37.925],[12.355,37.927],[12.337,37.933],[12.321,37.94],[12.314,37.946],[12.305,37.945],[12.297,37.941],[12.287,37.939],[12.273,37.94]]],[[[12.317,45.443],[12.321,45.43],[12.337,45.427],[12.352,45.434],[12.362,45.438],[12.364,45.45],[12.347,45.459],[12.33,45.459],[12.317,45.443]]],[[[12.32,45.354],[12.321,45.348],[12.376,45.423],[12.405,45.422],[12.418,45.42],[12.431,45.416],[12.407,45.431],[12.389,45.434],[12.372,45.425],[12.352,45.405],[12.328,45.372],[12.32,45.354]]],[[[12.375,45.454],[12.385,45.446],[12.396,45.449],[12.409,45.457],[12.418,45.469],[12.414,45.473],[12.403,45.465],[12.397,45.46],[12.39,45.458],[12.375,45.454]]],[[[12.427,37.797],[12.436,37.783],[12.448,37.771],[12.456,37.76],[12.459,37.748],[12.46,37.735],[12.465,37.72],[12.474,37.703],[12.489,37.683],[12.506,37.666],[12.524,37.658],[12.563,37.658],[12.578,37.652],[12.595,37.638],[12.636,37.582],[12.659,37.565],[12.698,37.563],[12.781,37.574],[12.862,37.576],[12.943,37.569],[12.974,37.557],[13,37.535],[13.004,37.527],[13.01,37.507],[13.017,37.498],[13.026,37.493],[13.037,37.495],[13.052,37.501],[13.174,37.487],[13.179,37.484],[13.189,37.47],[13.195,37.467],[13.206,37.464],[13.214,37.458],[13.225,37.446],[13.247,37.436],[13.253,37.432],[13.278,37.394],[13.289,37.389],[13.302,37.386],[13.311,37.381],[13.33,37.366],[13.372,37.346],[13.422,37.314],[13.453,37.299],[13.489,37.288],[13.534,37.282],[13.569,37.274],[13.599,37.257],[13.683,37.189],[13.716,37.171],[13.752,37.159],[13.795,37.152],[13.833,37.14],[13.894,37.101],[13.938,37.096],[13.949,37.099],[13.967,37.108],[13.976,37.11],[14.089,37.118],[14.126,37.112],[14.209,37.081],[14.279,37.044],[14.37,36.973],[14.395,36.945],[14.476,36.805],[14.487,36.793],[14.566,36.778],[14.582,36.781],[14.6,36.772],[14.659,36.754],[14.672,36.744],[14.685,36.726],[14.744,36.719],[14.761,36.706],[14.773,36.71],[14.776,36.708],[14.781,36.699],[14.847,36.726],[14.882,36.731],[14.919,36.72],[14.957,36.698],[14.982,36.689],[14.994,36.696],[14.998,36.702],[15.007,36.703],[15.021,36.699],[15.033,36.694],[15.041,36.688],[15.055,36.671],[15.074,36.659],[15.094,36.655],[15.115,36.66],[15.134,36.675],[15.135,36.688],[15.117,36.747],[15.099,36.779],[15.094,36.8],[15.107,36.809],[15.108,36.82],[15.158,36.924],[15.175,36.944],[15.196,36.953],[15.212,36.956],[15.227,36.965],[15.244,36.972],[15.268,36.973],[15.268,36.981],[15.264,36.987],[15.266,36.989],[15.275,36.994],[15.268,37],[15.303,37.016],[15.309,37.018],[15.314,37.012],[15.325,37.008],[15.332,37.012],[15.329,37.028],[15.321,37.04],[15.312,37.044],[15.292,37.042],[15.284,37.048],[15.282,37.061],[15.288,37.069],[15.303,37.062],[15.308,37.087],[15.303,37.101],[15.289,37.108],[15.265,37.11],[15.247,37.118],[15.232,37.135],[15.229,37.15],[15.248,37.152],[15.248,37.159],[15.233,37.165],[15.216,37.155],[15.195,37.176],[15.183,37.207],[15.199,37.228],[15.193,37.24],[15.205,37.245],[15.216,37.245],[15.222,37.237],[15.22,37.22],[15.229,37.23],[15.236,37.242],[15.245,37.246],[15.261,37.234],[15.252,37.258],[15.237,37.275],[15.217,37.285],[15.18,37.291],[15.111,37.322],[15.104,37.33],[15.097,37.344],[15.092,37.361],[15.09,37.459],[15.092,37.477],[15.097,37.494],[15.116,37.522],[15.164,37.568],[15.179,37.604],[15.185,37.626],[15.197,37.655],[15.199,37.676],[15.202,37.685],[15.216,37.697],[15.22,37.707],[15.219,37.718],[15.208,37.737],[15.207,37.748],[15.213,37.761],[15.241,37.796],[15.266,37.812],[15.283,37.833],[15.303,37.864],[15.393,37.976],[15.5,38.085],[15.527,38.137],[15.576,38.2],[15.56,38.2],[15.563,38.214],[15.57,38.227],[15.584,38.24],[15.624,38.262],[15.634,38.261],[15.642,38.262],[15.648,38.267],[15.652,38.275],[15.616,38.28],[15.559,38.3],[15.529,38.303],[15.513,38.298],[15.473,38.268],[15.434,38.253],[15.422,38.245],[15.4,38.233],[15.321,38.211],[15.292,38.207],[15.274,38.208],[15.258,38.21],[15.245,38.217],[15.241,38.23],[15.246,38.254],[15.243,38.265],[15.237,38.265],[15.241,38.262],[15.237,38.253],[15.236,38.251],[15.238,38.249],[15.241,38.241],[15.203,38.183],[15.177,38.156],[15.123,38.141],[15.105,38.133],[15.088,38.128],[15.069,38.131],[15.063,38.136],[15.053,38.148],[15.049,38.152],[15.039,38.153],[15.007,38.152],[14.982,38.158],[14.97,38.159],[14.963,38.163],[14.945,38.182],[14.935,38.186],[14.907,38.188],[14.897,38.186],[14.888,38.183],[14.874,38.176],[14.798,38.16],[14.778,38.159],[14.745,38.161],[14.734,38.158],[14.696,38.121],[14.668,38.099],[14.635,38.081],[14.512,38.044],[14.464,38.037],[14.432,38.049],[14.385,38.03],[14.331,38.018],[14.273,38.015],[14.151,38.029],[14.121,38.023],[14.106,38.021],[14.083,38.024],[14.063,38.03],[14.021,38.049],[14.007,38.038],[13.938,38.029],[13.925,38.022],[13.912,38.013],[13.898,38.004],[13.857,37.997],[13.813,37.978],[13.791,37.974],[13.727,37.981],[13.705,37.98],[13.707,37.984],[13.708,37.985],[13.712,37.988],[13.698,37.994],[13.651,38.001],[13.622,38.015],[13.587,38.039],[13.557,38.049],[13.547,38.056],[13.541,38.068],[13.539,38.077],[13.541,38.094],[13.514,38.111],[13.391,38.103],[13.377,38.131],[13.373,38.141],[13.372,38.173],[13.366,38.18],[13.328,38.2],[13.326,38.205],[13.325,38.212],[13.323,38.218],[13.318,38.221],[13.31,38.22],[13.297,38.214],[13.277,38.21],[13.266,38.205],[13.254,38.203],[13.239,38.207],[13.23,38.185],[13.207,38.176],[13.179,38.176],[13.157,38.18],[13.122,38.191],[13.112,38.193],[13.101,38.19],[13.09,38.183],[13.084,38.175],[13.089,38.166],[13.055,38.142],[13.057,38.133],[13.066,38.123],[13.068,38.114],[13.07,38.101],[13.071,38.096],[13.07,38.091],[13.061,38.083],[13.027,38.062],[12.944,38.033],[12.901,38.028],[12.87,38.043],[12.869,38.051],[12.857,38.059],[12.829,38.07],[12.818,38.078],[12.791,38.117],[12.766,38.163],[12.761,38.181],[12.749,38.182],[12.738,38.181],[12.732,38.193],[12.72,38.175],[12.724,38.15],[12.725,38.126],[12.705,38.111],[12.692,38.112],[12.676,38.116],[12.662,38.116],[12.657,38.107],[12.652,38.091],[12.639,38.079],[12.608,38.062],[12.576,38.072],[12.55,38.055],[12.523,38.031],[12.493,38.021],[12.504,38.011],[12.503,37.997],[12.497,37.981],[12.49,37.954],[12.467,37.916],[12.465,37.914],[12.464,37.913],[12.465,37.906],[12.468,37.897],[12.477,37.886],[12.479,37.881],[12.478,37.873],[12.472,37.854],[12.47,37.853],[12.463,37.826],[12.465,37.823],[12.46,37.819],[12.446,37.812],[12.445,37.816],[12.427,37.809],[12.427,37.797]]],[[[12.526,35.517],[12.536,35.513],[12.556,35.508],[12.594,35.494],[12.598,35.494],[12.603,35.491],[12.611,35.489],[12.621,35.492],[12.624,35.502],[12.621,35.508],[12.622,35.51],[12.624,35.512],[12.621,35.513],[12.613,35.515],[12.567,35.519],[12.556,35.521],[12.534,35.522],[12.526,35.517]]],[[[12.846,35.863],[12.851,35.856],[12.857,35.852],[12.873,35.852],[12.877,35.856],[12.874,35.866],[12.867,35.872],[12.86,35.872],[12.854,35.871],[12.847,35.868],[12.846,35.863]]],[[[12.849,40.928],[12.85,40.926],[12.862,40.931],[12.861,40.939],[12.86,40.948],[12.857,40.95],[12.853,40.948],[12.855,40.945],[12.852,40.941],[12.85,40.934],[12.849,40.928]]],[[[12.942,40.9],[12.948,40.896],[12.95,40.891],[12.949,40.886],[12.952,40.882],[12.958,40.882],[12.964,40.889],[12.966,40.893],[12.966,40.895],[12.963,40.898],[12.961,40.903],[12.969,40.919],[12.98,40.928],[12.992,40.933],[12.99,40.937],[12.982,40.938],[12.976,40.935],[12.972,40.933],[12.968,40.932],[12.967,40.93],[12.966,40.927],[12.965,40.925],[12.954,40.922],[12.948,40.918],[12.942,40.9]]],[[[13.05,40.967],[13.053,40.965],[13.061,40.965],[13.062,40.976],[13.054,40.974],[13.05,40.967]]],[[[13.153,38.702],[13.153,38.695],[13.165,38.691],[13.177,38.693],[13.197,38.708],[13.196,38.711],[13.186,38.718],[13.169,38.717],[13.158,38.71],[13.153,38.702]]],[[[13.415,40.786],[13.427,40.791],[13.432,40.801],[13.424,40.8],[13.419,40.796],[13.415,40.786]]],[[[13.735,44.924],[13.737,44.92],[13.745,44.918],[13.75,44.913],[13.751,44.908],[13.747,44.904],[13.745,44.901],[13.747,44.896],[13.746,44.892],[13.747,44.888],[13.752,44.887],[13.756,44.89],[13.758,44.894],[13.759,44.901],[13.761,44.904],[13.765,44.902],[13.778,44.902],[13.78,44.905],[13.778,44.911],[13.774,44.915],[13.762,44.921],[13.758,44.92],[13.748,44.925],[13.741,44.926],[13.735,44.924]]],[[[13.849,40.715],[13.86,40.708],[13.882,40.7],[13.89,40.694],[13.903,40.7],[13.92,40.704],[13.935,40.706],[13.945,40.702],[13.959,40.712],[13.966,40.715],[13.962,40.723],[13.963,40.729],[13.966,40.735],[13.946,40.745],[13.883,40.762],[13.863,40.762],[13.867,40.753],[13.87,40.749],[13.862,40.744],[13.856,40.735],[13.849,40.715]]],[[[14.001,40.744],[14.004,40.744],[14.005,40.747],[14.006,40.747],[14.011,40.74],[14.017,40.737],[14.014,40.748],[14.02,40.75],[14.026,40.75],[14.022,40.757],[14.027,40.76],[14.03,40.76],[14.035,40.76],[14.031,40.764],[14.021,40.767],[14.018,40.77],[14.013,40.769],[14.008,40.764],[14.004,40.762],[14.006,40.76],[14.003,40.751],[14.001,40.744]]],[[[14.184,36.065],[14.184,36.056],[14.188,36.045],[14.185,36.035],[14.201,36.026],[14.221,36.019],[14.241,36.015],[14.26,36.013],[14.278,36.017],[14.304,36.027],[14.322,36.027],[14.334,36.034],[14.315,36.051],[14.283,36.068],[14.257,36.076],[14.195,36.068],[14.184,36.065]]],[[[14.196,40.541],[14.208,40.538],[14.237,40.545],[14.246,40.544],[14.255,40.546],[14.262,40.554],[14.257,40.557],[14.219,40.561],[14.21,40.561],[14.199,40.558],[14.196,40.541]]],[[[14.233,44.626],[14.24,44.62],[14.252,44.617],[14.264,44.612],[14.271,44.613],[14.266,44.625],[14.259,44.634],[14.257,44.637],[14.256,44.642],[14.258,44.648],[14.257,44.653],[14.257,44.657],[14.259,44.658],[14.261,44.659],[14.274,44.662],[14.28,44.668],[14.28,44.678],[14.266,44.68],[14.244,44.661],[14.236,44.642],[14.234,44.635],[14.233,44.626]]],[[[14.278,45.128],[14.278,45.113],[14.287,45.101],[14.341,45.056],[14.347,45.048],[14.377,44.987],[14.391,44.969],[14.411,44.956],[14.404,44.95],[14.39,44.96],[14.389,44.95],[14.394,44.935],[14.397,44.929],[14.393,44.915],[14.387,44.909],[14.377,44.908],[14.36,44.909],[14.35,44.913],[14.332,44.932],[14.325,44.937],[14.302,44.943],[14.292,44.94],[14.302,44.922],[14.296,44.916],[14.295,44.913],[14.294,44.909],[14.314,44.894],[14.33,44.834],[14.346,44.821],[14.357,44.82],[14.362,44.816],[14.363,44.807],[14.364,44.774],[14.368,44.761],[14.375,44.754],[14.384,44.758],[14.387,44.756],[14.39,44.754],[14.393,44.753],[14.397,44.752],[14.395,44.708],[14.428,44.657],[14.473,44.62],[14.502,44.62],[14.513,44.619],[14.52,44.622],[14.527,44.627],[14.534,44.634],[14.528,44.648],[14.515,44.642],[14.509,44.645],[14.508,44.653],[14.514,44.662],[14.501,44.678],[14.486,44.692],[14.472,44.708],[14.466,44.73],[14.468,44.742],[14.474,44.755],[14.473,44.765],[14.469,44.773],[14.457,44.788],[14.452,44.799],[14.467,44.805],[14.465,44.821],[14.452,44.851],[14.448,44.884],[14.45,44.898],[14.459,44.915],[14.452,44.922],[14.463,44.936],[14.471,44.954],[14.473,44.971],[14.466,44.984],[14.454,44.988],[14.431,44.99],[14.418,44.998],[14.412,45.004],[14.388,45.039],[14.37,45.076],[14.363,45.094],[14.361,45.118],[14.364,45.158],[14.356,45.169],[14.332,45.176],[14.314,45.172],[14.3,45.162],[14.289,45.149],[14.278,45.128]]],[[[14.282,44.522],[14.289,44.506],[14.299,44.496],[14.304,44.498],[14.309,44.505],[14.321,44.509],[14.316,44.51],[14.316,44.508],[14.311,44.509],[14.308,44.511],[14.302,44.518],[14.291,44.522],[14.282,44.522]]],[[[14.322,36.017],[14.323,36.012],[14.326,36.006],[14.325,36.003],[14.327,36.004],[14.328,36.003],[14.338,36.005],[14.351,36.01],[14.344,36.016],[14.333,36.019],[14.325,36.019],[14.322,36.017]]],[[[14.322,35.973],[14.333,35.963],[14.338,35.947],[14.343,35.912],[14.343,35.881],[14.346,35.876],[14.36,35.87],[14.363,35.867],[14.382,35.843],[14.424,35.824],[14.473,35.811],[14.507,35.809],[14.511,35.806],[14.528,35.801],[14.528,35.814],[14.532,35.822],[14.548,35.836],[14.562,35.83],[14.567,35.846],[14.563,35.87],[14.548,35.89],[14.519,35.9],[14.514,35.901],[14.514,35.911],[14.513,35.921],[14.508,35.929],[14.479,35.937],[14.445,35.96],[14.428,35.966],[14.349,35.973],[14.362,35.982],[14.368,35.985],[14.377,35.986],[14.377,35.994],[14.362,35.992],[14.348,35.989],[14.335,35.982],[14.322,35.973]]],[[[14.336,44.717],[14.337,44.7],[14.345,44.669],[14.349,44.655],[14.376,44.623],[14.383,44.603],[14.365,44.587],[14.369,44.582],[14.37,44.58],[14.37,44.58],[14.363,44.58],[14.363,44.573],[14.375,44.568],[14.387,44.566],[14.397,44.569],[14.404,44.58],[14.423,44.574],[14.438,44.565],[14.466,44.539],[14.459,44.541],[14.438,44.545],[14.438,44.539],[14.452,44.532],[14.485,44.501],[14.512,44.482],[14.534,44.484],[14.527,44.504],[14.446,44.566],[14.41,44.601],[14.404,44.61],[14.4,44.638],[14.395,44.653],[14.39,44.662],[14.397,44.686],[14.381,44.699],[14.356,44.707],[14.336,44.717]]],[[[14.343,38.547],[14.346,38.535],[14.361,38.539],[14.357,38.551],[14.343,38.547]]],[[[14.425,45.087],[14.439,45.071],[14.46,45.052],[14.485,45.038],[14.511,45.032],[14.591,45.023],[14.617,45.025],[14.603,45.032],[14.603,45.039],[14.621,45.046],[14.626,45.037],[14.624,45.001],[14.625,44.986],[14.629,44.978],[14.658,44.97],[14.706,44.947],[14.723,44.943],[14.742,44.945],[14.757,44.949],[14.761,44.955],[14.747,44.964],[14.747,44.97],[14.761,44.977],[14.772,44.971],[14.785,44.969],[14.797,44.971],[14.809,44.977],[14.815,44.977],[14.8,45.005],[14.74,45.044],[14.74,45.073],[14.696,45.073],[14.678,45.077],[14.665,45.087],[14.659,45.108],[14.671,45.143],[14.665,45.162],[14.644,45.157],[14.613,45.159],[14.597,45.166],[14.624,45.175],[14.611,45.198],[14.596,45.216],[14.591,45.22],[14.587,45.224],[14.584,45.23],[14.582,45.238],[14.585,45.238],[14.596,45.238],[14.563,45.25],[14.549,45.249],[14.534,45.238],[14.544,45.236],[14.549,45.23],[14.55,45.221],[14.548,45.21],[14.537,45.202],[14.536,45.194],[14.539,45.187],[14.542,45.179],[14.54,45.17],[14.534,45.162],[14.521,45.149],[14.53,45.135],[14.514,45.129],[14.476,45.128],[14.467,45.124],[14.466,45.115],[14.466,45.105],[14.463,45.101],[14.451,45.101],[14.442,45.1],[14.433,45.096],[14.425,45.087]]],[[[14.486,44.984],[14.49,44.978],[14.513,44.966],[14.517,44.963],[14.535,44.956],[14.543,44.955],[14.548,44.961],[14.546,44.968],[14.528,44.986],[14.486,44.984]]],[[[14.542,38.587],[14.544,38.575],[14.552,38.562],[14.574,38.557],[14.585,38.557],[14.585,38.561],[14.58,38.566],[14.576,38.577],[14.564,38.585],[14.546,38.588],[14.542,38.587]]],[[[14.595,44.347],[14.599,44.339],[14.641,44.312],[14.657,44.305],[14.661,44.309],[14.644,44.326],[14.613,44.341],[14.595,44.347]]],[[[14.658,44.799],[14.699,44.765],[14.71,44.768],[14.725,44.768],[14.741,44.764],[14.754,44.758],[14.743,44.766],[14.74,44.77],[14.74,44.778],[14.773,44.76],[14.821,44.721],[14.85,44.703],[14.859,44.717],[14.851,44.737],[14.822,44.771],[14.812,44.779],[14.787,44.789],[14.748,44.817],[14.74,44.821],[14.74,44.827],[14.756,44.836],[14.753,44.846],[14.739,44.853],[14.72,44.855],[14.724,44.844],[14.727,44.84],[14.707,44.845],[14.686,44.847],[14.69,44.837],[14.692,44.833],[14.706,44.827],[14.714,44.818],[14.727,44.799],[14.72,44.799],[14.716,44.803],[14.699,44.813],[14.701,44.807],[14.701,44.804],[14.702,44.802],[14.706,44.799],[14.706,44.793],[14.695,44.796],[14.683,44.799],[14.67,44.8],[14.658,44.799]]],[[[14.661,44.4],[14.668,44.392],[14.68,44.389],[14.689,44.375],[14.69,44.368],[14.693,44.36],[14.697,44.358],[14.701,44.357],[14.714,44.351],[14.723,44.352],[14.722,44.364],[14.716,44.368],[14.707,44.373],[14.702,44.378],[14.701,44.387],[14.702,44.392],[14.704,44.396],[14.702,44.402],[14.687,44.409],[14.672,44.412],[14.665,44.407],[14.661,44.4]]],[[[14.734,44.703],[14.744,44.68],[14.761,44.659],[14.866,44.566],[14.877,44.56],[14.878,44.551],[14.906,44.521],[14.919,44.505],[14.913,44.503],[14.903,44.498],[14.897,44.497],[14.897,44.491],[14.95,44.468],[14.959,44.467],[15.021,44.43],[15.038,44.403],[15.049,44.395],[15.058,44.394],[15.074,44.4],[15.083,44.402],[15.092,44.399],[15.117,44.387],[15.112,44.38],[15.107,44.375],[15.1,44.374],[15.089,44.374],[15.097,44.361],[15.102,44.357],[15.11,44.354],[15.11,44.346],[15.097,44.346],[15.097,44.34],[15.111,44.325],[15.129,44.312],[15.149,44.303],[15.172,44.299],[15.172,44.305],[15.131,44.326],[15.131,44.333],[15.155,44.331],[15.199,44.317],[15.22,44.313],[15.215,44.315],[15.211,44.317],[15.208,44.321],[15.207,44.326],[15.227,44.326],[15.216,44.338],[15.2,44.35],[15.183,44.358],[15.165,44.361],[15.165,44.367],[15.187,44.36],[15.212,44.346],[15.235,44.336],[15.254,44.34],[15.241,44.351],[15.213,44.369],[15.199,44.381],[15.177,44.391],[15.083,44.462],[15.042,44.477],[15.051,44.455],[15.065,44.438],[15.081,44.425],[15.097,44.415],[15.048,44.439],[14.966,44.524],[14.911,44.545],[14.911,44.552],[14.929,44.552],[14.942,44.547],[14.953,44.541],[14.973,44.536],[15.014,44.519],[15.012,44.515],[15.007,44.505],[15.028,44.503],[15.056,44.486],[15.076,44.484],[15.062,44.501],[15.052,44.516],[15.041,44.527],[15.004,44.536],[14.989,44.547],[14.966,44.573],[14.938,44.594],[14.904,44.61],[14.88,44.609],[14.884,44.58],[14.845,44.601],[14.78,44.67],[14.741,44.702],[14.738,44.703],[14.734,44.703]]],[[[14.738,44.272],[14.749,44.262],[14.76,44.26],[14.766,44.265],[14.775,44.267],[14.79,44.267],[14.792,44.273],[14.773,44.285],[14.76,44.292],[14.753,44.291],[14.753,44.284],[14.75,44.28],[14.74,44.28],[14.738,44.272]]],[[[14.756,44.364],[14.774,44.352],[14.785,44.347],[14.801,44.343],[14.811,44.35],[14.806,44.368],[14.798,44.378],[14.797,44.381],[14.8,44.388],[14.805,44.396],[14.803,44.406],[14.795,44.414],[14.783,44.419],[14.772,44.418],[14.767,44.417],[14.763,44.415],[14.768,44.384],[14.758,44.372],[14.756,44.364]]],[[[14.768,44.929],[14.768,44.918],[14.779,44.908],[14.83,44.887],[14.836,44.887],[14.831,44.898],[14.829,44.903],[14.807,44.92],[14.78,44.933],[14.773,44.934],[14.768,44.929]]],[[[14.794,38.572],[14.824,38.552],[14.862,38.539],[14.863,38.549],[14.869,38.56],[14.872,38.565],[14.877,38.57],[14.867,38.581],[14.851,38.585],[14.815,38.584],[14.794,38.572]]],[[[14.82,44.153],[14.835,44.142],[14.856,44.137],[14.869,44.141],[14.864,44.148],[14.857,44.152],[14.85,44.152],[14.843,44.148],[14.835,44.151],[14.827,44.158],[14.822,44.169],[14.82,44.153]]],[[[14.85,44.176],[14.863,44.161],[14.868,44.152],[14.87,44.141],[14.955,44.076],[14.983,44.066],[15.003,44.052],[15.043,43.99],[15.067,43.97],[15.107,43.925],[15.121,43.913],[15.136,43.903],[15.172,43.888],[15.175,43.884],[15.185,43.877],[15.195,43.873],[15.199,43.878],[15.197,43.886],[15.191,43.888],[15.183,43.887],[15.176,43.891],[15.17,43.895],[15.145,43.908],[15.14,43.913],[15.138,43.918],[15.133,43.921],[15.146,43.924],[15.195,43.895],[15.22,43.901],[15.217,43.913],[15.145,43.95],[15.117,43.979],[15.114,43.984],[15.099,43.985],[15.088,43.99],[15.041,44.026],[15.032,44.036],[15.028,44.049],[15.027,44.062],[15.023,44.072],[15.014,44.078],[15,44.079],[15.003,44.083],[15.007,44.093],[14.994,44.088],[14.985,44.091],[14.976,44.097],[14.963,44.1],[14.954,44.103],[14.949,44.111],[14.944,44.12],[14.939,44.127],[14.883,44.159],[14.863,44.176],[14.86,44.176],[14.855,44.177],[14.85,44.176]]],[[[14.887,44.451],[14.893,44.442],[14.933,44.411],[14.946,44.408],[14.954,44.408],[14.957,44.404],[14.961,44.4],[14.963,44.404],[14.955,44.413],[14.946,44.419],[14.888,44.456],[14.887,44.451]]],[[[14.899,38.482],[14.908,38.474],[14.922,38.469],[14.935,38.459],[14.949,38.451],[14.966,38.453],[14.966,38.461],[14.961,38.465],[14.958,38.47],[14.953,38.481],[14.979,38.481],[14.979,38.488],[14.974,38.49],[14.966,38.498],[14.959,38.502],[14.966,38.516],[14.958,38.522],[14.925,38.522],[14.91,38.515],[14.901,38.499],[14.899,38.482]]],[[[14.945,38.412],[14.948,38.396],[14.964,38.382],[14.987,38.364],[14.999,38.371],[15.007,38.378],[15.002,38.391],[14.994,38.403],[14.982,38.412],[14.966,38.419],[14.966,38.433],[14.959,38.433],[14.945,38.412]]],[[[15.025,44.315],[15.03,44.298],[15.043,44.29],[15.058,44.286],[15.069,44.286],[15.074,44.289],[15.076,44.294],[15.081,44.298],[15.088,44.299],[15.111,44.291],[15.115,44.286],[15.117,44.282],[15.125,44.283],[15.134,44.286],[15.137,44.288],[15.134,44.291],[15.127,44.293],[15.121,44.295],[15.12,44.296],[15.112,44.303],[15.097,44.31],[15.086,44.309],[15.078,44.313],[15.072,44.318],[15.066,44.321],[15.057,44.321],[15.05,44.322],[15.046,44.326],[15.031,44.327],[15.025,44.315]]],[[[15.063,44.162],[15.071,44.146],[15.076,44.141],[15.072,44.139],[15.071,44.138],[15.071,44.138],[15.069,44.134],[15.087,44.124],[15.122,44.092],[15.149,44.076],[15.17,44.059],[15.189,44.048],[15.199,44.059],[15.201,44.055],[15.203,44.052],[15.205,44.05],[15.207,44.045],[15.213,44.045],[15.223,44.05],[15.232,44.041],[15.242,44.028],[15.254,44.018],[15.247,44.047],[15.226,44.066],[15.063,44.162]]],[[[15.071,44.076],[15.074,44.069],[15.073,44.061],[15.078,44.053],[15.159,43.999],[15.158,44.003],[15.147,44.026],[15.142,44.028],[15.108,44.054],[15.108,44.06],[15.1,44.069],[15.084,44.078],[15.073,44.081],[15.071,44.076]]],[[[15.187,38.789],[15.206,38.775],[15.217,38.773],[15.225,38.777],[15.23,38.783],[15.232,38.789],[15.237,38.796],[15.239,38.804],[15.235,38.808],[15.228,38.81],[15.219,38.812],[15.212,38.81],[15.209,38.806],[15.204,38.802],[15.194,38.798],[15.187,38.793],[15.187,38.789]]],[[[15.228,43.874],[15.233,43.862],[15.248,43.849],[15.261,43.84],[15.288,43.826],[15.309,43.806],[15.328,43.796],[15.387,43.777],[15.396,43.772],[15.367,43.79],[15.354,43.8],[15.342,43.812],[15.266,43.857],[15.261,43.867],[15.241,43.881],[15.228,43.874]]],[[[15.261,44.011],[15.27,44],[15.297,43.978],[15.303,43.966],[15.31,43.958],[15.325,43.948],[15.344,43.94],[15.357,43.935],[15.354,43.931],[15.35,43.929],[15.359,43.919],[15.372,43.914],[15.398,43.908],[15.402,43.905],[15.404,43.9],[15.407,43.896],[15.415,43.894],[15.424,43.894],[15.431,43.893],[15.439,43.891],[15.446,43.888],[15.443,43.899],[15.435,43.911],[15.427,43.922],[15.419,43.929],[15.411,43.933],[15.398,43.937],[15.392,43.942],[15.389,43.948],[15.387,43.964],[15.384,43.97],[15.379,43.972],[15.35,43.976],[15.296,44.006],[15.28,44.011],[15.261,44.011]]],[[[15.478,42.104],[15.485,42.101],[15.492,42.107],[15.497,42.116],[15.493,42.124],[15.489,42.125],[15.486,42.121],[15.484,42.119],[15.478,42.113],[15.478,42.104]]],[[[15.567,43.832],[15.568,43.828],[15.581,43.809],[15.6,43.794],[15.605,43.793],[15.609,43.794],[15.631,43.771],[15.66,43.764],[15.666,43.766],[15.664,43.771],[15.66,43.776],[15.649,43.783],[15.65,43.786],[15.65,43.789],[15.641,43.798],[15.636,43.798],[15.632,43.797],[15.628,43.798],[15.622,43.804],[15.61,43.809],[15.606,43.817],[15.605,43.824],[15.603,43.826],[15.599,43.828],[15.595,43.831],[15.591,43.831],[15.59,43.828],[15.59,43.825],[15.586,43.823],[15.582,43.825],[15.58,43.828],[15.576,43.831],[15.571,43.833],[15.567,43.832]]],[[[15.604,43.675],[15.62,43.669],[15.663,43.646],[15.672,43.637],[15.681,43.64],[15.74,43.628],[15.679,43.648],[15.67,43.656],[15.662,43.665],[15.65,43.673],[15.62,43.675],[15.615,43.677],[15.611,43.682],[15.604,43.675]]],[[[15.673,43.714],[15.678,43.71],[15.68,43.705],[15.683,43.7],[15.704,43.689],[15.704,43.688],[15.699,43.688],[15.695,43.685],[15.697,43.681],[15.72,43.673],[15.719,43.677],[15.721,43.68],[15.722,43.681],[15.726,43.69],[15.714,43.692],[15.707,43.699],[15.693,43.71],[15.692,43.714],[15.689,43.716],[15.682,43.717],[15.674,43.717],[15.673,43.714]]],[[[15.721,43.018],[15.726,43.016],[15.738,43.015],[15.75,43.017],[15.764,43.023],[15.766,43.031],[15.762,43.033],[15.755,43.033],[15.75,43.033],[15.744,43.031],[15.737,43.029],[15.733,43.027],[15.726,43.025],[15.721,43.018]]],[[[15.824,43.7],[15.826,43.692],[15.855,43.672],[15.863,43.663],[15.868,43.663],[15.869,43.671],[15.866,43.681],[15.862,43.689],[15.858,43.693],[15.842,43.707],[15.837,43.706],[15.832,43.702],[15.824,43.7]]],[[[15.993,42.952],[16,42.953],[16.009,42.961],[16.018,42.957],[16.023,42.975],[16.022,42.979],[16.021,42.984],[16.02,42.986],[16.016,42.987],[16.011,42.991],[16.003,42.993],[15.999,42.974],[15.994,42.958],[15.993,42.952]]],[[[16.049,43.065],[16.063,43.052],[16.069,43.052],[16.079,43.053],[16.087,43.041],[16.084,43.026],[16.063,43.017],[16.087,43.011],[16.121,43.013],[16.21,43.033],[16.222,43.04],[16.234,43.052],[16.245,43.058],[16.252,43.062],[16.255,43.069],[16.253,43.078],[16.25,43.079],[16.245,43.076],[16.241,43.072],[16.228,43.079],[16.216,43.079],[16.193,43.072],[16.195,43.074],[16.2,43.079],[16.17,43.088],[16.13,43.088],[16.093,43.083],[16.069,43.072],[16.062,43.071],[16.057,43.07],[16.053,43.068],[16.049,43.065]]],[[[16.113,43.433],[16.115,43.429],[16.13,43.428],[16.136,43.429],[16.141,43.429],[16.145,43.431],[16.148,43.435],[16.153,43.436],[16.165,43.433],[16.17,43.436],[16.165,43.45],[16.149,43.459],[16.138,43.459],[16.134,43.456],[16.137,43.452],[16.138,43.45],[16.126,43.451],[16.121,43.448],[16.122,43.444],[16.113,43.433]]],[[[16.2,43.407],[16.203,43.4],[16.213,43.394],[16.21,43.393],[16.208,43.393],[16.206,43.392],[16.207,43.387],[16.232,43.384],[16.282,43.369],[16.349,43.339],[16.376,43.333],[16.391,43.346],[16.367,43.361],[16.349,43.378],[16.33,43.39],[16.303,43.387],[16.298,43.404],[16.277,43.412],[16.22,43.415],[16.206,43.413],[16.2,43.407]]],[[[16.211,43.49],[16.218,43.486],[16.231,43.483],[16.246,43.481],[16.259,43.484],[16.267,43.487],[16.282,43.488],[16.333,43.481],[16.371,43.484],[16.375,43.49],[16.334,43.502],[16.31,43.508],[16.264,43.513],[16.248,43.508],[16.252,43.5],[16.244,43.495],[16.23,43.496],[16.223,43.497],[16.219,43.498],[16.212,43.496],[16.211,43.49]]],[[[16.258,42.39],[16.267,42.39],[16.259,42.394],[16.258,42.39]]],[[[16.27,42.387],[16.272,42.386],[16.271,42.388],[16.27,42.387]]],[[[16.275,42.388],[16.276,42.388],[16.276,42.389],[16.275,42.388]]],[[[16.335,42.378],[16.336,42.378],[16.337,42.379],[16.335,42.379],[16.335,42.378]]],[[[16.338,42.378],[16.339,42.376],[16.34,42.376],[16.338,42.378]]],[[[16.372,43.196],[16.416,43.182],[16.427,43.18],[16.445,43.171],[16.475,43.166],[16.56,43.143],[16.67,43.125],[16.693,43.127],[17.193,43.127],[17.155,43.14],[17.11,43.144],[17.019,43.141],[16.959,43.152],[16.897,43.155],[16.878,43.159],[16.864,43.169],[16.848,43.162],[16.751,43.162],[16.728,43.165],[16.706,43.171],[16.686,43.182],[16.689,43.183],[16.692,43.183],[16.694,43.184],[16.693,43.189],[16.681,43.195],[16.673,43.203],[16.666,43.211],[16.66,43.216],[16.646,43.22],[16.616,43.224],[16.604,43.223],[16.597,43.222],[16.587,43.216],[16.583,43.216],[16.563,43.229],[16.535,43.228],[16.521,43.229],[16.529,43.222],[16.556,43.21],[16.583,43.189],[16.555,43.188],[16.527,43.204],[16.496,43.218],[16.46,43.21],[16.46,43.216],[16.449,43.206],[16.446,43.202],[16.44,43.21],[16.415,43.198],[16.404,43.197],[16.391,43.202],[16.38,43.202],[16.376,43.2],[16.372,43.196]]],[[[16.406,43.333],[16.422,43.318],[16.501,43.284],[16.564,43.27],[16.628,43.264],[16.813,43.268],[16.846,43.273],[16.864,43.292],[16.872,43.288],[16.88,43.294],[16.892,43.312],[16.885,43.322],[16.878,43.323],[16.869,43.323],[16.858,43.325],[16.839,43.341],[16.83,43.346],[16.824,43.341],[16.816,43.34],[16.807,43.342],[16.796,43.346],[16.81,43.346],[16.81,43.353],[16.688,43.377],[16.494,43.382],[16.453,43.394],[16.447,43.395],[16.426,43.394],[16.44,43.371],[16.453,43.353],[16.442,43.351],[16.435,43.346],[16.434,43.34],[16.44,43.333],[16.434,43.332],[16.43,43.332],[16.427,43.331],[16.426,43.325],[16.419,43.325],[16.414,43.329],[16.406,43.333]]],[[[16.486,42.752],[16.489,42.747],[16.491,42.747],[16.494,42.748],[16.495,42.751],[16.497,42.753],[16.5,42.755],[16.5,42.756],[16.507,42.758],[16.51,42.76],[16.513,42.76],[16.526,42.757],[16.534,42.763],[16.526,42.768],[16.519,42.773],[16.507,42.772],[16.5,42.766],[16.495,42.759],[16.492,42.757],[16.489,42.753],[16.486,42.752]]],[[[16.632,42.983],[16.648,42.978],[16.688,42.974],[16.707,42.97],[16.707,42.962],[16.638,42.935],[16.655,42.926],[16.673,42.922],[16.673,42.927],[16.691,42.928],[16.74,42.917],[16.851,42.901],[16.899,42.906],[16.973,42.927],[17.015,42.929],[17.107,42.914],[17.153,42.921],[17.174,42.922],[17.193,42.914],[17.2,42.922],[17.164,42.941],[17.149,42.953],[17.132,42.97],[17.111,42.964],[17.032,42.983],[16.916,42.975],[16.893,42.965],[16.879,42.962],[16.824,42.962],[16.769,42.972],[16.741,42.981],[16.72,42.99],[16.698,42.99],[16.675,42.993],[16.653,42.992],[16.632,42.983]]],[[[16.66,43.089],[16.673,43.085],[16.681,43.084],[16.716,43.082],[16.716,43.083],[16.72,43.082],[16.726,43.084],[16.731,43.085],[16.739,43.087],[16.738,43.092],[16.726,43.097],[16.719,43.097],[16.713,43.098],[16.707,43.096],[16.706,43.096],[16.701,43.096],[16.698,43.096],[16.695,43.099],[16.682,43.1],[16.675,43.098],[16.667,43.096],[16.665,43.094],[16.66,43.089]]],[[[16.803,42.763],[16.81,42.763],[16.819,42.769],[16.824,42.764],[16.822,42.755],[16.81,42.75],[16.821,42.736],[16.834,42.731],[16.848,42.734],[16.858,42.743],[16.874,42.738],[16.882,42.736],[16.885,42.729],[16.905,42.732],[16.925,42.741],[16.936,42.756],[16.934,42.771],[16.921,42.777],[16.858,42.784],[16.828,42.781],[16.81,42.775],[16.803,42.763]]],[[[17.324,42.791],[17.334,42.78],[17.354,42.767],[17.374,42.76],[17.386,42.771],[17.749,42.695],[17.73,42.713],[17.679,42.73],[17.659,42.743],[17.648,42.739],[17.591,42.743],[17.594,42.747],[17.594,42.748],[17.598,42.75],[17.574,42.758],[17.524,42.765],[17.486,42.782],[17.437,42.783],[17.42,42.791],[17.412,42.784],[17.403,42.789],[17.393,42.791],[17.383,42.792],[17.372,42.791],[17.382,42.798],[17.387,42.8],[17.392,42.802],[17.374,42.803],[17.342,42.793],[17.324,42.791]]],[[[17.837,42.753],[17.84,42.747],[17.848,42.74],[17.851,42.734],[17.846,42.734],[17.845,42.732],[17.905,42.701],[17.911,42.705],[17.916,42.713],[17.913,42.721],[17.899,42.733],[17.848,42.754],[17.837,42.753]]],[[[19.261,40.506],[19.266,40.499],[19.27,40.492],[19.275,40.482],[19.279,40.475],[19.285,40.474],[19.286,40.475],[19.289,40.485],[19.292,40.494],[19.288,40.499],[19.282,40.502],[19.278,40.504],[19.275,40.507],[19.271,40.513],[19.264,40.512],[19.261,40.506]]],[[[19.38,39.855],[19.382,39.845],[19.387,39.84],[19.394,39.838],[19.41,39.841],[19.433,39.866],[19.424,39.867],[19.416,39.865],[19.411,39.863],[19.392,39.866],[19.383,39.863],[19.38,39.855]]],[[[19.51,39.777],[19.516,39.771],[19.52,39.766],[19.524,39.759],[19.532,39.756],[19.539,39.76],[19.531,39.77],[19.514,39.784],[19.51,39.777]]],[[[19.566,39.891],[19.575,39.876],[19.584,39.88],[19.593,39.88],[19.595,39.891],[19.58,39.898],[19.575,39.9],[19.566,39.891]]],[[[19.626,39.748],[19.642,39.748],[19.65,39.742],[19.654,39.73],[19.653,39.715],[19.672,39.724],[19.677,39.717],[19.674,39.694],[19.681,39.68],[19.69,39.674],[19.701,39.673],[19.719,39.673],[19.722,39.666],[19.749,39.62],[19.761,39.613],[19.784,39.604],[19.81,39.589],[19.829,39.572],[19.841,39.552],[19.848,39.51],[19.855,39.489],[19.866,39.469],[19.879,39.453],[19.879,39.455],[19.879,39.458],[19.88,39.461],[19.893,39.456],[19.928,39.447],[19.922,39.438],[19.915,39.434],[19.907,39.435],[19.912,39.43],[19.924,39.428],[19.938,39.428],[19.955,39.426],[19.965,39.421],[19.99,39.403],[19.999,39.399],[20.015,39.398],[20.032,39.395],[20.049,39.39],[20.072,39.376],[20.097,39.371],[20.106,39.365],[20.118,39.371],[20.118,39.378],[20.106,39.393],[20.097,39.423],[20.092,39.434],[20.082,39.447],[20.074,39.449],[20.065,39.445],[20.05,39.44],[20.033,39.439],[20.024,39.441],[20.003,39.454],[19.989,39.458],[19.961,39.463],[19.948,39.467],[19.937,39.473],[19.932,39.479],[19.912,39.583],[19.9,39.604],[19.917,39.599],[19.924,39.604],[19.928,39.625],[19.904,39.629],[19.845,39.653],[19.845,39.659],[19.859,39.659],[19.859,39.666],[19.848,39.67],[19.839,39.68],[19.836,39.692],[19.842,39.704],[19.852,39.711],[19.913,39.73],[19.934,39.741],[19.946,39.759],[19.948,39.79],[19.941,39.79],[19.941,39.783],[19.934,39.783],[19.929,39.792],[19.919,39.797],[19.893,39.803],[19.883,39.809],[19.875,39.815],[19.866,39.821],[19.852,39.825],[19.825,39.811],[19.799,39.803],[19.77,39.798],[19.677,39.795],[19.667,39.794],[19.662,39.784],[19.636,39.756],[19.626,39.748]]],[[[20.125,39.236],[20.128,39.223],[20.138,39.209],[20.159,39.189],[20.169,39.183],[20.181,39.18],[20.202,39.18],[20.19,39.203],[20.173,39.217],[20.156,39.229],[20.14,39.242],[20.125,39.236]]],[[[20.215,39.148],[20.219,39.14],[20.227,39.141],[20.234,39.137],[20.24,39.133],[20.243,39.131],[20.247,39.13],[20.258,39.133],[20.245,39.14],[20.238,39.149],[20.235,39.15],[20.231,39.154],[20.229,39.156],[20.217,39.153],[20.215,39.148]]],[[[20.339,38.2],[20.345,38.182],[20.374,38.169],[20.38,38.152],[20.386,38.152],[20.398,38.163],[20.412,38.168],[20.425,38.175],[20.435,38.193],[20.436,38.212],[20.428,38.246],[20.428,38.262],[20.435,38.279],[20.445,38.276],[20.457,38.261],[20.484,38.207],[20.494,38.192],[20.51,38.18],[20.51,38.172],[20.498,38.177],[20.481,38.19],[20.469,38.193],[20.473,38.182],[20.489,38.159],[20.491,38.152],[20.493,38.133],[20.496,38.124],[20.51,38.111],[20.546,38.102],[20.565,38.09],[20.581,38.115],[20.615,38.12],[20.653,38.111],[20.682,38.098],[20.706,38.076],[20.718,38.066],[20.734,38.062],[20.743,38.064],[20.754,38.069],[20.764,38.07],[20.789,38.065],[20.795,38.066],[20.805,38.083],[20.808,38.1],[20.805,38.116],[20.798,38.131],[20.762,38.17],[20.751,38.197],[20.709,38.227],[20.702,38.241],[20.7,38.254],[20.694,38.265],[20.675,38.268],[20.677,38.272],[20.679,38.279],[20.682,38.282],[20.671,38.275],[20.657,38.263],[20.643,38.253],[20.631,38.258],[20.607,38.294],[20.599,38.303],[20.611,38.313],[20.62,38.32],[20.626,38.328],[20.628,38.344],[20.626,38.352],[20.572,38.474],[20.538,38.474],[20.538,38.468],[20.544,38.459],[20.543,38.45],[20.54,38.439],[20.538,38.426],[20.539,38.419],[20.551,38.385],[20.531,38.392],[20.54,38.374],[20.539,38.354],[20.53,38.337],[20.507,38.327],[20.489,38.313],[20.479,38.309],[20.47,38.315],[20.467,38.326],[20.463,38.331],[20.455,38.323],[20.443,38.338],[20.435,38.356],[20.427,38.363],[20.414,38.344],[20.407,38.344],[20.405,38.35],[20.4,38.364],[20.398,38.333],[20.392,38.3],[20.38,38.274],[20.366,38.262],[20.359,38.259],[20.354,38.253],[20.352,38.246],[20.355,38.237],[20.357,38.229],[20.351,38.218],[20.343,38.208],[20.339,38.2]]],[[[20.545,38.57],[20.551,38.57],[20.565,38.594],[20.576,38.608],[20.585,38.618],[20.602,38.627],[20.614,38.607],[20.633,38.604],[20.629,38.595],[20.631,38.588],[20.637,38.585],[20.648,38.584],[20.648,38.59],[20.641,38.601],[20.649,38.609],[20.665,38.611],[20.682,38.604],[20.683,38.61],[20.685,38.613],[20.687,38.617],[20.688,38.625],[20.698,38.62],[20.702,38.618],[20.697,38.634],[20.695,38.638],[20.702,38.638],[20.709,38.626],[20.716,38.627],[20.721,38.638],[20.724,38.692],[20.723,38.707],[20.716,38.699],[20.711,38.688],[20.706,38.68],[20.699,38.683],[20.697,38.69],[20.702,38.698],[20.725,38.725],[20.729,38.731],[20.73,38.736],[20.729,38.745],[20.728,38.752],[20.724,38.76],[20.724,38.77],[20.729,38.782],[20.723,38.793],[20.722,38.807],[20.718,38.823],[20.702,38.837],[20.69,38.841],[20.689,38.847],[20.686,38.85],[20.664,38.841],[20.645,38.828],[20.633,38.817],[20.62,38.796],[20.612,38.786],[20.603,38.782],[20.585,38.745],[20.581,38.724],[20.562,38.691],[20.545,38.595],[20.545,38.57]]],[[[20.615,38.467],[20.621,38.458],[20.633,38.452],[20.64,38.447],[20.643,38.436],[20.646,38.413],[20.648,38.406],[20.667,38.372],[20.68,38.356],[20.695,38.344],[20.688,38.337],[20.706,38.318],[20.719,38.316],[20.736,38.32],[20.764,38.323],[20.764,38.331],[20.75,38.335],[20.744,38.344],[20.738,38.372],[20.753,38.372],[20.757,38.372],[20.739,38.384],[20.728,38.389],[20.716,38.392],[20.723,38.385],[20.702,38.385],[20.716,38.378],[20.716,38.372],[20.704,38.371],[20.692,38.371],[20.682,38.374],[20.675,38.378],[20.695,38.409],[20.703,38.426],[20.709,38.447],[20.698,38.452],[20.689,38.458],[20.678,38.462],[20.661,38.461],[20.668,38.471],[20.674,38.485],[20.672,38.498],[20.654,38.502],[20.644,38.479],[20.636,38.473],[20.619,38.481],[20.615,38.467]]],[[[20.619,37.823],[20.642,37.811],[20.68,37.77],[20.702,37.755],[20.704,37.738],[20.728,37.718],[20.777,37.686],[20.808,37.656],[20.815,37.652],[20.836,37.652],[20.847,37.653],[20.851,37.659],[20.853,37.673],[20.849,37.678],[20.844,37.69],[20.844,37.702],[20.856,37.707],[20.863,37.711],[20.87,37.719],[20.879,37.728],[20.894,37.733],[20.921,37.732],[20.954,37.724],[20.983,37.712],[20.996,37.699],[20.987,37.73],[20.918,37.765],[20.901,37.792],[20.886,37.814],[20.85,37.836],[20.809,37.85],[20.777,37.843],[20.752,37.855],[20.742,37.862],[20.734,37.882],[20.714,37.913],[20.714,37.915],[20.71,37.92],[20.71,37.922],[20.709,37.925],[20.686,37.93],[20.66,37.911],[20.619,37.864],[20.628,37.858],[20.622,37.851],[20.626,37.834],[20.619,37.823]]],[[[20.737,38.652],[20.752,38.626],[20.787,38.6],[20.8,38.595],[20.791,38.605],[20.783,38.609],[20.782,38.612],[20.773,38.618],[20.76,38.627],[20.763,38.639],[20.789,38.645],[20.797,38.651],[20.802,38.657],[20.805,38.662],[20.805,38.666],[20.801,38.665],[20.799,38.666],[20.8,38.669],[20.798,38.67],[20.793,38.669],[20.788,38.671],[20.783,38.675],[20.762,38.666],[20.746,38.663],[20.737,38.652]]],[[[20.867,38.592],[20.871,38.583],[20.879,38.584],[20.887,38.596],[20.898,38.606],[20.906,38.61],[20.915,38.613],[20.929,38.619],[20.942,38.627],[20.953,38.639],[20.952,38.649],[20.945,38.652],[20.921,38.648],[20.904,38.643],[20.888,38.629],[20.87,38.604],[20.867,38.592]]],[[[20.894,38.549],[20.908,38.549],[20.909,38.563],[20.919,38.579],[20.941,38.604],[20.932,38.603],[20.894,38.556],[20.894,38.549]]],[[[21.537,37.057],[21.543,37.048],[21.549,37.045],[21.546,37.038],[21.547,37.032],[21.553,37.041],[21.556,37.043],[21.556,37.046],[21.555,37.05],[21.559,37.054],[21.553,37.064],[21.544,37.06],[21.537,37.057]]],[[[21.696,36.74],[21.702,36.752],[21.71,36.762],[21.717,36.771],[21.716,36.781],[21.72,36.784],[21.725,36.787],[21.729,36.789],[21.729,36.795],[21.723,36.795],[21.718,36.797],[21.715,36.799],[21.709,36.802],[21.701,36.791],[21.697,36.776],[21.696,36.74]]],[[[21.75,36.712],[21.764,36.72],[21.766,36.711],[21.768,36.708],[21.772,36.706],[21.778,36.699],[21.778,36.72],[21.782,36.736],[21.78,36.748],[21.764,36.754],[21.76,36.752],[21.756,36.741],[21.75,36.712]]],[[[22.832,38.834],[22.833,38.823],[22.856,38.833],[22.966,38.841],[22.982,38.845],[22.991,38.851],[22.992,38.865],[22.984,38.874],[22.97,38.878],[22.956,38.878],[22.956,38.885],[22.969,38.889],[22.984,38.886],[22.999,38.881],[23.015,38.878],[23.029,38.877],[23.036,38.874],[23.056,38.854],[23.069,38.847],[23.084,38.846],[23.114,38.851],[23.131,38.852],[23.144,38.851],[23.168,38.844],[23.202,38.83],[23.3,38.772],[23.323,38.763],[23.328,38.758],[23.338,38.739],[23.344,38.735],[23.353,38.731],[23.382,38.707],[23.407,38.698],[23.437,38.683],[23.446,38.677],[23.45,38.669],[23.453,38.658],[23.46,38.654],[23.467,38.652],[23.47,38.649],[23.474,38.646],[23.498,38.631],[23.501,38.623],[23.502,38.605],[23.505,38.597],[23.519,38.589],[23.54,38.582],[23.584,38.577],[23.6,38.571],[23.614,38.558],[23.636,38.529],[23.636,38.522],[23.628,38.522],[23.628,38.515],[23.636,38.501],[23.623,38.485],[23.604,38.468],[23.594,38.453],[23.602,38.452],[23.607,38.454],[23.611,38.457],[23.614,38.461],[23.639,38.416],[23.649,38.406],[23.663,38.404],[23.695,38.411],[23.71,38.413],[23.779,38.399],[23.794,38.399],[23.824,38.404],[23.844,38.406],[23.858,38.404],[23.892,38.394],[23.912,38.392],[23.981,38.399],[24.039,38.395],[24.042,38.402],[24.049,38.395],[24.059,38.378],[24.058,38.376],[24.057,38.369],[24.059,38.36],[24.067,38.351],[24.06,38.341],[24.05,38.336],[24.025,38.331],[24.055,38.329],[24.079,38.325],[24.101,38.319],[24.122,38.309],[24.101,38.275],[24.115,38.275],[24.115,38.268],[24.112,38.265],[24.109,38.261],[24.109,38.256],[24.118,38.254],[24.126,38.256],[24.127,38.26],[24.127,38.265],[24.128,38.268],[24.138,38.274],[24.146,38.281],[24.153,38.281],[24.163,38.268],[24.149,38.257],[24.131,38.236],[24.126,38.217],[24.149,38.213],[24.143,38.227],[24.157,38.23],[24.173,38.227],[24.185,38.218],[24.194,38.192],[24.209,38.179],[24.211,38.166],[24.206,38.157],[24.187,38.142],[24.183,38.135],[24.186,38.127],[24.203,38.13],[24.211,38.124],[24.211,38.098],[24.207,38.097],[24.205,38.097],[24.204,38.095],[24.204,38.09],[24.213,38.096],[24.218,38.097],[24.231,38.09],[24.249,38.097],[24.269,38.095],[24.286,38.086],[24.292,38.07],[24.306,38.072],[24.315,38.065],[24.327,38.043],[24.314,38.035],[24.314,38.029],[24.32,38.023],[24.327,38.015],[24.334,38.003],[24.339,37.997],[24.357,37.98],[24.372,37.972],[24.387,37.97],[24.402,37.98],[24.402,37.988],[24.386,37.997],[24.403,38.012],[24.43,38.021],[24.444,38.012],[24.448,38.011],[24.471,37.98],[24.473,37.968],[24.477,37.962],[24.488,37.96],[24.509,37.963],[24.532,37.969],[24.552,37.978],[24.567,37.988],[24.576,38.004],[24.586,38.048],[24.594,38.062],[24.58,38.084],[24.579,38.109],[24.588,38.159],[24.497,38.146],[24.478,38.139],[24.461,38.144],[24.421,38.147],[24.393,38.164],[24.379,38.164],[24.344,38.159],[24.338,38.163],[24.333,38.171],[24.33,38.18],[24.327,38.186],[24.292,38.2],[24.265,38.216],[24.252,38.228],[24.245,38.241],[24.248,38.246],[24.258,38.259],[24.253,38.266],[24.252,38.275],[24.252,38.292],[24.25,38.295],[24.245,38.298],[24.24,38.303],[24.238,38.313],[24.215,38.336],[24.213,38.35],[24.213,38.366],[24.211,38.378],[24.188,38.399],[24.185,38.408],[24.204,38.413],[24.204,38.419],[24.184,38.44],[24.188,38.474],[24.207,38.507],[24.231,38.522],[24.216,38.54],[24.126,38.599],[24.121,38.608],[24.122,38.625],[24.126,38.635],[24.135,38.644],[24.145,38.65],[24.156,38.653],[24.136,38.662],[24.073,38.679],[24.052,38.68],[24.029,38.678],[24.006,38.678],[23.984,38.686],[23.967,38.67],[23.948,38.669],[23.928,38.675],[23.906,38.679],[23.858,38.683],[23.813,38.694],[23.774,38.708],[23.754,38.719],[23.745,38.731],[23.738,38.749],[23.723,38.762],[23.703,38.765],[23.683,38.755],[23.673,38.76],[23.662,38.755],[23.648,38.761],[23.62,38.766],[23.608,38.776],[23.6,38.77],[23.594,38.77],[23.591,38.774],[23.594,38.782],[23.594,38.789],[23.568,38.794],[23.525,38.823],[23.48,38.838],[23.462,38.856],[23.451,38.875],[23.45,38.885],[23.442,38.898],[23.426,38.944],[23.426,38.954],[23.405,38.958],[23.385,38.968],[23.374,38.982],[23.382,39.002],[23.372,39.01],[23.358,39.017],[23.343,39.021],[23.33,39.022],[23.324,39.025],[23.309,39.038],[23.299,39.042],[23.273,39.039],[23.221,39.015],[23.2,39.009],[23.138,39.009],[23.127,39.006],[23.109,38.992],[23.094,38.988],[23.097,38.981],[23.097,38.972],[23.094,38.963],[23.087,38.954],[23.078,38.951],[23.057,38.95],[23.046,38.947],[23.044,38.943],[23.039,38.929],[23.036,38.926],[23.012,38.92],[22.983,38.908],[22.953,38.902],[22.907,38.882],[22.885,38.878],[22.875,38.875],[22.851,38.861],[22.844,38.858],[22.837,38.854],[22.834,38.845],[22.832,38.834]]],[[[22.9,36.328],[22.903,36.319],[22.909,36.308],[22.916,36.285],[22.917,36.262],[22.909,36.206],[22.915,36.201],[22.924,36.184],[22.929,36.178],[22.932,36.177],[22.946,36.178],[22.95,36.176],[22.95,36.172],[22.948,36.168],[22.95,36.165],[22.977,36.158],[22.988,36.152],[22.991,36.137],[23.002,36.147],[23.014,36.148],[23.032,36.144],[23.047,36.143],[23.052,36.145],[23.054,36.203],[23.058,36.216],[23.066,36.226],[23.083,36.232],[23.098,36.233],[23.104,36.237],[23.094,36.254],[23.077,36.271],[23.012,36.308],[22.996,36.324],[22.956,36.383],[22.945,36.389],[22.933,36.381],[22.902,36.338],[22.9,36.328]]],[[[22.925,36.469],[22.932,36.465],[22.941,36.466],[22.947,36.473],[22.952,36.475],[22.966,36.476],[22.97,36.475],[22.974,36.466],[22.978,36.464],[22.986,36.458],[22.988,36.464],[22.989,36.47],[22.986,36.476],[22.984,36.481],[22.985,36.485],[22.982,36.499],[22.977,36.507],[22.97,36.511],[22.962,36.51],[22.953,36.505],[22.946,36.5],[22.942,36.491],[22.939,36.489],[22.935,36.489],[22.929,36.484],[22.925,36.476],[22.925,36.469]]],[[[23.094,37.275],[23.109,37.264],[23.119,37.253],[23.131,37.244],[23.152,37.24],[23.162,37.244],[23.165,37.254],[23.162,37.264],[23.158,37.271],[23.151,37.277],[23.134,37.285],[23.128,37.288],[23.119,37.288],[23.11,37.285],[23.101,37.281],[23.094,37.275]]],[[[23.272,35.904],[23.281,35.882],[23.287,35.871],[23.296,35.86],[23.321,35.839],[23.326,35.829],[23.333,35.829],[23.331,35.865],[23.316,35.88],[23.296,35.886],[23.278,35.897],[23.277,35.901],[23.277,35.903],[23.276,35.905],[23.272,35.904]]],[[[23.374,37.303],[23.396,37.303],[23.454,37.316],[23.476,37.317],[23.497,37.32],[23.509,37.33],[23.505,37.35],[23.523,37.347],[23.548,37.35],[23.571,37.358],[23.587,37.371],[23.553,37.371],[23.533,37.364],[23.488,37.364],[23.464,37.357],[23.374,37.31],[23.374,37.303]]],[[[23.395,39.146],[23.404,39.149],[23.415,39.15],[23.425,39.149],[23.436,39.146],[23.445,39.142],[23.453,39.133],[23.46,39.132],[23.475,39.158],[23.489,39.169],[23.505,39.159],[23.513,39.179],[23.504,39.194],[23.487,39.206],[23.47,39.214],[23.458,39.208],[23.445,39.198],[23.434,39.187],[23.429,39.176],[23.424,39.172],[23.411,39.17],[23.399,39.164],[23.395,39.146]]],[[[23.402,37.906],[23.408,37.899],[23.421,37.893],[23.452,37.885],[23.467,37.884],[23.481,37.89],[23.492,37.9],[23.501,37.906],[23.512,37.899],[23.518,37.899],[23.522,37.914],[23.543,37.929],[23.539,37.94],[23.573,37.953],[23.546,37.953],[23.546,37.958],[23.547,37.959],[23.541,37.962],[23.535,37.968],[23.533,37.975],[23.532,37.98],[23.537,37.988],[23.531,37.995],[23.518,37.999],[23.495,38.002],[23.486,38.001],[23.478,37.999],[23.47,37.994],[23.475,37.99],[23.475,37.989],[23.473,37.988],[23.47,37.98],[23.462,37.986],[23.452,37.988],[23.441,37.989],[23.429,37.988],[23.444,37.979],[23.457,37.974],[23.422,37.96],[23.433,37.96],[23.452,37.954],[23.46,37.953],[23.469,37.955],[23.477,37.961],[23.486,37.966],[23.498,37.967],[23.492,37.956],[23.482,37.942],[23.469,37.932],[23.439,37.94],[23.423,37.933],[23.409,37.922],[23.402,37.912],[23.402,37.906]]],[[[23.424,37.762],[23.427,37.748],[23.434,37.734],[23.447,37.727],[23.459,37.723],[23.468,37.715],[23.469,37.705],[23.457,37.699],[23.457,37.692],[23.471,37.688],[23.477,37.685],[23.484,37.679],[23.495,37.683],[23.517,37.688],[23.526,37.692],[23.53,37.703],[23.53,37.715],[23.532,37.725],[23.546,37.733],[23.545,37.745],[23.557,37.758],[23.563,37.768],[23.546,37.774],[23.426,37.768],[23.424,37.762]]],[[[23.436,37.522],[23.456,37.513],[23.481,37.51],[23.506,37.513],[23.526,37.522],[23.526,37.528],[23.512,37.529],[23.501,37.533],[23.492,37.539],[23.484,37.549],[23.483,37.552],[23.483,37.555],[23.482,37.556],[23.477,37.556],[23.475,37.541],[23.465,37.534],[23.436,37.528],[23.436,37.522]]],[[[23.45,36.929],[23.453,36.921],[23.452,36.916],[23.455,36.915],[23.455,36.913],[23.458,36.906],[23.464,36.904],[23.467,36.906],[23.464,36.917],[23.46,36.921],[23.456,36.928],[23.45,36.929]]],[[[23.518,35.294],[23.531,35.288],[23.539,35.281],[23.545,35.274],[23.553,35.267],[23.559,35.265],[23.573,35.263],[23.58,35.26],[23.584,35.254],[23.582,35.245],[23.587,35.239],[23.611,35.235],[23.669,35.237],[23.683,35.226],[23.712,35.237],[23.782,35.235],[23.799,35.246],[23.806,35.245],[23.812,35.245],[23.818,35.247],[23.827,35.253],[23.86,35.236],[23.902,35.231],[23.988,35.233],[24.003,35.227],[24.031,35.198],[24.05,35.191],[24.076,35.195],[24.081,35.195],[24.085,35.205],[24.094,35.205],[24.111,35.198],[24.183,35.198],[24.188,35.199],[24.192,35.202],[24.197,35.205],[24.204,35.205],[24.205,35.203],[24.209,35.199],[24.213,35.194],[24.218,35.191],[24.293,35.182],[24.402,35.191],[24.402,35.185],[24.404,35.175],[24.464,35.15],[24.481,35.156],[24.501,35.152],[24.519,35.144],[24.532,35.136],[24.553,35.115],[24.565,35.106],[24.574,35.109],[24.58,35.109],[24.595,35.102],[24.619,35.097],[24.708,35.096],[24.718,35.094],[24.725,35.089],[24.73,35.085],[24.735,35.082],[24.743,35.077],[24.75,35.065],[24.756,35.051],[24.759,35.041],[24.76,35.027],[24.754,35.008],[24.752,34.996],[24.755,34.958],[24.752,34.946],[24.739,34.938],[24.739,34.932],[24.984,34.939],[25.003,34.937],[25.019,34.932],[25.045,34.941],[25.06,34.944],[25.077,34.945],[25.085,34.943],[25.091,34.94],[25.097,34.938],[25.108,34.938],[25.115,34.94],[25.123,34.948],[25.129,34.951],[25.151,34.956],[25.208,34.951],[25.223,34.954],[25.28,34.973],[25.295,34.981],[25.304,34.985],[25.328,34.987],[25.348,34.992],[25.415,34.994],[25.506,34.985],[25.523,34.989],[25.538,34.997],[25.601,35.014],[25.808,35.006],[25.882,35.027],[25.924,35.034],[25.96,35.029],[25.968,35.031],[25.977,35.037],[25.985,35.039],[25.993,35.037],[26.002,35.031],[26.02,35.021],[26.038,35.021],[26.058,35.023],[26.082,35.02],[26.089,35.016],[26.104,35.002],[26.105,34.999],[26.133,34.999],[26.147,35.002],[26.205,35.024],[26.214,35.028],[26.224,35.032],[26.235,35.034],[26.241,35.039],[26.251,35.063],[26.256,35.072],[26.267,35.084],[26.278,35.1],[26.287,35.118],[26.294,35.136],[26.285,35.151],[26.295,35.166],[26.312,35.182],[26.321,35.198],[26.299,35.186],[26.284,35.208],[26.266,35.26],[26.281,35.274],[26.298,35.285],[26.312,35.297],[26.321,35.315],[26.294,35.315],[26.296,35.312],[26.299,35.304],[26.301,35.301],[26.297,35.301],[26.286,35.301],[26.294,35.288],[26.26,35.284],[26.238,35.269],[26.218,35.247],[26.191,35.226],[26.193,35.222],[26.193,35.221],[26.198,35.219],[26.179,35.207],[26.155,35.198],[26.13,35.196],[26.108,35.205],[26.12,35.215],[26.081,35.224],[26.067,35.233],[26.061,35.233],[26.055,35.227],[26.049,35.227],[26.043,35.228],[26.033,35.226],[26.026,35.222],[26.017,35.215],[25.985,35.198],[25.979,35.195],[25.941,35.189],[25.909,35.187],[25.897,35.185],[25.896,35.182],[25.883,35.164],[25.873,35.159],[25.868,35.157],[25.859,35.157],[25.848,35.151],[25.83,35.122],[25.818,35.116],[25.795,35.115],[25.783,35.118],[25.77,35.127],[25.753,35.133],[25.739,35.131],[25.729,35.133],[25.725,35.154],[25.721,35.164],[25.714,35.174],[25.713,35.183],[25.725,35.191],[25.719,35.211],[25.727,35.226],[25.735,35.237],[25.732,35.246],[25.74,35.254],[25.745,35.257],[25.748,35.256],[25.753,35.253],[25.759,35.26],[25.754,35.264],[25.754,35.267],[25.759,35.274],[25.751,35.284],[25.743,35.285],[25.738,35.277],[25.739,35.26],[25.729,35.265],[25.725,35.271],[25.726,35.279],[25.732,35.288],[25.725,35.294],[25.748,35.311],[25.759,35.322],[25.766,35.336],[25.708,35.336],[25.693,35.338],[25.671,35.347],[25.66,35.349],[25.639,35.346],[25.482,35.297],[25.454,35.294],[25.425,35.3],[25.408,35.313],[25.394,35.329],[25.376,35.343],[25.369,35.336],[25.362,35.343],[25.346,35.336],[25.332,35.337],[25.307,35.343],[25.252,35.336],[25.221,35.336],[25.212,35.338],[25.205,35.342],[25.201,35.347],[25.197,35.349],[25.182,35.35],[25.153,35.345],[25.107,35.342],[25.077,35.344],[25.055,35.355],[25.047,35.38],[25.049,35.387],[25.052,35.392],[25.055,35.397],[25.053,35.404],[25.047,35.406],[25.03,35.403],[25.019,35.415],[24.971,35.425],[24.97,35.416],[24.967,35.413],[24.963,35.41],[24.958,35.404],[24.896,35.425],[24.867,35.416],[24.85,35.41],[24.841,35.404],[24.82,35.413],[24.721,35.427],[24.698,35.427],[24.677,35.423],[24.656,35.418],[24.594,35.391],[24.567,35.384],[24.485,35.372],[24.464,35.362],[24.428,35.37],[24.34,35.348],[24.303,35.359],[24.293,35.364],[24.273,35.365],[24.265,35.37],[24.263,35.378],[24.265,35.414],[24.264,35.433],[24.252,35.479],[24.239,35.47],[24.223,35.461],[24.204,35.454],[24.187,35.452],[24.17,35.456],[24.137,35.475],[24.108,35.482],[24.089,35.489],[24.072,35.498],[24.067,35.507],[24.081,35.515],[24.104,35.514],[24.143,35.507],[24.164,35.508],[24.174,35.51],[24.183,35.513],[24.188,35.518],[24.196,35.532],[24.201,35.534],[24.203,35.542],[24.183,35.586],[24.16,35.597],[24.115,35.601],[24.082,35.59],[24.094,35.554],[24.068,35.555],[24.058,35.553],[24.053,35.545],[24.051,35.534],[24.045,35.528],[24.036,35.523],[24.025,35.521],[24,35.52],[23.944,35.525],[23.929,35.521],[23.901,35.527],[23.817,35.535],[23.799,35.545],[23.779,35.576],[23.778,35.584],[23.779,35.609],[23.768,35.641],[23.768,35.654],[23.779,35.664],[23.779,35.672],[23.76,35.679],[23.75,35.687],[23.742,35.687],[23.727,35.675],[23.716,35.662],[23.711,35.649],[23.714,35.635],[23.724,35.617],[23.713,35.607],[23.716,35.592],[23.725,35.574],[23.73,35.554],[23.728,35.53],[23.718,35.513],[23.703,35.503],[23.683,35.5],[23.659,35.501],[23.65,35.504],[23.642,35.507],[23.639,35.511],[23.64,35.515],[23.639,35.519],[23.632,35.521],[23.624,35.521],[23.62,35.524],[23.614,35.534],[23.608,35.552],[23.608,35.592],[23.605,35.613],[23.6,35.603],[23.58,35.576],[23.584,35.565],[23.581,35.553],[23.566,35.527],[23.571,35.523],[23.573,35.52],[23.571,35.518],[23.566,35.513],[23.566,35.507],[23.578,35.501],[23.578,35.493],[23.571,35.484],[23.561,35.458],[23.56,35.452],[23.562,35.452],[23.567,35.447],[23.571,35.441],[23.573,35.435],[23.565,35.419],[23.549,35.397],[23.539,35.374],[23.546,35.356],[23.541,35.345],[23.542,35.336],[23.547,35.329],[23.553,35.321],[23.548,35.321],[23.547,35.32],[23.547,35.318],[23.546,35.315],[23.539,35.315],[23.533,35.314],[23.518,35.308],[23.518,35.303],[23.519,35.302],[23.522,35.302],[23.526,35.301],[23.518,35.294]]],[[[23.587,39.208],[23.617,39.169],[23.621,39.156],[23.628,39.147],[23.659,39.123],[23.67,39.118],[23.67,39.111],[23.658,39.104],[23.658,39.098],[23.666,39.093],[23.693,39.089],[23.707,39.08],[23.717,39.077],[23.741,39.08],[23.76,39.091],[23.793,39.118],[23.793,39.124],[23.773,39.129],[23.746,39.129],[23.727,39.131],[23.73,39.146],[23.697,39.155],[23.666,39.17],[23.638,39.188],[23.614,39.208],[23.609,39.208],[23.605,39.208],[23.602,39.209],[23.601,39.214],[23.587,39.208]]],[[[23.752,37.77],[23.752,37.769],[23.754,37.765],[23.757,37.763],[23.763,37.764],[23.767,37.77],[23.764,37.776],[23.755,37.775],[23.757,37.772],[23.757,37.77],[23.753,37.77],[23.752,37.77]]],[[[23.834,39.146],[23.865,39.144],[23.896,39.162],[23.922,39.19],[23.937,39.221],[23.95,39.229],[23.967,39.251],[23.972,39.272],[23.95,39.275],[23.954,39.279],[23.955,39.282],[23.956,39.286],[23.957,39.289],[23.94,39.28],[23.889,39.217],[23.873,39.18],[23.861,39.169],[23.847,39.16],[23.834,39.146]]],[[[23.877,36.844],[23.877,36.836],[23.884,36.832],[23.889,36.834],[23.887,36.839],[23.884,36.844],[23.877,36.844]]],[[[23.884,40.331],[23.887,40.327],[23.906,40.321],[23.91,40.322],[23.913,40.32],[23.917,40.316],[23.937,40.309],[23.941,40.31],[23.942,40.314],[23.933,40.318],[23.924,40.32],[23.92,40.323],[23.918,40.334],[23.912,40.341],[23.906,40.342],[23.89,40.337],[23.884,40.331]]],[[[23.897,37.49],[23.915,37.48],[23.926,37.467],[23.934,37.463],[23.94,37.462],[23.943,37.463],[23.941,37.468],[23.937,37.473],[23.934,37.479],[23.92,37.488],[23.908,37.49],[23.898,37.494],[23.897,37.49]]],[[[23.936,37.646],[23.941,37.642],[23.952,37.642],[23.96,37.643],[23.96,37.651],[23.953,37.657],[23.949,37.657],[23.939,37.657],[23.936,37.646]]],[[[24.042,39.331],[24.046,39.323],[24.056,39.319],[24.059,39.314],[24.055,39.312],[24.054,39.305],[24.063,39.297],[24.082,39.305],[24.094,39.33],[24.095,39.346],[24.091,39.349],[24.081,39.352],[24.074,39.349],[24.07,39.346],[24.069,39.353],[24.067,39.363],[24.059,39.361],[24.051,39.352],[24.045,39.341],[24.042,39.331]]],[[[24.046,34.849],[24.086,34.826],[24.109,34.817],[24.135,34.815],[24.135,34.822],[24.126,34.827],[24.121,34.836],[24.122,34.847],[24.128,34.855],[24.128,34.863],[24.105,34.868],[24.093,34.87],[24.081,34.869],[24.074,34.863],[24.067,34.858],[24.058,34.855],[24.046,34.855],[24.046,34.849]]],[[[24.099,39.055],[24.1,39.055],[24.106,39.059],[24.113,39.059],[24.124,39.063],[24.124,39.067],[24.124,39.072],[24.119,39.075],[24.117,39.074],[24.114,39.077],[24.115,39.08],[24.118,39.091],[24.115,39.096],[24.118,39.099],[24.117,39.103],[24.109,39.102],[24.104,39.1],[24.099,39.092],[24.103,39.077],[24.11,39.07],[24.105,39.065],[24.101,39.061],[24.099,39.055]]],[[[24.1,37.659],[24.101,37.651],[24.105,37.645],[24.107,37.647],[24.107,37.652],[24.11,37.655],[24.114,37.663],[24.118,37.668],[24.126,37.685],[24.126,37.688],[24.131,37.697],[24.133,37.706],[24.137,37.714],[24.145,37.718],[24.149,37.723],[24.149,37.726],[24.151,37.734],[24.149,37.74],[24.146,37.745],[24.143,37.753],[24.138,37.753],[24.126,37.743],[24.1,37.659]]],[[[24.142,39.371],[24.15,39.368],[24.153,39.366],[24.153,39.362],[24.178,39.384],[24.18,39.387],[24.183,39.394],[24.176,39.424],[24.173,39.427],[24.168,39.414],[24.162,39.409],[24.158,39.406],[24.155,39.401],[24.154,39.395],[24.154,39.392],[24.152,39.386],[24.144,39.377],[24.142,39.371]]],[[[24.228,37.988],[24.229,37.983],[24.24,37.978],[24.254,37.982],[24.265,37.978],[24.278,37.985],[24.283,37.998],[24.276,38.009],[24.263,38.019],[24.254,38.02],[24.243,38.013],[24.228,37.988]]],[[[24.275,37.546],[24.275,37.532],[24.293,37.526],[24.313,37.538],[24.341,37.57],[24.37,37.595],[24.396,37.625],[24.403,37.656],[24.375,37.686],[24.369,37.685],[24.365,37.686],[24.362,37.685],[24.361,37.679],[24.354,37.679],[24.348,37.685],[24.34,37.686],[24.33,37.684],[24.321,37.679],[24.321,37.673],[24.324,37.672],[24.334,37.673],[24.328,37.665],[24.321,37.658],[24.306,37.661],[24.289,37.645],[24.278,37.623],[24.279,37.604],[24.28,37.596],[24.275,37.546]]],[[[24.312,39.335],[24.315,39.333],[24.321,39.331],[24.33,39.354],[24.331,39.364],[24.323,39.369],[24.317,39.357],[24.314,39.346],[24.312,39.335]]],[[[24.323,36.665],[24.327,36.651],[24.365,36.663],[24.485,36.665],[24.518,36.674],[24.538,36.681],[24.546,36.689],[24.543,36.743],[24.546,36.754],[24.533,36.768],[24.513,36.764],[24.474,36.747],[24.45,36.753],[24.433,36.765],[24.42,36.771],[24.409,36.761],[24.409,36.754],[24.419,36.745],[24.427,36.734],[24.437,36.727],[24.451,36.734],[24.459,36.727],[24.469,36.715],[24.471,36.704],[24.461,36.699],[24.427,36.699],[24.407,36.707],[24.395,36.736],[24.382,36.734],[24.373,36.738],[24.365,36.743],[24.359,36.748],[24.354,36.754],[24.345,36.746],[24.337,36.728],[24.327,36.72],[24.331,36.718],[24.341,36.712],[24.336,36.708],[24.331,36.702],[24.327,36.699],[24.331,36.687],[24.323,36.665]]],[[[24.343,38.834],[24.35,38.831],[24.358,38.828],[24.36,38.829],[24.365,38.832],[24.368,38.835],[24.372,38.834],[24.373,38.841],[24.37,38.843],[24.362,38.847],[24.356,38.851],[24.352,38.85],[24.35,38.847],[24.344,38.841],[24.343,38.834]]],[[[24.368,37.31],[24.389,37.314],[24.412,37.324],[24.43,37.339],[24.444,37.35],[24.446,37.366],[24.453,37.383],[24.463,37.394],[24.478,37.391],[24.483,37.412],[24.469,37.427],[24.431,37.446],[24.434,37.451],[24.441,37.465],[24.444,37.473],[24.444,37.487],[24.436,37.487],[24.42,37.472],[24.396,37.457],[24.375,37.438],[24.368,37.412],[24.385,37.417],[24.395,37.412],[24.397,37.402],[24.388,37.391],[24.388,37.385],[24.393,37.383],[24.398,37.379],[24.402,37.377],[24.402,37.371],[24.386,37.361],[24.377,37.345],[24.368,37.31]]],[[[24.419,37.136],[24.423,37.124],[24.428,37.13],[24.434,37.134],[24.442,37.134],[24.451,37.13],[24.456,37.136],[24.459,37.137],[24.462,37.133],[24.464,37.124],[24.473,37.128],[24.481,37.13],[24.49,37.128],[24.498,37.124],[24.495,37.123],[24.493,37.123],[24.491,37.122],[24.491,37.118],[24.494,37.115],[24.495,37.114],[24.496,37.113],[24.498,37.11],[24.508,37.116],[24.515,37.123],[24.519,37.132],[24.519,37.144],[24.526,37.144],[24.532,37.13],[24.535,37.148],[24.535,37.168],[24.532,37.186],[24.526,37.2],[24.521,37.204],[24.515,37.206],[24.51,37.205],[24.505,37.2],[24.498,37.2],[24.486,37.206],[24.468,37.202],[24.436,37.185],[24.444,37.179],[24.435,37.175],[24.433,37.172],[24.436,37.165],[24.428,37.16],[24.423,37.155],[24.424,37.15],[24.431,37.144],[24.422,37.138],[24.419,37.136]]],[[[24.435,38.888],[24.436,38.878],[24.445,38.884],[24.455,38.885],[24.463,38.88],[24.471,38.871],[24.474,38.876],[24.478,38.878],[24.483,38.863],[24.505,38.855],[24.505,38.844],[24.517,38.85],[24.528,38.852],[24.537,38.848],[24.54,38.837],[24.546,38.837],[24.557,38.846],[24.564,38.839],[24.574,38.81],[24.532,38.796],[24.567,38.763],[24.57,38.778],[24.582,38.787],[24.595,38.792],[24.601,38.793],[24.605,38.783],[24.614,38.773],[24.625,38.769],[24.635,38.776],[24.642,38.776],[24.65,38.768],[24.657,38.769],[24.664,38.775],[24.67,38.782],[24.676,38.784],[24.68,38.783],[24.683,38.784],[24.684,38.793],[24.683,38.8],[24.681,38.804],[24.679,38.807],[24.677,38.81],[24.663,38.827],[24.643,38.842],[24.601,38.864],[24.584,38.871],[24.579,38.876],[24.574,38.885],[24.573,38.899],[24.576,38.923],[24.574,38.933],[24.561,38.944],[24.491,38.981],[24.471,38.977],[24.461,38.968],[24.458,38.955],[24.457,38.94],[24.462,38.922],[24.462,38.911],[24.454,38.906],[24.446,38.903],[24.439,38.897],[24.435,38.888]]],[[[24.512,40.667],[24.517,40.639],[24.531,40.631],[24.553,40.63],[24.58,40.625],[24.587,40.622],[24.601,40.612],[24.601,40.61],[24.6,40.601],[24.601,40.599],[24.604,40.598],[24.612,40.599],[24.615,40.599],[24.631,40.587],[24.638,40.58],[24.642,40.571],[24.657,40.577],[24.682,40.595],[24.694,40.599],[24.727,40.603],[24.744,40.608],[24.752,40.616],[24.756,40.62],[24.773,40.611],[24.78,40.612],[24.782,40.62],[24.78,40.628],[24.773,40.639],[24.766,40.67],[24.769,40.683],[24.786,40.688],[24.786,40.708],[24.767,40.711],[24.759,40.723],[24.765,40.734],[24.786,40.735],[24.783,40.742],[24.775,40.749],[24.766,40.754],[24.756,40.756],[24.744,40.759],[24.738,40.768],[24.736,40.777],[24.732,40.784],[24.715,40.788],[24.675,40.792],[24.642,40.804],[24.567,40.756],[24.533,40.718],[24.518,40.693],[24.512,40.667]]],[[[24.521,36.817],[24.524,36.81],[24.53,36.804],[24.532,36.792],[24.54,36.784],[24.556,36.78],[24.573,36.782],[24.6,36.822],[24.608,36.829],[24.608,36.836],[24.603,36.837],[24.602,36.838],[24.603,36.84],[24.601,36.843],[24.592,36.837],[24.586,36.836],[24.58,36.839],[24.574,36.843],[24.562,36.846],[24.547,36.842],[24.534,36.836],[24.526,36.829],[24.521,36.817]]],[[[24.608,36.781],[24.63,36.758],[24.645,36.747],[24.659,36.751],[24.668,36.764],[24.666,36.775],[24.656,36.783],[24.642,36.789],[24.644,36.793],[24.639,36.795],[24.622,36.795],[24.608,36.781]]],[[[24.642,37.028],[24.654,37.024],[24.666,37.007],[24.677,37],[24.677,36.994],[24.669,36.978],[24.679,36.951],[24.696,36.923],[24.711,36.904],[24.745,36.936],[24.749,36.939],[24.763,36.945],[24.766,36.949],[24.765,36.957],[24.752,36.986],[24.716,37.02],[24.704,37.035],[24.698,37.035],[24.689,37.029],[24.68,37.033],[24.656,37.049],[24.642,37.049],[24.643,37.044],[24.643,37.043],[24.646,37.043],[24.65,37.042],[24.644,37.036],[24.643,37.033],[24.642,37.028]]],[[[24.66,37.607],[24.672,37.6],[24.718,37.594],[24.741,37.596],[24.738,37.608],[24.739,37.614],[24.741,37.626],[24.733,37.632],[24.716,37.631],[24.704,37.625],[24.694,37.615],[24.678,37.609],[24.66,37.607]]],[[[24.684,37.933],[24.695,37.925],[24.709,37.907],[24.718,37.899],[24.712,37.884],[24.716,37.879],[24.725,37.882],[24.732,37.892],[24.739,37.892],[24.754,37.876],[24.776,37.862],[24.794,37.844],[24.8,37.816],[24.817,37.824],[24.828,37.817],[24.844,37.792],[24.855,37.781],[24.865,37.774],[24.877,37.77],[24.892,37.768],[24.897,37.762],[24.916,37.72],[24.927,37.71],[24.95,37.696],[24.958,37.686],[24.964,37.686],[24.96,37.703],[24.958,37.707],[24.971,37.719],[24.986,37.736],[24.994,37.754],[24.992,37.768],[24.98,37.774],[24.964,37.769],[24.958,37.774],[24.958,37.781],[24.966,37.788],[24.972,37.796],[24.971,37.809],[24.976,37.81],[24.978,37.811],[24.985,37.816],[24.943,37.843],[24.959,37.876],[24.964,37.897],[24.954,37.906],[24.875,37.906],[24.848,37.915],[24.841,37.919],[24.838,37.925],[24.83,37.948],[24.831,37.953],[24.835,37.956],[24.83,37.963],[24.821,37.97],[24.811,37.974],[24.801,37.974],[24.795,37.977],[24.792,37.983],[24.794,37.994],[24.779,38],[24.757,37.997],[24.702,37.973],[24.694,37.966],[24.69,37.956],[24.693,37.947],[24.697,37.94],[24.696,37.936],[24.684,37.933]]],[[[24.841,36.665],[24.85,36.647],[24.863,36.638],[24.879,36.633],[24.896,36.624],[24.923,36.602],[24.938,36.598],[24.964,36.596],[24.964,36.603],[24.948,36.624],[24.868,36.665],[24.862,36.666],[24.841,36.665]]],[[[24.861,37.398],[24.882,37.398],[24.889,37.398],[24.889,37.391],[24.885,37.386],[24.882,37.38],[24.881,37.373],[24.882,37.364],[24.896,37.372],[24.957,37.397],[24.964,37.402],[24.966,37.408],[24.964,37.418],[24.959,37.425],[24.952,37.43],[24.946,37.433],[24.943,37.435],[24.945,37.443],[24.955,37.453],[24.958,37.46],[24.955,37.471],[24.948,37.486],[24.939,37.5],[24.93,37.508],[24.905,37.511],[24.895,37.51],[24.896,37.502],[24.902,37.48],[24.903,37.466],[24.898,37.449],[24.887,37.435],[24.868,37.432],[24.878,37.427],[24.882,37.426],[24.874,37.421],[24.868,37.415],[24.864,37.407],[24.861,37.398]]],[[[24.974,39.515],[24.985,39.467],[24.992,39.467],[25.04,39.521],[25.047,39.545],[25.012,39.564],[25.003,39.563],[24.997,39.562],[24.994,39.558],[24.998,39.55],[24.977,39.538],[24.974,39.515]]],[[[24.981,37.67],[24.984,37.658],[24.991,37.646],[24.998,37.638],[25.009,37.632],[25.047,37.617],[25.081,37.587],[25.091,37.583],[25.103,37.578],[25.116,37.56],[25.125,37.556],[25.142,37.553],[25.17,37.539],[25.216,37.533],[25.227,37.537],[25.235,37.563],[25.259,37.59],[25.257,37.6],[25.253,37.609],[25.247,37.615],[25.239,37.617],[25.246,37.624],[25.223,37.63],[25.193,37.641],[25.165,37.646],[25.149,37.631],[25.14,37.643],[25.123,37.652],[25.104,37.654],[25.088,37.645],[25.083,37.65],[25.077,37.655],[25.07,37.658],[25.06,37.658],[25.06,37.665],[25.067,37.665],[25.067,37.673],[25.058,37.677],[25.053,37.679],[24.998,37.682],[24.985,37.679],[24.981,37.67]]],[[[25.026,37.008],[25.031,36.989],[25.047,36.969],[25.067,36.955],[25.081,36.953],[25.072,36.964],[25.066,36.969],[25.06,36.973],[25.07,36.99],[25.088,37.042],[25.073,37.042],[25.053,37.034],[25.035,37.022],[25.026,37.008]]],[[[25.033,39.988],[25.045,39.985],[25.048,39.975],[25.046,39.962],[25.047,39.947],[25.055,39.937],[25.064,39.93],[25.068,39.921],[25.06,39.906],[25.067,39.906],[25.061,39.902],[25.058,39.9],[25.053,39.899],[25.053,39.893],[25.06,39.893],[25.06,39.885],[25.053,39.883],[25.047,39.879],[25.049,39.874],[25.047,39.866],[25.055,39.864],[25.062,39.86],[25.067,39.858],[25.059,39.854],[25.054,39.849],[25.05,39.844],[25.047,39.838],[25.053,39.838],[25.064,39.844],[25.122,39.858],[25.124,39.853],[25.127,39.85],[25.128,39.845],[25.129,39.838],[25.136,39.838],[25.142,39.846],[25.154,39.856],[25.165,39.859],[25.17,39.848],[25.166,39.845],[25.143,39.817],[25.175,39.807],[25.193,39.804],[25.215,39.803],[25.221,39.81],[25.215,39.825],[25.202,39.841],[25.191,39.852],[25.188,39.849],[25.186,39.848],[25.177,39.845],[25.185,39.86],[25.194,39.874],[25.207,39.883],[25.225,39.885],[25.22,39.889],[25.214,39.892],[25.206,39.893],[25.197,39.893],[25.239,39.92],[25.251,39.919],[25.264,39.913],[25.275,39.904],[25.28,39.889],[25.274,39.88],[25.262,39.87],[25.239,39.858],[25.257,39.856],[25.273,39.836],[25.29,39.831],[25.294,39.826],[25.294,39.817],[25.295,39.808],[25.304,39.803],[25.332,39.796],[25.338,39.794],[25.349,39.788],[25.353,39.793],[25.354,39.803],[25.355,39.81],[25.364,39.816],[25.369,39.816],[25.37,39.817],[25.369,39.825],[25.361,39.834],[25.348,39.844],[25.343,39.855],[25.355,39.866],[25.34,39.874],[25.342,39.884],[25.353,39.893],[25.369,39.899],[25.362,39.9],[25.348,39.906],[25.355,39.913],[25.364,39.917],[25.375,39.92],[25.389,39.92],[25.386,39.944],[25.402,39.964],[25.427,39.978],[25.45,39.988],[25.447,39.993],[25.446,40.003],[25.443,40.012],[25.443,40.015],[25.442,40.017],[25.437,40.016],[25.437,40.023],[25.441,40.026],[25.45,40.036],[25.422,40.024],[25.413,40.023],[25.386,40.022],[25.382,40.023],[25.369,40.014],[25.348,39.99],[25.348,39.982],[25.334,39.972],[25.307,39.96],[25.285,39.953],[25.287,39.961],[25.272,39.976],[25.261,39.991],[25.247,40.002],[25.225,40.009],[25.172,39.997],[25.156,39.995],[25.153,39.998],[25.149,40.002],[25.142,40.007],[25.132,40.009],[25.069,39.997],[25.033,39.995],[25.033,39.988]]],[[[25.067,36.638],[25.093,36.637],[25.13,36.66],[25.183,36.706],[25.182,36.712],[25.183,36.716],[25.186,36.719],[25.146,36.72],[25.136,36.717],[25.116,36.703],[25.105,36.699],[25.067,36.638]]],[[[25.103,37.024],[25.103,37.013],[25.112,37.008],[25.122,37.005],[25.143,36.99],[25.153,36.987],[25.188,36.985],[25.204,36.989],[25.232,37.005],[25.245,37.015],[25.252,37.021],[25.259,37.031],[25.263,37.04],[25.269,37.046],[25.28,37.049],[25.28,37.055],[25.266,37.055],[25.266,37.062],[25.28,37.062],[25.28,37.069],[25.263,37.076],[25.263,37.09],[25.28,37.124],[25.284,37.129],[25.288,37.137],[25.291,37.144],[25.293,37.152],[25.28,37.153],[25.266,37.152],[25.27,37.142],[25.273,37.138],[25.259,37.124],[25.232,37.128],[25.224,37.134],[25.239,37.152],[25.21,37.144],[25.179,37.129],[25.15,37.111],[25.136,37.094],[25.142,37.095],[25.149,37.093],[25.156,37.09],[25.125,37.075],[25.113,37.063],[25.103,37.024]]],[[[25.184,35.444],[25.187,35.441],[25.205,35.437],[25.209,35.433],[25.212,35.434],[25.216,35.437],[25.227,35.432],[25.234,35.431],[25.237,35.427],[25.239,35.428],[25.24,35.437],[25.246,35.45],[25.231,35.459],[25.223,35.464],[25.213,35.462],[25.208,35.458],[25.207,35.456],[25.199,35.455],[25.195,35.453],[25.186,35.448],[25.184,35.444]]],[[[25.252,36.727],[25.271,36.726],[25.28,36.727],[25.278,36.724],[25.276,36.723],[25.275,36.722],[25.273,36.72],[25.338,36.668],[25.373,36.654],[25.395,36.679],[25.395,36.685],[25.389,36.694],[25.39,36.704],[25.397,36.711],[25.409,36.712],[25.399,36.728],[25.384,36.735],[25.366,36.74],[25.348,36.747],[25.336,36.758],[25.32,36.782],[25.307,36.795],[25.263,36.768],[25.265,36.762],[25.262,36.75],[25.257,36.736],[25.252,36.727]]],[[[25.307,37.412],[25.383,37.42],[25.395,37.418],[25.403,37.418],[25.408,37.437],[25.424,37.441],[25.443,37.441],[25.457,37.446],[25.463,37.455],[25.466,37.463],[25.463,37.47],[25.444,37.475],[25.436,37.48],[25.431,37.485],[25.427,37.487],[25.395,37.494],[25.386,37.49],[25.382,37.47],[25.377,37.467],[25.348,37.508],[25.338,37.5],[25.324,37.495],[25.313,37.488],[25.307,37.473],[25.322,37.471],[25.326,37.463],[25.321,37.439],[25.319,37.438],[25.314,37.438],[25.309,37.436],[25.307,37.429],[25.308,37.424],[25.309,37.423],[25.309,37.42],[25.307,37.412]]],[[[25.342,37.077],[25.355,37.071],[25.367,37.06],[25.382,37.035],[25.381,37.033],[25.38,37.027],[25.381,37.019],[25.386,37.011],[25.391,37.004],[25.394,36.998],[25.393,36.992],[25.389,36.987],[25.417,36.973],[25.423,36.967],[25.426,36.959],[25.432,36.939],[25.437,36.932],[25.444,36.926],[25.448,36.925],[25.45,36.918],[25.461,36.925],[25.48,36.928],[25.491,36.932],[25.526,36.959],[25.54,36.964],[25.547,36.965],[25.553,36.969],[25.581,37.018],[25.583,37.04],[25.593,37.081],[25.595,37.1],[25.592,37.143],[25.586,37.161],[25.575,37.179],[25.55,37.194],[25.534,37.201],[25.526,37.196],[25.522,37.193],[25.502,37.192],[25.495,37.189],[25.48,37.168],[25.475,37.162],[25.409,37.124],[25.372,37.089],[25.362,37.083],[25.357,37.088],[25.352,37.089],[25.348,37.087],[25.342,37.083],[25.342,37.077]]],[[[25.362,36.357],[25.38,36.349],[25.426,36.338],[25.447,36.336],[25.465,36.342],[25.48,36.358],[25.489,36.378],[25.491,36.398],[25.479,36.424],[25.452,36.45],[25.418,36.47],[25.382,36.48],[25.378,36.478],[25.373,36.475],[25.369,36.473],[25.369,36.467],[25.407,36.458],[25.422,36.451],[25.416,36.439],[25.416,36.433],[25.425,36.427],[25.43,36.417],[25.437,36.391],[25.429,36.385],[25.419,36.37],[25.409,36.364],[25.397,36.361],[25.373,36.362],[25.362,36.357]]],[[[25.423,36.833],[25.434,36.823],[25.458,36.825],[25.478,36.835],[25.479,36.86],[25.476,36.863],[25.471,36.863],[25.478,36.871],[25.471,36.871],[25.447,36.857],[25.43,36.844],[25.423,36.833]]],[[[25.444,40.482],[25.452,40.469],[25.466,40.456],[25.533,40.415],[25.567,40.4],[25.589,40.398],[25.683,40.423],[25.695,40.433],[25.691,40.448],[25.698,40.461],[25.689,40.475],[25.672,40.487],[25.657,40.496],[25.576,40.515],[25.547,40.515],[25.52,40.508],[25.462,40.482],[25.444,40.482]]],[[[25.494,38.532],[25.501,38.53],[25.507,38.53],[25.515,38.53],[25.518,38.529],[25.523,38.533],[25.521,38.536],[25.523,38.546],[25.518,38.552],[25.508,38.553],[25.504,38.547],[25.495,38.536],[25.494,38.532]]],[[[25.523,38.597],[25.528,38.592],[25.54,38.584],[25.545,38.577],[25.557,38.568],[25.561,38.563],[25.562,38.557],[25.559,38.551],[25.557,38.545],[25.561,38.535],[25.572,38.541],[25.581,38.541],[25.591,38.537],[25.605,38.535],[25.607,38.541],[25.615,38.577],[25.619,38.578],[25.621,38.578],[25.623,38.579],[25.622,38.584],[25.595,38.604],[25.589,38.612],[25.581,38.612],[25.581,38.604],[25.575,38.604],[25.568,38.61],[25.56,38.609],[25.553,38.604],[25.547,38.597],[25.544,38.6],[25.539,38.605],[25.533,38.607],[25.526,38.604],[25.523,38.597]]],[[[25.609,36.884],[25.632,36.883],[25.655,36.879],[25.674,36.879],[25.684,36.891],[25.659,36.907],[25.65,36.912],[25.637,36.903],[25.625,36.899],[25.615,36.894],[25.609,36.884]]],[[[25.663,40.126],[25.704,40.115],[25.709,40.11],[25.721,40.105],[25.745,40.098],[25.766,40.097],[25.856,40.108],[25.9,40.123],[25.968,40.131],[25.99,40.137],[26.012,40.146],[26.012,40.167],[26.006,40.167],[25.991,40.157],[25.973,40.153],[25.963,40.157],[25.972,40.173],[25.968,40.181],[25.967,40.193],[25.969,40.206],[25.972,40.214],[25.972,40.221],[25.958,40.223],[25.95,40.23],[25.945,40.237],[25.938,40.242],[25.926,40.243],[25.913,40.241],[25.827,40.217],[25.759,40.207],[25.719,40.187],[25.686,40.161],[25.663,40.132],[25.663,40.126]]],[[[25.68,34.875],[25.685,34.87],[25.69,34.869],[25.701,34.865],[25.71,34.866],[25.718,34.869],[25.725,34.872],[25.73,34.873],[25.732,34.875],[25.732,34.879],[25.73,34.881],[25.719,34.878],[25.699,34.879],[25.688,34.881],[25.682,34.878],[25.68,34.875]]],[[[25.73,36.38],[25.732,36.373],[25.737,36.366],[25.743,36.359],[25.746,36.358],[25.751,36.358],[25.777,36.354],[25.79,36.357],[25.802,36.361],[25.818,36.364],[25.828,36.359],[25.838,36.352],[25.847,36.35],[25.855,36.364],[25.835,36.366],[25.803,36.39],[25.768,36.402],[25.759,36.396],[25.75,36.388],[25.736,36.383],[25.73,36.38]]],[[[25.739,36.795],[25.756,36.77],[25.799,36.773],[25.88,36.795],[25.894,36.803],[25.921,36.841],[25.934,36.85],[25.949,36.854],[25.991,36.879],[26.006,36.891],[26.016,36.889],[26.032,36.894],[26.05,36.897],[26.067,36.891],[26.07,36.892],[26.073,36.892],[26.075,36.893],[26.074,36.898],[26.054,36.904],[26.035,36.913],[26.019,36.925],[26.006,36.939],[25.998,36.939],[25.99,36.931],[25.978,36.925],[25.951,36.918],[25.951,36.912],[25.959,36.911],[25.963,36.909],[25.966,36.907],[25.972,36.904],[25.972,36.898],[25.857,36.851],[25.845,36.85],[25.844,36.845],[25.845,36.837],[25.852,36.831],[25.863,36.836],[25.849,36.812],[25.845,36.809],[25.823,36.809],[25.814,36.807],[25.807,36.802],[25.801,36.802],[25.789,36.809],[25.774,36.807],[25.761,36.799],[25.753,36.789],[25.739,36.795]]],[[[25.781,37.124],[25.801,37.096],[25.804,37.098],[25.805,37.098],[25.805,37.099],[25.807,37.103],[25.819,37.097],[25.829,37.097],[25.837,37.102],[25.842,37.11],[25.837,37.114],[25.828,37.124],[25.832,37.13],[25.835,37.138],[25.81,37.127],[25.797,37.123],[25.781,37.124]]],[[[25.833,38.544],[25.835,38.529],[25.843,38.515],[25.875,38.484],[25.89,38.474],[25.907,38.468],[25.921,38.466],[25.932,38.463],[25.944,38.453],[25.951,38.443],[25.956,38.428],[25.956,38.415],[25.951,38.406],[25.96,38.403],[25.967,38.399],[25.973,38.393],[25.978,38.385],[25.982,38.387],[25.983,38.387],[25.984,38.388],[25.985,38.392],[25.989,38.379],[25.987,38.355],[25.992,38.344],[25.976,38.337],[25.971,38.327],[25.971,38.314],[25.964,38.303],[25.959,38.301],[25.934,38.303],[25.923,38.292],[25.917,38.289],[25.899,38.286],[25.886,38.282],[25.876,38.275],[25.868,38.26],[25.866,38.246],[25.873,38.24],[25.89,38.248],[25.889,38.241],[25.89,38.227],[25.89,38.221],[25.894,38.222],[25.906,38.225],[25.91,38.227],[25.915,38.215],[25.924,38.203],[25.934,38.196],[25.938,38.196],[25.942,38.195],[25.965,38.172],[25.975,38.166],[25.989,38.164],[26.01,38.157],[26.02,38.159],[26.026,38.167],[26.032,38.19],[26.04,38.2],[26.088,38.213],[26.112,38.223],[26.112,38.237],[26.102,38.262],[26.114,38.284],[26.137,38.3],[26.164,38.303],[26.15,38.344],[26.139,38.419],[26.139,38.431],[26.142,38.447],[26.155,38.461],[26.154,38.467],[26.136,38.468],[26.142,38.474],[26.134,38.476],[26.13,38.478],[26.122,38.488],[26.144,38.493],[26.149,38.51],[26.151,38.53],[26.164,38.543],[26.155,38.556],[26.144,38.564],[26.131,38.567],[26.116,38.563],[26.119,38.563],[26.121,38.562],[26.123,38.561],[26.122,38.556],[26.115,38.555],[26.112,38.552],[26.111,38.547],[26.108,38.543],[26.066,38.583],[26.064,38.59],[26.016,38.602],[25.995,38.604],[25.849,38.58],[25.845,38.566],[25.838,38.555],[25.833,38.544]]],[[[25.835,39.18],[25.854,39.172],[25.889,39.145],[25.907,39.139],[25.92,39.137],[25.929,39.133],[25.944,39.124],[25.958,39.118],[26.043,39.093],[26.064,39.091],[26.083,39.095],[26.097,39.106],[26.142,39.156],[26.145,39.156],[26.16,39.183],[26.173,39.195],[26.187,39.202],[26.204,39.206],[26.226,39.208],[26.238,39.207],[26.27,39.201],[26.28,39.196],[26.29,39.187],[26.293,39.177],[26.283,39.173],[26.282,39.17],[26.252,39.152],[26.226,39.132],[26.214,39.129],[26.202,39.129],[26.191,39.128],[26.181,39.121],[26.165,39.101],[26.16,39.098],[26.122,39.091],[26.117,39.091],[26.114,39.092],[26.109,39.093],[26.102,39.091],[26.094,39.085],[26.088,39.083],[26.088,39.077],[26.104,39.075],[26.116,39.067],[26.146,39.032],[26.155,39.025],[26.166,39.022],[26.217,39.021],[26.276,39.011],[26.301,39.002],[26.326,38.988],[26.339,38.983],[26.375,38.979],[26.407,38.969],[26.424,38.967],[26.489,38.973],[26.521,38.979],[26.547,38.988],[26.545,38.996],[26.544,38.997],[26.545,38.997],[26.547,39.002],[26.547,39.009],[26.529,39.021],[26.492,39.063],[26.453,39.086],[26.437,39.104],[26.455,39.111],[26.489,39.114],[26.506,39.109],[26.513,39.094],[26.515,39.091],[26.527,39.083],[26.526,39.077],[26.52,39.066],[26.519,39.063],[26.518,39.058],[26.516,39.053],[26.518,39.048],[26.527,39.042],[26.519,39.036],[26.53,39.029],[26.539,39.019],[26.551,39.015],[26.568,39.022],[26.597,39.012],[26.61,39.023],[26.612,39.04],[26.612,39.049],[26.598,39.057],[26.579,39.075],[26.566,39.098],[26.568,39.118],[26.557,39.117],[26.551,39.119],[26.548,39.125],[26.547,39.135],[26.538,39.143],[26.531,39.151],[26.527,39.159],[26.54,39.166],[26.518,39.176],[26.505,39.185],[26.471,39.225],[26.466,39.229],[26.458,39.234],[26.424,39.245],[26.382,39.277],[26.38,39.283],[26.411,39.321],[26.417,39.33],[26.4,39.341],[26.373,39.347],[26.355,39.357],[26.362,39.379],[26.343,39.383],[26.164,39.379],[26.171,39.353],[26.173,39.335],[26.163,39.324],[26.136,39.316],[26.094,39.31],[26.073,39.303],[26.061,39.289],[26.054,39.289],[26.053,39.294],[26.047,39.303],[26.045,39.297],[26.041,39.292],[26.037,39.288],[26.033,39.283],[26.006,39.286],[25.969,39.279],[25.936,39.277],[25.924,39.297],[25.917,39.297],[25.911,39.29],[25.883,39.269],[25.876,39.266],[25.867,39.263],[25.859,39.259],[25.855,39.252],[25.855,39.242],[25.854,39.236],[25.85,39.232],[25.842,39.228],[25.846,39.226],[25.848,39.224],[25.851,39.222],[25.855,39.221],[25.852,39.211],[25.85,39.199],[25.846,39.19],[25.835,39.187],[25.835,39.18]]],[[[25.972,37.535],[25.976,37.516],[25.991,37.513],[26.03,37.522],[26.043,37.521],[26.051,37.519],[26.058,37.519],[26.067,37.522],[26.078,37.528],[26.098,37.543],[26.108,37.549],[26.128,37.556],[26.214,37.565],[26.231,37.571],[26.319,37.634],[26.345,37.659],[26.362,37.686],[26.314,37.683],[26.281,37.675],[26.254,37.652],[26.227,37.64],[26.197,37.632],[26.177,37.638],[26.156,37.633],[26.099,37.639],[26.074,37.638],[26.06,37.631],[26.042,37.617],[26.026,37.601],[26.02,37.586],[26.012,37.575],[25.98,37.549],[25.972,37.535]]],[[[25.978,39.834],[25.984,39.822],[25.997,39.814],[26.027,39.803],[26.059,39.786],[26.075,39.785],[26.082,39.8],[26.083,39.835],[26.077,39.845],[26.061,39.838],[26.056,39.843],[26.051,39.844],[26.046,39.844],[26.04,39.845],[26.004,39.845],[25.986,39.842],[25.978,39.834]]],[[[26.07,39.496],[26.074,39.475],[26.113,39.459],[26.153,39.459],[26.232,39.475],[26.243,39.468],[26.249,39.466],[26.252,39.471],[26.254,39.473],[26.263,39.481],[26.274,39.482],[26.287,39.488],[26.297,39.489],[26.35,39.481],[26.362,39.481],[26.37,39.486],[26.414,39.505],[26.424,39.505],[26.434,39.514],[26.457,39.521],[26.667,39.551],[26.808,39.571],[26.833,39.557],[26.852,39.563],[26.87,39.577],[26.893,39.584],[26.922,39.582],[26.938,39.575],[26.944,39.561],[26.945,39.54],[26.931,39.502],[26.93,39.491],[26.93,39.488],[26.926,39.486],[26.868,39.472],[26.852,39.462],[26.863,39.447],[26.851,39.44],[26.837,39.436],[26.801,39.434],[26.803,39.425],[26.803,39.419],[26.801,39.412],[26.801,39.406],[26.805,39.405],[26.815,39.399],[26.709,39.337],[26.691,39.316],[26.681,39.311],[26.67,39.306],[26.665,39.298],[26.671,39.283],[26.664,39.289],[26.656,39.294],[26.647,39.297],[26.636,39.297],[26.636,39.303],[26.654,39.306],[26.655,39.313],[26.646,39.318],[26.633,39.313],[26.625,39.303],[26.619,39.283],[26.609,39.275],[26.629,39.268],[26.653,39.267],[26.701,39.269],[26.719,39.263],[26.727,39.248],[26.731,39.228],[26.739,39.208],[26.738,39.197],[26.752,39.185],[26.771,39.173],[26.779,39.17],[26.81,39.157],[26.824,39.149],[26.852,39.121],[26.875,39.091],[26.883,39.072],[26.873,39.063],[26.854,39.058],[26.829,39.047],[26.806,39.034],[26.794,39.022],[26.81,39.022],[26.815,39.022],[26.815,39.015],[26.799,38.998],[26.797,38.973],[26.806,38.95],[26.825,38.94],[26.84,38.936],[26.856,38.918],[26.866,38.913],[26.879,38.916],[26.913,38.932],[26.925,38.94],[26.934,38.931],[26.942,38.932],[26.95,38.937],[26.962,38.94],[26.968,38.937],[26.978,38.923],[26.983,38.92],[27.001,38.92],[27.013,38.922],[27.024,38.928],[27.041,38.94],[27.058,38.93],[27.058,38.919],[27.041,38.892],[27.063,38.887],[27.055,38.871],[27.034,38.861],[27.013,38.871],[27.004,38.863],[26.991,38.855],[26.975,38.849],[26.959,38.844],[26.971,38.819],[26.961,38.806],[26.944,38.809],[26.938,38.83],[26.897,38.817],[26.904,38.81],[26.925,38.782],[26.931,38.789],[26.934,38.779],[26.935,38.77],[26.934,38.763],[26.931,38.755],[26.923,38.762],[26.915,38.76],[26.907,38.754],[26.897,38.748],[26.903,38.735],[26.889,38.734],[26.875,38.738],[26.852,38.746],[26.842,38.746],[26.831,38.747],[26.829,38.748],[26.827,38.75],[26.824,38.754],[26.818,38.755],[26.789,38.739],[26.738,38.731],[26.719,38.721],[26.726,38.703],[26.733,38.69],[26.753,38.666],[26.742,38.666],[26.734,38.664],[26.726,38.659],[26.719,38.653],[26.737,38.642],[26.746,38.639],[26.759,38.638],[26.758,38.634],[26.755,38.623],[26.753,38.618],[26.767,38.619],[26.779,38.618],[26.801,38.612],[26.798,38.608],[26.794,38.597],[26.814,38.598],[26.825,38.605],[26.834,38.608],[26.849,38.597],[26.845,38.585],[26.839,38.561],[26.835,38.549],[26.851,38.543],[26.865,38.536],[26.878,38.526],[26.89,38.515],[26.89,38.508],[26.874,38.507],[26.847,38.521],[26.829,38.531],[26.815,38.543],[26.827,38.526],[26.849,38.512],[26.859,38.507],[26.884,38.501],[26.898,38.495],[26.928,38.456],[26.945,38.447],[26.935,38.435],[26.939,38.434],[26.96,38.442],[27.022,38.462],[27.049,38.463],[27.075,38.453],[27.083,38.457],[27.117,38.454],[27.136,38.461],[27.143,38.453],[27.15,38.459],[27.154,38.459],[27.164,38.453],[27.164,38.447],[27.135,38.434],[27.112,38.414],[27.089,38.402],[27.061,38.413],[27.056,38.409],[27.054,38.413],[27.042,38.408],[27.033,38.409],[27.024,38.412],[27.013,38.413],[27.007,38.41],[26.994,38.401],[26.99,38.399],[26.974,38.396],[26.925,38.378],[26.845,38.372],[26.828,38.367],[26.81,38.36],[26.795,38.359],[26.787,38.372],[26.783,38.369],[26.771,38.366],[26.767,38.364],[26.748,38.405],[26.737,38.423],[26.725,38.433],[26.719,38.433],[26.719,38.426],[26.702,38.43],[26.687,38.42],[26.676,38.402],[26.671,38.385],[26.678,38.344],[26.694,38.334],[26.7,38.326],[26.695,38.313],[26.673,38.307],[26.657,38.329],[26.64,38.375],[26.628,38.39],[26.622,38.405],[26.612,38.416],[26.588,38.419],[26.596,38.433],[26.605,38.445],[26.605,38.454],[26.588,38.461],[26.599,38.466],[26.611,38.468],[26.621,38.467],[26.629,38.461],[26.633,38.462],[26.637,38.463],[26.643,38.468],[26.638,38.478],[26.637,38.487],[26.638,38.497],[26.636,38.508],[26.63,38.519],[26.625,38.525],[26.618,38.529],[26.609,38.535],[26.584,38.561],[26.561,38.59],[26.556,38.605],[26.54,38.624],[26.506,38.653],[26.488,38.664],[26.466,38.673],[26.441,38.678],[26.414,38.679],[26.403,38.677],[26.381,38.668],[26.366,38.666],[26.356,38.662],[26.351,38.65],[26.349,38.635],[26.349,38.621],[26.36,38.584],[26.359,38.577],[26.361,38.571],[26.373,38.541],[26.376,38.529],[26.37,38.535],[26.4,38.5],[26.404,38.488],[26.397,38.469],[26.388,38.458],[26.388,38.454],[26.407,38.453],[26.414,38.456],[26.422,38.47],[26.431,38.474],[26.441,38.473],[26.454,38.463],[26.474,38.457],[26.499,38.44],[26.513,38.433],[26.498,38.407],[26.489,38.406],[26.477,38.417],[26.452,38.426],[26.452,38.419],[26.468,38.408],[26.477,38.387],[26.476,38.367],[26.462,38.358],[26.455,38.355],[26.429,38.341],[26.417,38.337],[26.405,38.335],[26.399,38.336],[26.383,38.344],[26.383,38.337],[26.392,38.325],[26.385,38.318],[26.371,38.316],[26.356,38.317],[26.35,38.32],[26.348,38.325],[26.346,38.329],[26.339,38.331],[26.331,38.331],[26.324,38.332],[26.319,38.334],[26.314,38.337],[26.323,38.346],[26.326,38.355],[26.325,38.366],[26.321,38.378],[26.316,38.373],[26.312,38.371],[26.309,38.367],[26.308,38.358],[26.294,38.37],[26.286,38.359],[26.289,38.341],[26.308,38.331],[26.308,38.323],[26.286,38.319],[26.276,38.3],[26.265,38.287],[26.239,38.296],[26.233,38.28],[26.235,38.274],[26.287,38.261],[26.296,38.257],[26.329,38.235],[26.354,38.228],[26.375,38.235],[26.383,38.262],[26.39,38.262],[26.395,38.252],[26.395,38.243],[26.392,38.234],[26.39,38.224],[26.412,38.206],[26.417,38.2],[26.424,38.2],[26.422,38.205],[26.417,38.221],[26.442,38.212],[26.467,38.191],[26.492,38.174],[26.519,38.18],[26.515,38.166],[26.517,38.156],[26.524,38.147],[26.543,38.131],[26.557,38.122],[26.567,38.124],[26.568,38.145],[26.577,38.133],[26.589,38.108],[26.595,38.104],[26.607,38.108],[26.612,38.118],[26.612,38.131],[26.609,38.145],[26.615,38.145],[26.618,38.142],[26.618,38.142],[26.623,38.139],[26.636,38.204],[26.646,38.207],[26.708,38.207],[26.727,38.21],[26.745,38.216],[26.76,38.217],[26.774,38.207],[26.771,38.177],[26.776,38.165],[26.794,38.172],[26.803,38.162],[26.825,38.145],[26.835,38.131],[26.842,38.118],[26.846,38.103],[26.847,38.089],[26.842,38.076],[26.865,38.04],[26.873,38.035],[26.882,38.038],[26.886,38.046],[26.889,38.053],[26.893,38.056],[26.9,38.057],[26.918,38.062],[26.949,38.067],[26.975,38.065],[27.027,38.049],[27.056,38.046],[27.065,38.041],[27.068,38.025],[27.07,38.02],[27.076,38.017],[27.084,38.016],[27.092,38.015],[27.102,38.013],[27.108,38.007],[27.111,38],[27.116,37.994],[27.141,37.986],[27.178,37.981],[27.214,37.981],[27.239,37.988],[27.266,37.951],[27.275,37.929],[27.26,37.919],[27.265,37.91],[27.265,37.902],[27.263,37.894],[27.26,37.884],[27.256,37.877],[27.243,37.868],[27.239,37.864],[27.237,37.845],[27.243,37.834],[27.253,37.825],[27.26,37.816],[27.262,37.804],[27.261,37.782],[27.257,37.76],[27.25,37.744],[27.226,37.721],[27.213,37.713],[27.127,37.689],[27.105,37.686],[27.038,37.69],[27.021,37.686],[27.011,37.666],[27.049,37.65],[27.136,37.631],[27.194,37.601],[27.209,37.597],[27.212,37.586],[27.209,37.563],[27.2,37.548],[27.185,37.556],[27.18,37.545],[27.184,37.539],[27.188,37.534],[27.185,37.528],[27.19,37.513],[27.188,37.498],[27.182,37.483],[27.178,37.467],[27.185,37.474],[27.193,37.479],[27.199,37.479],[27.205,37.473],[27.223,37.477],[27.217,37.431],[27.226,37.412],[27.226,37.405],[27.22,37.404],[27.205,37.398],[27.209,37.387],[27.208,37.376],[27.201,37.367],[27.191,37.357],[27.199,37.354],[27.201,37.352],[27.204,37.353],[27.212,37.357],[27.216,37.354],[27.217,37.351],[27.219,37.344],[27.225,37.348],[27.232,37.348],[27.239,37.344],[27.246,37.336],[27.258,37.345],[27.271,37.349],[27.33,37.352],[27.336,37.356],[27.322,37.364],[27.322,37.371],[27.346,37.371],[27.356,37.379],[27.361,37.392],[27.37,37.405],[27.387,37.412],[27.403,37.413],[27.407,37.413],[27.427,37.406],[27.438,37.391],[27.415,37.382],[27.397,37.366],[27.389,37.345],[27.397,37.323],[27.418,37.309],[27.446,37.306],[27.469,37.316],[27.473,37.344],[27.48,37.344],[27.491,37.327],[27.49,37.314],[27.485,37.303],[27.486,37.295],[27.468,37.277],[27.461,37.268],[27.459,37.258],[27.464,37.252],[27.474,37.256],[27.483,37.264],[27.486,37.268],[27.509,37.268],[27.52,37.259],[27.518,37.246],[27.5,37.234],[27.515,37.229],[27.531,37.236],[27.543,37.25],[27.548,37.265],[27.553,37.273],[27.565,37.276],[27.589,37.275],[27.592,37.277],[27.592,37.281],[27.594,37.284],[27.603,37.282],[27.604,37.281],[27.616,37.275],[27.614,37.268],[27.613,37.255],[27.61,37.247],[27.604,37.242],[27.592,37.235],[27.589,37.231],[27.589,37.211],[27.594,37.204],[27.61,37.2],[27.595,37.186],[27.587,37.181],[27.576,37.179],[27.588,37.199],[27.575,37.201],[27.528,37.193],[27.528,37.185],[27.54,37.178],[27.547,37.162],[27.555,37.13],[27.559,37.134],[27.562,37.136],[27.576,37.138],[27.576,37.13],[27.565,37.126],[27.542,37.126],[27.531,37.121],[27.522,37.115],[27.501,37.107],[27.475,37.093],[27.46,37.09],[27.446,37.097],[27.431,37.118],[27.433,37.12],[27.435,37.12],[27.436,37.121],[27.438,37.124],[27.425,37.12],[27.418,37.121],[27.412,37.126],[27.404,37.13],[27.394,37.131],[27.387,37.13],[27.383,37.135],[27.383,37.152],[27.381,37.149],[27.381,37.148],[27.379,37.147],[27.376,37.144],[27.369,37.151],[27.362,37.149],[27.354,37.141],[27.349,37.13],[27.342,37.13],[27.343,37.142],[27.34,37.151],[27.333,37.156],[27.322,37.159],[27.325,37.148],[27.323,37.139],[27.321,37.131],[27.322,37.124],[27.303,37.12],[27.272,37.129],[27.26,37.118],[27.253,37.124],[27.255,37.117],[27.257,37.114],[27.26,37.11],[27.27,37.116],[27.279,37.118],[27.287,37.115],[27.294,37.11],[27.282,37.098],[27.264,37.089],[27.248,37.083],[27.239,37.083],[27.229,37.062],[27.232,37.047],[27.241,37.034],[27.246,37.018],[27.247,37],[27.253,36.978],[27.263,36.963],[27.281,36.967],[27.287,36.959],[27.294,36.962],[27.299,36.961],[27.308,36.959],[27.305,36.963],[27.301,36.973],[27.315,36.977],[27.327,36.986],[27.333,36.997],[27.329,37.008],[27.329,37.014],[27.341,37.018],[27.367,37.023],[27.376,37.028],[27.38,37.021],[27.382,37.019],[27.381,37.018],[27.376,37.014],[27.378,37.01],[27.38,37.009],[27.382,37.009],[27.383,37.008],[27.381,37.002],[27.379,37.001],[27.379,36.999],[27.383,36.994],[27.395,37.018],[27.397,37.028],[27.404,37.028],[27.402,37.024],[27.408,37.017],[27.424,37.027],[27.438,37.028],[27.445,37.023],[27.463,37.001],[27.473,36.994],[27.484,36.991],[27.514,36.994],[27.528,36.991],[27.539,36.987],[27.562,36.973],[27.567,36.997],[27.59,36.998],[27.618,36.989],[27.636,36.981],[27.656,36.997],[27.688,37.005],[27.72,37.005],[27.74,36.994],[27.751,36.997],[27.763,36.997],[27.773,36.996],[27.78,36.994],[27.786,37.004],[27.788,37.008],[27.794,37.008],[27.805,37.005],[27.886,37.026],[27.911,37.028],[27.941,37.022],[27.952,37.021],[27.963,37.024],[27.976,37.032],[27.987,37.035],[28.093,37.021],[28.11,37.014],[28.11,37.021],[28.107,37.032],[28.126,37.036],[28.174,37.035],[28.305,37.051],[28.315,37.049],[28.323,37.044],[28.329,37.037],[28.33,37.03],[28.3,37.025],[28.247,37.008],[28.253,36.994],[28.245,36.988],[28.229,36.991],[28.212,37],[28.207,36.99],[28.199,36.981],[28.212,36.981],[28.212,36.973],[28.205,36.966],[28.185,36.939],[28.181,36.943],[28.174,36.946],[28.167,36.947],[28.157,36.946],[28.157,36.939],[28.164,36.936],[28.168,36.933],[28.168,36.93],[28.165,36.926],[28.167,36.921],[28.168,36.919],[28.168,36.917],[28.165,36.912],[28.159,36.925],[28.157,36.932],[28.152,36.932],[28.142,36.929],[28.12,36.938],[28.11,36.932],[28.103,36.932],[28.098,36.936],[28.094,36.938],[28.089,36.937],[28.082,36.932],[28.075,36.937],[28.065,36.939],[28.042,36.939],[28.042,36.932],[28.062,36.932],[28.062,36.926],[28.053,36.927],[28.036,36.925],[28.028,36.926],[28.031,36.921],[28.033,36.918],[28.036,36.915],[28.042,36.912],[28.034,36.904],[28.021,36.912],[28.028,36.903],[28.035,36.893],[28.055,36.877],[28.055,36.871],[28.045,36.867],[28.036,36.863],[28.029,36.86],[28.021,36.863],[28.017,36.861],[28.014,36.859],[28.012,36.858],[28.007,36.857],[28.019,36.849],[28.025,36.839],[28.023,36.833],[28.014,36.836],[28.007,36.829],[28.026,36.829],[28.04,36.827],[28.049,36.821],[28.055,36.809],[28.037,36.797],[28.031,36.792],[28.028,36.781],[28.011,36.794],[27.994,36.798],[27.959,36.795],[27.94,36.796],[27.92,36.8],[27.904,36.806],[27.897,36.812],[27.886,36.809],[27.799,36.807],[27.786,36.801],[27.76,36.781],[27.748,36.784],[27.735,36.782],[27.721,36.782],[27.705,36.789],[27.691,36.784],[27.645,36.806],[27.623,36.802],[27.618,36.79],[27.617,36.776],[27.612,36.765],[27.592,36.761],[27.557,36.763],[27.483,36.754],[27.459,36.756],[27.45,36.754],[27.438,36.747],[27.427,36.736],[27.423,36.72],[27.414,36.709],[27.402,36.705],[27.385,36.705],[27.368,36.708],[27.356,36.712],[27.356,36.706],[27.364,36.703],[27.369,36.697],[27.369,36.691],[27.363,36.685],[27.366,36.684],[27.369,36.684],[27.371,36.683],[27.37,36.679],[27.383,36.685],[27.394,36.684],[27.402,36.677],[27.404,36.665],[27.416,36.669],[27.426,36.669],[27.448,36.665],[27.456,36.663],[27.468,36.653],[27.473,36.651],[27.478,36.653],[27.482,36.658],[27.486,36.665],[27.555,36.685],[27.56,36.675],[27.57,36.674],[27.585,36.677],[27.603,36.679],[27.62,36.676],[27.638,36.671],[27.671,36.658],[27.673,36.68],[27.687,36.711],[27.684,36.72],[27.684,36.727],[27.698,36.734],[27.719,36.756],[27.736,36.761],[27.752,36.759],[27.764,36.756],[27.776,36.756],[27.788,36.761],[27.788,36.754],[27.806,36.761],[27.826,36.757],[27.844,36.749],[27.856,36.74],[27.863,36.74],[27.87,36.753],[27.877,36.751],[27.883,36.744],[27.89,36.74],[27.898,36.745],[27.905,36.753],[27.912,36.754],[27.918,36.74],[27.932,36.747],[27.945,36.756],[27.954,36.76],[27.959,36.747],[27.966,36.747],[27.981,36.754],[28.02,36.763],[28.034,36.775],[28.039,36.764],[28.047,36.763],[28.069,36.775],[28.086,36.797],[28.095,36.801],[28.107,36.803],[28.118,36.801],[28.124,36.792],[28.125,36.771],[28.131,36.754],[28.118,36.764],[28.113,36.768],[28.11,36.775],[28.103,36.768],[28.092,36.759],[28.084,36.754],[28.082,36.747],[28.088,36.741],[28.107,36.739],[28.117,36.734],[28.116,36.719],[28.101,36.71],[28.086,36.711],[28.09,36.727],[28.08,36.722],[28.042,36.72],[28.042,36.718],[28.038,36.714],[28.032,36.709],[28.028,36.706],[28.021,36.705],[28,36.706],[28.007,36.699],[27.971,36.693],[27.966,36.689],[27.97,36.68],[27.98,36.676],[27.991,36.676],[28,36.679],[28.007,36.675],[28.019,36.671],[28.03,36.67],[28.034,36.675],[28.035,36.688],[28.038,36.691],[28.048,36.685],[28.058,36.677],[28.061,36.665],[28.058,36.653],[28.048,36.644],[28.048,36.638],[28.057,36.643],[28.076,36.658],[28.09,36.644],[28.075,36.631],[28.065,36.62],[28.054,36.61],[28.034,36.603],[27.959,36.603],[27.965,36.596],[27.968,36.593],[27.973,36.59],[27.971,36.586],[27.968,36.579],[27.966,36.576],[27.978,36.566],[27.991,36.56],[28.004,36.562],[28.014,36.576],[28.018,36.567],[28.026,36.564],[28.036,36.565],[28.048,36.569],[28.046,36.572],[28.044,36.579],[28.042,36.583],[28.051,36.585],[28.055,36.587],[28.058,36.59],[28.062,36.596],[28.088,36.589],[28.112,36.604],[28.131,36.629],[28.144,36.651],[28.162,36.673],[28.182,36.685],[28.234,36.699],[28.232,36.705],[28.23,36.705],[28.225,36.706],[28.23,36.709],[28.232,36.712],[28.233,36.715],[28.234,36.72],[28.24,36.715],[28.247,36.712],[28.253,36.728],[28.267,36.731],[28.283,36.727],[28.295,36.72],[28.289,36.743],[28.249,36.767],[28.253,36.789],[28.24,36.799],[28.237,36.813],[28.243,36.83],[28.257,36.846],[28.273,36.852],[28.289,36.846],[28.303,36.836],[28.315,36.829],[28.315,36.822],[28.289,36.818],[28.278,36.814],[28.274,36.805],[28.278,36.796],[28.289,36.794],[28.315,36.795],[28.313,36.8],[28.309,36.816],[28.315,36.816],[28.325,36.81],[28.377,36.789],[28.396,36.789],[28.407,36.8],[28.414,36.815],[28.425,36.829],[28.415,36.837],[28.405,36.838],[28.397,36.835],[28.391,36.836],[28.384,36.841],[28.377,36.848],[28.377,36.854],[28.387,36.857],[28.416,36.86],[28.436,36.865],[28.445,36.874],[28.447,36.883],[28.452,36.884],[28.457,36.878],[28.459,36.867],[28.46,36.864],[28.463,36.862],[28.465,36.859],[28.466,36.853],[28.464,36.85],[28.459,36.849],[28.453,36.85],[28.456,36.829],[28.464,36.819],[28.478,36.816],[28.5,36.816],[28.5,36.809],[28.487,36.802],[28.498,36.798],[28.508,36.798],[28.518,36.796],[28.528,36.789],[28.524,36.813],[28.546,36.823],[28.576,36.82],[28.589,36.808],[28.591,36.8],[28.591,36.799],[28.597,36.795],[28.597,36.803],[28.599,36.807],[28.604,36.816],[28.61,36.816],[28.606,36.81],[28.606,36.807],[28.608,36.805],[28.61,36.802],[28.607,36.801],[28.605,36.801],[28.603,36.8],[28.604,36.795],[28.614,36.785],[28.617,36.767],[28.613,36.747],[28.604,36.734],[28.616,36.706],[28.623,36.699],[28.636,36.715],[28.649,36.718],[28.66,36.711],[28.665,36.693],[28.672,36.693],[28.702,36.705],[28.746,36.698],[28.783,36.677],[28.788,36.651],[28.805,36.655],[28.815,36.652],[28.825,36.645],[28.843,36.638],[28.843,36.631],[28.827,36.628],[28.819,36.621],[28.819,36.612],[28.829,36.603],[28.842,36.6],[28.859,36.601],[28.87,36.607],[28.864,36.617],[28.878,36.626],[28.895,36.641],[28.902,36.658],[28.884,36.671],[28.89,36.658],[28.888,36.648],[28.882,36.641],[28.877,36.631],[28.87,36.631],[28.867,36.635],[28.857,36.644],[28.864,36.651],[28.858,36.654],[28.855,36.657],[28.85,36.665],[28.862,36.668],[28.863,36.675],[28.86,36.684],[28.864,36.693],[28.871,36.696],[28.879,36.698],[28.898,36.699],[28.898,36.706],[28.891,36.706],[28.891,36.712],[28.904,36.723],[28.923,36.741],[28.939,36.751],[28.946,36.737],[28.956,36.728],[29.034,36.701],[29.096,36.665],[29.102,36.66],[29.109,36.652],[29.115,36.643],[29.117,36.634],[29.111,36.626],[29.099,36.624],[29.091,36.627],[29.096,36.638],[29.096,36.644],[29.081,36.639],[29.068,36.624],[29.056,36.614],[29.042,36.624],[29.035,36.615],[29.026,36.596],[29.021,36.59],[29.031,36.575],[29.037,36.561],[29.033,36.552],[29.014,36.548],[29.036,36.545],[29.084,36.56],[29.096,36.548],[29.104,36.548],[29.115,36.553],[29.12,36.536],[29.124,36.501],[29.124,36.493],[29.116,36.491],[29.11,36.489],[29.096,36.48],[29.096,36.473],[29.111,36.467],[29.124,36.454],[29.13,36.437],[29.124,36.418],[29.128,36.417],[29.129,36.417],[29.13,36.416],[29.13,36.411],[29.119,36.41],[29.109,36.406],[29.101,36.4],[29.096,36.391],[29.106,36.391],[29.113,36.389],[29.124,36.383],[29.117,36.377],[29.145,36.377],[29.145,36.37],[29.142,36.365],[29.141,36.362],[29.145,36.349],[29.158,36.357],[29.175,36.34],[29.235,36.324],[29.248,36.312],[29.257,36.297],[29.261,36.294],[29.322,36.247],[29.329,36.254],[29.335,36.248],[29.341,36.237],[29.35,36.233],[29.357,36.236],[29.361,36.242],[29.365,36.248],[29.37,36.254],[29.375,36.259],[29.378,36.262],[29.382,36.264],[29.392,36.267],[29.398,36.266],[29.402,36.262],[29.406,36.26],[29.412,36.267],[29.415,36.24],[29.42,36.231],[29.432,36.24],[29.494,36.211],[29.521,36.206],[29.602,36.207],[29.624,36.199],[29.613,36.2],[29.602,36.199],[29.593,36.196],[29.584,36.192],[29.584,36.185],[29.635,36.192],[29.642,36.187],[29.643,36.178],[29.637,36.172],[29.624,36.178],[29.634,36.157],[29.668,36.144],[29.672,36.123],[29.689,36.141],[29.689,36.144],[29.7,36.146],[29.703,36.15],[29.704,36.154],[29.707,36.158],[29.719,36.163],[29.731,36.164],[29.743,36.161],[29.755,36.151],[29.759,36.155],[29.762,36.157],[29.775,36.158],[29.772,36.154],[29.77,36.151],[29.767,36.148],[29.762,36.144],[29.762,36.137],[29.78,36.139],[29.795,36.145],[29.81,36.154],[29.823,36.165],[29.803,36.165],[29.803,36.172],[29.827,36.178],[29.837,36.178],[29.838,36.183],[29.836,36.184],[29.833,36.184],[29.83,36.185],[29.844,36.191],[29.881,36.198],[29.898,36.206],[29.912,36.217],[29.917,36.219],[29.926,36.22],[29.938,36.218],[29.95,36.214],[29.961,36.214],[29.973,36.22],[29.988,36.218],[30,36.223],[30,41.147],[29.885,41.149],[29.619,41.179],[29.42,41.214],[29.232,41.241],[29.216,41.239],[29.206,41.229],[29.2,41.229],[29.17,41.233],[29.13,41.212],[29.093,41.18],[29.069,41.153],[29.091,41.141],[29.088,41.129],[29.076,41.114],[29.062,41.076],[29.046,41.055],[29.026,41.038],[29.008,41.031],[29.015,41.018],[29.018,41.004],[29.023,40.993],[29.035,40.99],[29.033,40.986],[29.033,40.985],[29.032,40.984],[29.028,40.982],[29.083,40.96],[29.104,40.947],[29.124,40.927],[29.145,40.914],[29.201,40.894],[29.22,40.88],[29.241,40.883],[29.254,40.875],[29.264,40.87],[29.284,40.852],[29.295,40.839],[29.291,40.839],[29.288,40.838],[29.288,40.836],[29.288,40.831],[29.284,40.834],[29.275,40.839],[29.274,40.829],[29.271,40.822],[29.264,40.818],[29.255,40.817],[29.255,40.811],[29.282,40.815],[29.293,40.819],[29.302,40.824],[29.311,40.818],[29.315,40.824],[29.325,40.82],[29.333,40.815],[29.34,40.808],[29.343,40.798],[29.339,40.796],[29.336,40.795],[29.333,40.792],[29.329,40.79],[29.34,40.788],[29.344,40.78],[29.348,40.771],[29.357,40.762],[29.378,40.757],[29.394,40.762],[29.41,40.771],[29.429,40.776],[29.666,40.784],[29.687,40.782],[29.722,40.772],[29.738,40.77],[29.744,40.767],[29.764,40.753],[29.775,40.749],[29.787,40.749],[29.795,40.751],[29.803,40.754],[29.809,40.756],[29.89,40.763],[29.929,40.758],[29.939,40.735],[29.924,40.716],[29.904,40.716],[29.867,40.729],[29.753,40.725],[29.56,40.691],[29.549,40.691],[29.542,40.71],[29.528,40.722],[29.511,40.727],[29.501,40.729],[29.491,40.727],[29.479,40.724],[29.47,40.719],[29.466,40.711],[29.461,40.704],[29.45,40.699],[29.438,40.695],[29.429,40.691],[29.417,40.687],[29.407,40.693],[29.399,40.703],[29.392,40.708],[29.385,40.706],[29.364,40.694],[29.323,40.677],[29.282,40.666],[28.986,40.645],[28.97,40.639],[28.928,40.606],[28.898,40.592],[28.827,40.571],[28.793,40.553],[28.774,40.523],[28.828,40.513],[28.917,40.471],[28.969,40.461],[28.98,40.465],[29.002,40.479],[29.011,40.482],[29.066,40.482],[29.088,40.477],[29.112,40.466],[29.134,40.451],[29.152,40.434],[29.136,40.428],[29.119,40.424],[29.103,40.423],[29.09,40.427],[29.083,40.416],[29.074,40.389],[29.066,40.376],[29.052,40.367],[29.034,40.364],[28.957,40.363],[28.939,40.365],[28.921,40.37],[28.898,40.381],[28.884,40.386],[28.856,40.391],[28.825,40.392],[28.791,40.4],[28.772,40.403],[28.757,40.396],[28.742,40.386],[28.685,40.379],[28.677,40.376],[28.667,40.368],[28.658,40.365],[28.651,40.366],[28.647,40.37],[28.644,40.371],[28.638,40.365],[28.593,40.382],[28.545,40.391],[28.5,40.391],[28.459,40.379],[28.462,40.388],[28.468,40.394],[28.476,40.398],[28.487,40.4],[28.4,40.397],[28.348,40.404],[28.112,40.396],[28.028,40.372],[27.945,40.366],[27.908,40.374],[27.904,40.4],[27.93,40.417],[28.017,40.451],[28.034,40.474],[28.014,40.491],[27.97,40.503],[27.805,40.523],[27.795,40.521],[27.792,40.517],[27.789,40.514],[27.78,40.515],[27.779,40.518],[27.76,40.537],[27.75,40.525],[27.742,40.526],[27.733,40.531],[27.722,40.526],[27.706,40.512],[27.696,40.506],[27.684,40.502],[27.684,40.496],[27.693,40.486],[27.726,40.461],[27.734,40.459],[27.743,40.459],[27.75,40.458],[27.753,40.451],[27.754,40.438],[27.756,40.433],[27.761,40.428],[27.767,40.42],[27.773,40.416],[27.78,40.416],[27.786,40.413],[27.788,40.403],[27.792,40.393],[27.801,40.393],[27.815,40.4],[27.865,40.387],[27.884,40.386],[27.867,40.369],[27.813,40.347],[27.79,40.32],[27.763,40.315],[27.733,40.317],[27.712,40.324],[27.688,40.314],[27.665,40.317],[27.641,40.326],[27.613,40.331],[27.597,40.328],[27.562,40.31],[27.551,40.309],[27.523,40.309],[27.452,40.322],[27.393,40.342],[27.338,40.37],[27.294,40.406],[27.302,40.409],[27.303,40.411],[27.304,40.41],[27.308,40.406],[27.315,40.406],[27.329,40.414],[27.314,40.444],[27.303,40.458],[27.287,40.468],[27.271,40.468],[27.238,40.452],[27.215,40.448],[27.177,40.449],[27.143,40.454],[27.096,40.452],[27.066,40.434],[27.041,40.41],[27.013,40.392],[26.991,40.389],[26.934,40.392],[26.908,40.404],[26.897,40.406],[26.863,40.4],[26.777,40.406],[26.736,40.404],[26.715,40.391],[26.608,40.29],[26.595,40.283],[26.581,40.277],[26.573,40.275],[26.564,40.27],[26.519,40.225],[26.501,40.213],[26.468,40.206],[26.441,40.197],[26.428,40.194],[26.415,40.195],[26.408,40.194],[26.403,40.187],[26.396,40.173],[26.403,40.158],[26.403,40.139],[26.4,40.121],[26.393,40.108],[26.389,40.105],[26.384,40.104],[26.373,40.104],[26.369,40.103],[26.369,40.099],[26.37,40.095],[26.37,40.091],[26.366,40.085],[26.365,40.072],[26.362,40.063],[26.353,40.052],[26.311,40.019],[26.3,40.014],[26.267,40.003],[26.251,39.995],[26.198,40.009],[26.189,40.002],[26.168,39.974],[26.164,39.965],[26.162,39.956],[26.153,39.943],[26.15,39.934],[26.151,39.925],[26.156,39.905],[26.157,39.899],[26.142,39.849],[26.136,39.838],[26.152,39.835],[26.155,39.826],[26.15,39.8],[26.15,39.776],[26.147,39.77],[26.142,39.768],[26.138,39.765],[26.136,39.756],[26.141,39.743],[26.159,39.715],[26.164,39.704],[26.157,39.649],[26.148,39.626],[26.111,39.598],[26.095,39.549],[26.07,39.496]]],[[[26.122,34.936],[26.127,34.931],[26.131,34.929],[26.133,34.923],[26.141,34.931],[26.15,34.933],[26.147,34.943],[26.134,34.946],[26.127,34.947],[26.123,34.943],[26.122,34.936]]],[[[26.185,38.539],[26.199,38.523],[26.201,38.516],[26.204,38.515],[26.208,38.516],[26.218,38.511],[26.231,38.509],[26.236,38.507],[26.242,38.506],[26.248,38.509],[26.249,38.509],[26.248,38.504],[26.252,38.502],[26.262,38.51],[26.267,38.51],[26.27,38.513],[26.27,38.518],[26.268,38.52],[26.263,38.52],[26.241,38.526],[26.231,38.533],[26.221,38.535],[26.215,38.533],[26.212,38.534],[26.208,38.54],[26.204,38.541],[26.185,38.542],[26.185,38.539]]],[[[26.261,36.588],[26.264,36.573],[26.273,36.562],[26.27,36.558],[26.268,36.555],[26.266,36.548],[26.282,36.54],[26.301,36.513],[26.318,36.508],[26.342,36.509],[26.349,36.516],[26.348,36.528],[26.349,36.541],[26.363,36.564],[26.373,36.572],[26.387,36.576],[26.416,36.575],[26.43,36.579],[26.445,36.59],[26.45,36.581],[26.455,36.577],[26.46,36.578],[26.466,36.583],[26.459,36.597],[26.431,36.619],[26.393,36.637],[26.362,36.638],[26.362,36.631],[26.37,36.624],[26.379,36.619],[26.389,36.616],[26.389,36.613],[26.385,36.605],[26.39,36.595],[26.404,36.59],[26.394,36.586],[26.386,36.586],[26.377,36.588],[26.366,36.59],[26.361,36.586],[26.351,36.573],[26.342,36.569],[26.328,36.575],[26.312,36.588],[26.295,36.597],[26.28,36.59],[26.266,36.596],[26.261,36.588]]],[[[26.275,38.512],[26.277,38.505],[26.279,38.502],[26.279,38.497],[26.283,38.494],[26.29,38.492],[26.293,38.493],[26.293,38.498],[26.289,38.507],[26.279,38.515],[26.275,38.512]]],[[[26.325,38.441],[26.327,38.434],[26.329,38.422],[26.333,38.423],[26.338,38.425],[26.344,38.427],[26.349,38.425],[26.354,38.426],[26.356,38.437],[26.361,38.444],[26.355,38.453],[26.344,38.45],[26.337,38.445],[26.325,38.441]]],[[[26.396,37.576],[26.404,37.576],[26.409,37.575],[26.418,37.579],[26.43,37.578],[26.434,37.576],[26.436,37.572],[26.436,37.568],[26.441,37.566],[26.447,37.565],[26.451,37.566],[26.457,37.575],[26.457,37.58],[26.451,37.596],[26.445,37.601],[26.44,37.603],[26.436,37.602],[26.422,37.59],[26.417,37.59],[26.406,37.586],[26.397,37.579],[26.396,37.576]]],[[[26.474,37.603],[26.476,37.594],[26.476,37.59],[26.474,37.586],[26.474,37.569],[26.475,37.566],[26.476,37.565],[26.48,37.564],[26.479,37.559],[26.486,37.553],[26.486,37.546],[26.489,37.54],[26.492,37.539],[26.497,37.531],[26.501,37.528],[26.503,37.527],[26.508,37.531],[26.511,37.537],[26.511,37.549],[26.508,37.553],[26.506,37.557],[26.501,37.561],[26.499,37.569],[26.499,37.575],[26.503,37.58],[26.508,37.582],[26.513,37.582],[26.517,37.584],[26.523,37.591],[26.531,37.597],[26.538,37.607],[26.541,37.617],[26.539,37.622],[26.536,37.623],[26.531,37.624],[26.528,37.626],[26.528,37.63],[26.531,37.635],[26.531,37.642],[26.526,37.647],[26.521,37.65],[26.514,37.653],[26.505,37.65],[26.499,37.643],[26.496,37.638],[26.497,37.627],[26.502,37.626],[26.51,37.624],[26.513,37.617],[26.514,37.599],[26.511,37.596],[26.507,37.595],[26.503,37.595],[26.498,37.585],[26.492,37.586],[26.489,37.593],[26.488,37.598],[26.485,37.603],[26.478,37.606],[26.475,37.605],[26.474,37.603]]],[[[26.529,37.301],[26.533,37.292],[26.545,37.288],[26.547,37.284],[26.546,37.277],[26.557,37.271],[26.568,37.275],[26.565,37.308],[26.554,37.32],[26.549,37.327],[26.555,37.327],[26.558,37.33],[26.56,37.334],[26.564,37.342],[26.572,37.347],[26.581,37.347],[26.585,37.346],[26.589,37.345],[26.595,37.342],[26.601,37.337],[26.606,37.34],[26.604,37.349],[26.599,37.355],[26.597,37.359],[26.59,37.364],[26.581,37.37],[26.569,37.374],[26.556,37.372],[26.545,37.373],[26.536,37.373],[26.534,37.361],[26.536,37.347],[26.539,37.338],[26.537,37.331],[26.534,37.325],[26.529,37.301]]],[[[26.58,37.741],[26.581,37.717],[26.584,37.704],[26.59,37.687],[26.598,37.677],[26.609,37.686],[26.615,37.686],[26.615,37.679],[26.623,37.679],[26.628,37.691],[26.641,37.699],[26.657,37.705],[26.684,37.708],[26.699,37.712],[26.708,37.714],[26.716,37.711],[26.727,37.702],[26.751,37.697],[26.761,37.69],[26.777,37.669],[26.781,37.661],[26.783,37.653],[26.787,37.647],[26.797,37.645],[26.861,37.643],[26.869,37.645],[26.879,37.649],[26.882,37.653],[26.884,37.658],[26.89,37.665],[26.901,37.673],[26.91,37.678],[27.001,37.707],[27.037,37.713],[27.061,37.707],[27.067,37.718],[27.065,37.729],[27.059,37.734],[27.048,37.727],[27.042,37.738],[27.036,37.746],[27.032,37.753],[27.034,37.761],[27.039,37.764],[27.068,37.774],[27.021,37.777],[26.994,37.784],[26.993,37.796],[26.984,37.789],[26.974,37.784],[26.962,37.784],[26.945,37.789],[26.954,37.777],[26.964,37.768],[26.97,37.759],[26.966,37.748],[26.955,37.757],[26.917,37.778],[26.882,37.785],[26.856,37.803],[26.842,37.809],[26.806,37.815],[26.772,37.814],[26.658,37.793],[26.65,37.785],[26.644,37.772],[26.63,37.768],[26.612,37.766],[26.595,37.761],[26.584,37.752],[26.58,37.741]]],[[[26.693,38.483],[26.698,38.477],[26.722,38.469],[26.724,38.464],[26.732,38.458],[26.744,38.464],[26.748,38.476],[26.745,38.483],[26.731,38.495],[26.73,38.521],[26.722,38.533],[26.71,38.541],[26.702,38.543],[26.7,38.542],[26.7,38.533],[26.697,38.521],[26.694,38.512],[26.693,38.483]]],[[[26.71,37.314],[26.712,37.311],[26.715,37.309],[26.716,37.307],[26.72,37.301],[26.726,37.3],[26.735,37.3],[26.739,37.294],[26.753,37.295],[26.759,37.298],[26.766,37.293],[26.762,37.293],[26.759,37.293],[26.761,37.288],[26.763,37.281],[26.767,37.277],[26.77,37.281],[26.775,37.281],[26.778,37.278],[26.78,37.274],[26.785,37.277],[26.787,37.284],[26.791,37.286],[26.792,37.287],[26.792,37.289],[26.79,37.291],[26.792,37.296],[26.79,37.305],[26.785,37.309],[26.777,37.307],[26.768,37.304],[26.75,37.309],[26.744,37.317],[26.74,37.32],[26.73,37.327],[26.72,37.328],[26.719,37.323],[26.723,37.319],[26.722,37.318],[26.721,37.318],[26.714,37.321],[26.711,37.317],[26.71,37.314]]],[[[26.71,37.403],[26.715,37.399],[26.717,37.393],[26.72,37.387],[26.726,37.387],[26.73,37.38],[26.733,37.376],[26.736,37.373],[26.738,37.375],[26.742,37.375],[26.74,37.367],[26.744,37.361],[26.752,37.372],[26.759,37.376],[26.752,37.384],[26.741,37.389],[26.738,37.39],[26.737,37.394],[26.736,37.397],[26.734,37.399],[26.729,37.399],[26.726,37.401],[26.718,37.405],[26.719,37.413],[26.717,37.413],[26.714,37.406],[26.71,37.403]]],[[[26.773,37.183],[26.776,37.17],[26.788,37.162],[26.795,37.155],[26.806,37.152],[26.817,37.147],[26.814,37.138],[26.81,37.129],[26.817,37.12],[26.83,37.119],[26.843,37.125],[26.852,37.125],[26.849,37.118],[26.838,37.112],[26.838,37.105],[26.85,37.098],[26.862,37.097],[26.87,37.098],[26.875,37.1],[26.875,37.104],[26.88,37.104],[26.887,37.106],[26.887,37.117],[26.878,37.129],[26.872,37.134],[26.87,37.141],[26.864,37.153],[26.854,37.159],[26.844,37.162],[26.846,37.171],[26.853,37.182],[26.85,37.187],[26.841,37.189],[26.835,37.191],[26.831,37.193],[26.827,37.194],[26.823,37.193],[26.817,37.195],[26.808,37.2],[26.8,37.199],[26.801,37.193],[26.798,37.191],[26.784,37.191],[26.773,37.183]]],[[[26.848,35.372],[26.854,35.363],[26.864,35.354],[26.877,35.349],[26.888,35.353],[26.906,35.367],[26.915,35.37],[26.928,35.372],[26.937,35.377],[26.946,35.384],[26.959,35.39],[26.968,35.393],[26.992,35.397],[27.007,35.398],[27.007,35.404],[27,35.425],[27.007,35.427],[27.013,35.431],[27.012,35.438],[27.002,35.437],[26.976,35.431],[26.961,35.43],[26.925,35.418],[26.92,35.418],[26.909,35.423],[26.9,35.425],[26.897,35.421],[26.89,35.407],[26.887,35.404],[26.879,35.4],[26.862,35.381],[26.852,35.377],[26.848,35.372]]],[[[26.886,37.076],[26.889,37.071],[26.896,37.069],[26.903,37.062],[26.912,37.047],[26.917,37.042],[26.925,37.035],[26.928,37.036],[26.935,37.04],[26.944,37.041],[26.952,37.035],[26.954,37.028],[26.951,37.021],[26.947,37.016],[26.945,37.014],[26.939,37.005],[26.93,36.994],[26.925,36.982],[26.931,36.967],[26.925,36.963],[26.92,36.959],[26.912,36.946],[26.921,36.947],[26.93,36.943],[26.938,36.935],[26.945,36.926],[26.952,36.932],[26.959,36.931],[26.966,36.928],[26.976,36.926],[26.983,36.93],[26.986,36.938],[26.988,36.947],[26.993,36.953],[27.024,36.945],[27.04,36.945],[27.048,36.959],[27.041,36.959],[27.041,36.953],[27.034,36.953],[27.035,36.957],[27.036,36.96],[27.041,36.967],[27.037,36.978],[27.044,36.996],[27.041,37.008],[27.032,37.012],[27.024,37.013],[27.015,37.009],[27.007,37],[27.006,37.016],[26.995,37.023],[26.982,37.029],[26.973,37.042],[26.986,37.042],[26.986,37.049],[26.902,37.077],[26.89,37.09],[26.886,37.076]]],[[[26.918,36.716],[26.923,36.706],[26.937,36.693],[26.955,36.682],[26.973,36.679],[26.967,36.692],[26.966,36.706],[26.972,36.716],[26.986,36.72],[26.976,36.741],[26.992,36.754],[27.048,36.775],[27.06,36.767],[27.083,36.761],[27.109,36.758],[27.13,36.761],[27.191,36.812],[27.214,36.824],[27.323,36.849],[27.356,36.863],[27.341,36.882],[27.292,36.892],[27.281,36.908],[27.266,36.904],[27.164,36.891],[27.061,36.839],[27.055,36.833],[27.021,36.809],[27.007,36.788],[27,36.779],[26.986,36.768],[26.964,36.778],[26.959,36.781],[26.954,36.776],[26.942,36.766],[26.938,36.761],[26.926,36.766],[26.92,36.751],[26.918,36.716]]],[[[26.927,37.474],[26.932,37.471],[26.938,37.468],[26.943,37.463],[26.944,37.456],[26.95,37.447],[26.958,37.444],[26.96,37.445],[26.961,37.45],[26.965,37.454],[26.967,37.453],[26.968,37.45],[26.974,37.446],[26.982,37.45],[26.988,37.459],[26.992,37.458],[27.003,37.451],[27.007,37.452],[27.008,37.457],[27.002,37.462],[26.997,37.465],[26.996,37.467],[26.986,37.473],[26.979,37.476],[26.974,37.474],[26.972,37.472],[26.932,37.476],[26.927,37.474]]],[[[27.068,35.589],[27.075,35.58],[27.101,35.567],[27.109,35.562],[27.114,35.551],[27.113,35.544],[27.11,35.535],[27.109,35.521],[27.12,35.493],[27.119,35.483],[27.102,35.479],[27.102,35.472],[27.109,35.472],[27.109,35.466],[27.094,35.462],[27.093,35.452],[27.1,35.44],[27.109,35.431],[27.121,35.428],[27.135,35.426],[27.143,35.42],[27.136,35.404],[27.148,35.409],[27.158,35.416],[27.166,35.423],[27.171,35.431],[27.164,35.432],[27.161,35.43],[27.159,35.427],[27.157,35.425],[27.162,35.45],[27.181,35.469],[27.207,35.478],[27.232,35.472],[27.237,35.493],[27.233,35.504],[27.212,35.521],[27.205,35.527],[27.204,35.527],[27.204,35.528],[27.205,35.534],[27.209,35.537],[27.216,35.544],[27.221,35.551],[27.215,35.554],[27.209,35.56],[27.185,35.596],[27.159,35.612],[27.157,35.619],[27.157,35.634],[27.161,35.651],[27.171,35.664],[27.18,35.673],[27.185,35.682],[27.19,35.697],[27.201,35.709],[27.213,35.719],[27.219,35.726],[27.219,35.735],[27.213,35.745],[27.212,35.753],[27.212,35.777],[27.215,35.79],[27.229,35.809],[27.232,35.822],[27.227,35.827],[27.221,35.829],[27.214,35.828],[27.205,35.822],[27.19,35.807],[27.185,35.801],[27.178,35.801],[27.178,35.809],[27.171,35.809],[27.157,35.801],[27.157,35.794],[27.162,35.777],[27.162,35.747],[27.154,35.718],[27.128,35.693],[27.124,35.668],[27.115,35.642],[27.092,35.631],[27.086,35.626],[27.077,35.616],[27.069,35.602],[27.068,35.589]]],[[[27.078,37.057],[27.083,37.056],[27.088,37.054],[27.096,37.053],[27.101,37.053],[27.106,37.054],[27.109,37.058],[27.106,37.058],[27.102,37.061],[27.093,37.063],[27.085,37.064],[27.079,37.062],[27.078,37.057]]],[[[27.082,37.292],[27.084,37.291],[27.082,37.278],[27.093,37.272],[27.102,37.274],[27.106,37.279],[27.1,37.283],[27.098,37.285],[27.092,37.288],[27.103,37.3],[27.088,37.302],[27.082,37.292]]],[[[27.109,36.954],[27.109,36.949],[27.13,36.93],[27.133,36.925],[27.137,36.923],[27.151,36.924],[27.156,36.926],[27.159,36.926],[27.168,36.923],[27.175,36.923],[27.167,36.928],[27.162,36.937],[27.167,36.949],[27.163,36.957],[27.152,36.959],[27.144,36.954],[27.141,36.955],[27.138,36.958],[27.134,36.959],[27.116,36.958],[27.109,36.954]]],[[[27.126,36.58],[27.13,36.57],[27.14,36.563],[27.161,36.56],[27.175,36.561],[27.198,36.568],[27.206,36.587],[27.195,36.607],[27.186,36.616],[27.167,36.615],[27.137,36.6],[27.126,36.58]]],[[[27.15,37.597],[27.155,37.587],[27.169,37.565],[27.171,37.567],[27.168,37.57],[27.172,37.569],[27.176,37.563],[27.184,37.559],[27.173,37.573],[27.164,37.584],[27.159,37.589],[27.164,37.594],[27.159,37.599],[27.15,37.597]]],[[[27.294,36.436],[27.297,36.428],[27.309,36.42],[27.315,36.411],[27.322,36.411],[27.329,36.421],[27.338,36.428],[27.35,36.431],[27.363,36.425],[27.357,36.41],[27.365,36.393],[27.378,36.382],[27.39,36.383],[27.399,36.379],[27.404,36.383],[27.416,36.38],[27.428,36.385],[27.439,36.394],[27.445,36.405],[27.443,36.412],[27.442,36.415],[27.438,36.418],[27.421,36.409],[27.4,36.41],[27.387,36.421],[27.397,36.439],[27.382,36.444],[27.369,36.472],[27.356,36.48],[27.342,36.473],[27.325,36.462],[27.31,36.458],[27.301,36.473],[27.297,36.465],[27.295,36.456],[27.294,36.436]]],[[[27.424,36.992],[27.427,36.989],[27.435,36.986],[27.442,36.979],[27.446,36.97],[27.454,36.968],[27.46,36.966],[27.466,36.965],[27.474,36.959],[27.477,36.958],[27.481,36.962],[27.49,36.966],[27.491,36.973],[27.481,36.979],[27.473,36.982],[27.462,36.984],[27.452,36.987],[27.44,36.993],[27.431,36.997],[27.424,36.992]]],[[[27.517,36.231],[27.519,36.217],[27.532,36.212],[27.551,36.216],[27.569,36.215],[27.583,36.213],[27.602,36.217],[27.61,36.216],[27.614,36.22],[27.619,36.228],[27.619,36.238],[27.616,36.243],[27.566,36.245],[27.549,36.244],[27.534,36.242],[27.527,36.24],[27.517,36.231]]],[[[27.526,40.639],[27.532,40.631],[27.539,40.623],[27.536,40.602],[27.552,40.591],[27.572,40.585],[27.583,40.584],[27.605,40.577],[27.625,40.583],[27.658,40.605],[27.676,40.61],[27.714,40.615],[27.733,40.625],[27.728,40.643],[27.702,40.653],[27.673,40.656],[27.658,40.653],[27.631,40.663],[27.605,40.663],[27.579,40.656],[27.555,40.647],[27.552,40.658],[27.546,40.66],[27.539,40.657],[27.531,40.65],[27.526,40.639]]],[[[27.58,40.477],[27.582,40.466],[27.596,40.458],[27.615,40.457],[27.632,40.454],[27.646,40.448],[27.657,40.449],[27.657,40.458],[27.653,40.46],[27.645,40.46],[27.635,40.467],[27.637,40.478],[27.642,40.487],[27.64,40.494],[27.607,40.505],[27.599,40.497],[27.591,40.484],[27.58,40.477]]],[[[27.684,36.264],[27.689,36.264],[27.698,36.268],[27.702,36.266],[27.701,36.26],[27.696,36.257],[27.696,36.254],[27.7,36.248],[27.705,36.247],[27.719,36.267],[27.721,36.272],[27.721,36.277],[27.718,36.282],[27.712,36.286],[27.7,36.284],[27.694,36.28],[27.688,36.273],[27.684,36.264]]],[[[27.684,36.158],[27.691,36.149],[27.697,36.15],[27.703,36.15],[27.712,36.144],[27.714,36.14],[27.707,36.132],[27.709,36.127],[27.733,36.105],[27.747,36.096],[27.757,36.084],[27.76,36.062],[27.754,36.037],[27.725,35.967],[27.712,35.953],[27.73,35.922],[27.733,35.915],[27.739,35.913],[27.78,35.89],[27.827,35.914],[27.864,35.941],[27.892,35.972],[27.932,36.025],[27.948,36.039],[27.993,36.062],[28.017,36.069],[28.038,36.068],[28.09,36.055],[28.08,36.071],[28.076,36.076],[28.084,36.082],[28.09,36.088],[28.094,36.095],[28.096,36.104],[28.087,36.105],[28.079,36.107],[28.071,36.111],[28.062,36.117],[28.086,36.165],[28.095,36.168],[28.099,36.174],[28.101,36.181],[28.103,36.185],[28.11,36.187],[28.128,36.186],[28.131,36.185],[28.136,36.195],[28.148,36.226],[28.155,36.233],[28.163,36.238],[28.168,36.25],[28.171,36.278],[28.175,36.29],[28.197,36.312],[28.205,36.323],[28.211,36.358],[28.216,36.364],[28.236,36.373],[28.226,36.418],[28.24,36.433],[28.24,36.439],[28.231,36.45],[28.222,36.456],[28.214,36.455],[28.184,36.424],[28.118,36.428],[28.086,36.415],[28.071,36.405],[27.959,36.357],[27.9,36.34],[27.89,36.333],[27.883,36.321],[27.849,36.294],[27.842,36.285],[27.837,36.281],[27.808,36.274],[27.803,36.27],[27.794,36.254],[27.787,36.245],[27.78,36.233],[27.778,36.224],[27.778,36.217],[27.776,36.212],[27.767,36.206],[27.772,36.198],[27.763,36.192],[27.74,36.185],[27.701,36.163],[27.684,36.158]]],[[[27.76,36.576],[27.808,36.576],[27.792,36.567],[27.806,36.56],[27.849,36.548],[27.843,36.544],[27.834,36.537],[27.828,36.534],[27.828,36.528],[27.843,36.528],[27.855,36.531],[27.877,36.541],[27.875,36.546],[27.872,36.55],[27.868,36.553],[27.863,36.555],[27.868,36.557],[27.877,36.562],[27.873,36.569],[27.871,36.578],[27.87,36.59],[27.873,36.6],[27.873,36.605],[27.87,36.607],[27.863,36.603],[27.865,36.606],[27.868,36.609],[27.871,36.613],[27.877,36.617],[27.874,36.619],[27.873,36.62],[27.872,36.621],[27.87,36.624],[27.836,36.603],[27.829,36.613],[27.824,36.613],[27.815,36.61],[27.822,36.624],[27.835,36.631],[27.863,36.638],[27.861,36.647],[27.842,36.645],[27.818,36.634],[27.802,36.617],[27.802,36.624],[27.795,36.619],[27.792,36.617],[27.788,36.617],[27.787,36.606],[27.778,36.596],[27.767,36.585],[27.76,36.576]]],[[[28.123,36.599],[28.126,36.597],[28.129,36.599],[28.125,36.601],[28.123,36.599]]],[[[28.516,40.518],[28.519,40.51],[28.532,40.515],[28.542,40.552],[28.548,40.556],[28.547,40.561],[28.542,40.564],[28.536,40.565],[28.519,40.561],[28.523,40.545],[28.516,40.518]]],[[[28.909,36.667],[28.915,36.656],[28.92,36.66],[28.926,36.667],[28.929,36.67],[28.936,36.671],[28.938,36.676],[28.925,36.68],[28.92,36.679],[28.916,36.683],[28.911,36.681],[28.909,36.667]]],[[[29.105,40.839],[29.118,40.833],[29.121,40.848],[29.123,40.853],[29.125,40.856],[29.128,40.857],[29.13,40.871],[29.115,40.868],[29.112,40.866],[29.111,40.861],[29.107,40.857],[29.105,40.854],[29.105,40.847],[29.105,40.839]]],[[[29.346,36.214],[29.349,36.208],[29.357,36.213],[29.359,36.218],[29.353,36.216],[29.346,36.214]]],[[[29.444,36.213],[29.448,36.216],[29.452,36.22],[29.444,36.218],[29.444,36.213]]],[[[29.485,36.155],[29.491,36.152],[29.499,36.15],[29.5,36.152],[29.504,36.152],[29.508,36.155],[29.503,36.159],[29.494,36.161],[29.485,36.155]]],[[[29.559,36.121],[29.56,36.121],[29.575,36.124],[29.578,36.125],[29.582,36.129],[29.584,36.13],[29.586,36.134],[29.603,36.142],[29.602,36.148],[29.599,36.149],[29.593,36.152],[29.594,36.158],[29.595,36.167],[29.589,36.167],[29.58,36.162],[29.57,36.151],[29.567,36.144],[29.564,36.132],[29.56,36.127],[29.559,36.121]]],[[[29.656,36.136],[29.657,36.131],[29.661,36.132],[29.656,36.136]]],[[[29.731,45.591],[29.807,45.614],[29.908,45.666],[30,45.728],[30,45.743],[29.919,45.691],[29.902,45.68],[29.873,45.658],[29.857,45.649],[29.843,45.646],[29.828,45.645],[29.815,45.641],[29.809,45.632],[29.801,45.622],[29.781,45.611],[29.731,45.591]]],[[[29.739,36.122],[29.74,36.122],[29.747,36.125],[29.758,36.132],[29.764,36.136],[29.761,36.138],[29.751,36.139],[29.743,36.132],[29.739,36.122]]],[[[29.84,36.171],[29.843,36.167],[29.85,36.17],[29.86,36.171],[29.871,36.174],[29.878,36.175],[29.885,36.173],[29.892,36.183],[29.892,36.184],[29.898,36.185],[29.901,36.189],[29.909,36.194],[29.912,36.199],[29.893,36.191],[29.874,36.186],[29.861,36.181],[29.854,36.178],[29.846,36.173],[29.84,36.171]]]]}}]}